-- MySQL dump 10.13  Distrib 5.5.29, for osx10.6 (i386)
--
-- Host: localhost    Database: mystore_production
-- ------------------------------------------------------
-- Server version	5.5.29

/*!40101 SET @OLD_CHARACTER_SET_CLIENT=@@CHARACTER_SET_CLIENT */;
/*!40101 SET @OLD_CHARACTER_SET_RESULTS=@@CHARACTER_SET_RESULTS */;
/*!40101 SET @OLD_COLLATION_CONNECTION=@@COLLATION_CONNECTION */;
/*!40101 SET NAMES utf8 */;
/*!40103 SET @OLD_TIME_ZONE=@@TIME_ZONE */;
/*!40103 SET TIME_ZONE='+00:00' */;
/*!40014 SET @OLD_UNIQUE_CHECKS=@@UNIQUE_CHECKS, UNIQUE_CHECKS=0 */;
/*!40014 SET @OLD_FOREIGN_KEY_CHECKS=@@FOREIGN_KEY_CHECKS, FOREIGN_KEY_CHECKS=0 */;
/*!40101 SET @OLD_SQL_MODE=@@SQL_MODE, SQL_MODE='NO_AUTO_VALUE_ON_ZERO' */;
/*!40111 SET @OLD_SQL_NOTES=@@SQL_NOTES, SQL_NOTES=0 */;

--
-- Table structure for table `schema_migrations`
--

DROP TABLE IF EXISTS `schema_migrations`;
/*!40101 SET @saved_cs_client     = @@character_set_client */;
/*!40101 SET character_set_client = utf8 */;
CREATE TABLE `schema_migrations` (
  `version` varchar(255) NOT NULL,
  UNIQUE KEY `unique_schema_migrations` (`version`)
) ENGINE=InnoDB DEFAULT CHARSET=latin1;
/*!40101 SET character_set_client = @saved_cs_client */;

--
-- Dumping data for table `schema_migrations`
--

LOCK TABLES `schema_migrations` WRITE;
/*!40000 ALTER TABLE `schema_migrations` DISABLE KEYS */;
INSERT INTO `schema_migrations` VALUES ('20130515154534'),('20130515154535'),('20130515154536'),('20130515154537'),('20130515154538'),('20130515154539'),('20130515154540'),('20130515154541'),('20130515154542'),('20130515154543'),('20130515154544'),('20130515154545'),('20130515154546'),('20130515154547'),('20130515154548'),('20130515154549'),('20130515154550'),('20130515154551'),('20130515154552'),('20130515154553'),('20130515154554'),('20130515154555'),('20130515154556'),('20130515154557'),('20130515154558'),('20130515154559'),('20130515154560'),('20130515154561'),('20130515154562'),('20130515154563'),('20130515154564'),('20130515154565'),('20130516002246'),('20130516002247'),('20130516002924'),('20130516002925'),('20130516002926'),('20130516002927'),('20130516002928'),('20130516002929'),('20130516002930'),('20130516002931'),('20130516002932'),('20130516002933'),('20130516002934'),('20130516004954'),('20130516004955'),('20130516004956'),('20130516004957');
/*!40000 ALTER TABLE `schema_migrations` ENABLE KEYS */;
UNLOCK TABLES;

--
-- Table structure for table `spree_activators`
--

DROP TABLE IF EXISTS `spree_activators`;
/*!40101 SET @saved_cs_client     = @@character_set_client */;
/*!40101 SET character_set_client = utf8 */;
CREATE TABLE `spree_activators` (
  `id` int(11) NOT NULL AUTO_INCREMENT,
  `description` varchar(255) DEFAULT NULL,
  `expires_at` datetime DEFAULT NULL,
  `starts_at` datetime DEFAULT NULL,
  `name` varchar(255) DEFAULT NULL,
  `event_name` varchar(255) DEFAULT NULL,
  `type` varchar(255) DEFAULT NULL,
  `usage_limit` int(11) DEFAULT NULL,
  `match_policy` varchar(255) DEFAULT 'all',
  `code` varchar(255) DEFAULT NULL,
  `advertise` tinyint(1) DEFAULT '0',
  `path` varchar(255) DEFAULT NULL,
  `created_at` datetime NOT NULL,
  `updated_at` datetime NOT NULL,
  PRIMARY KEY (`id`)
) ENGINE=InnoDB DEFAULT CHARSET=latin1;
/*!40101 SET character_set_client = @saved_cs_client */;

--
-- Dumping data for table `spree_activators`
--

LOCK TABLES `spree_activators` WRITE;
/*!40000 ALTER TABLE `spree_activators` DISABLE KEYS */;
/*!40000 ALTER TABLE `spree_activators` ENABLE KEYS */;
UNLOCK TABLES;

--
-- Table structure for table `spree_addresses`
--

DROP TABLE IF EXISTS `spree_addresses`;
/*!40101 SET @saved_cs_client     = @@character_set_client */;
/*!40101 SET character_set_client = utf8 */;
CREATE TABLE `spree_addresses` (
  `id` int(11) NOT NULL AUTO_INCREMENT,
  `firstname` varchar(255) DEFAULT NULL,
  `lastname` varchar(255) DEFAULT NULL,
  `address1` varchar(255) DEFAULT NULL,
  `address2` varchar(255) DEFAULT NULL,
  `city` varchar(255) DEFAULT NULL,
  `zipcode` varchar(255) DEFAULT NULL,
  `phone` varchar(255) DEFAULT NULL,
  `state_name` varchar(255) DEFAULT NULL,
  `alternative_phone` varchar(255) DEFAULT NULL,
  `company` varchar(255) DEFAULT NULL,
  `state_id` int(11) DEFAULT NULL,
  `country_id` int(11) DEFAULT NULL,
  `created_at` datetime NOT NULL,
  `updated_at` datetime NOT NULL,
  PRIMARY KEY (`id`),
  KEY `index_addresses_on_firstname` (`firstname`),
  KEY `index_addresses_on_lastname` (`lastname`)
) ENGINE=InnoDB AUTO_INCREMENT=1072978397 DEFAULT CHARSET=latin1;
/*!40101 SET character_set_client = @saved_cs_client */;

--
-- Dumping data for table `spree_addresses`
--

LOCK TABLES `spree_addresses` WRITE;
/*!40000 ALTER TABLE `spree_addresses` DISABLE KEYS */;
INSERT INTO `spree_addresses` VALUES (4255125,'Elsie','Turner','3231 Prohaska Dale','Suite 453','South Jeromy','16804','803.117.5188',NULL,NULL,NULL,889445952,214,'2013-05-15 15:46:17','2013-05-15 15:46:17'),(13458289,'Chauncey','Treutel','370 Janie Land','Suite 417','West Loyce','16804','1-555-362-5546 x09195',NULL,NULL,NULL,889445952,214,'2013-05-15 15:46:17','2013-05-15 15:46:17'),(14629780,'Saul','Feeney','719 Felicita Pines','Suite 914','Madelynnfurt','16804','194.720.1742 x2978',NULL,NULL,NULL,889445952,214,'2013-05-15 15:46:17','2013-05-15 15:46:17'),(19868593,'Amara','Kuvalis','796 Henry River','Suite 529','North Shakiraburgh','16804','1-953-115-1470',NULL,NULL,NULL,889445952,214,'2013-05-15 15:46:17','2013-05-15 15:46:17'),(21308770,'Guillermo','Zieme','584 Frami Underpass','Apt. 620','Casperville','16804','846-677-7220 x4154',NULL,NULL,NULL,889445952,214,'2013-05-15 15:46:17','2013-05-15 15:46:17'),(42184090,'Monty','Bergstrom','3869 Wilkinson Track','Apt. 940','Isidrostad','16804','951.093.4406 x856',NULL,NULL,NULL,889445952,214,'2013-05-15 15:46:17','2013-05-15 15:46:17'),(42776516,'Maudie','Metz','591 Kessler Walks','Apt. 058','West Hillaryburgh','16804','(552)500-2757 x59786',NULL,NULL,NULL,889445952,214,'2013-05-15 15:46:17','2013-05-15 15:46:17'),(48866121,'Morgan','Muller','0912 Barbara Crescent','Suite 115','West Travis','16804','844-041-2623 x9929',NULL,NULL,NULL,889445952,214,'2013-05-15 15:46:17','2013-05-15 15:46:17'),(56745288,'Colin','Nikolaus','03192 Jayson Keys','Apt. 726','Lake Susanfort','16804','1-399-299-8594 x2198',NULL,NULL,NULL,889445952,214,'2013-05-15 15:46:17','2013-05-15 15:46:17'),(57916861,'Melvin','Cruickshank','706 Baby Extensions','Apt. 153','Ernserport','16804','950-777-3896',NULL,NULL,NULL,889445952,214,'2013-05-15 15:46:17','2013-05-15 15:46:17'),(65825724,'Cathrine','D\'Amore','5979 Purdy Junction','Apt. 220','North Reubenton','16804','1-088-475-2237',NULL,NULL,NULL,889445952,214,'2013-05-15 15:46:17','2013-05-15 15:46:17'),(67901793,'Deshaun','Connelly','75344 Cole Valleys','Apt. 424','New Reedhaven','16804','338-304-7528',NULL,NULL,NULL,889445952,214,'2013-05-15 15:46:17','2013-05-15 15:46:17'),(69106084,'Janice','Pfeffer','92167 Jane Inlet','Suite 070','Leuschkeshire','16804','1-460-405-4215 x5494',NULL,NULL,NULL,889445952,214,'2013-05-15 15:46:17','2013-05-15 15:46:17'),(74741621,'Mayra','Mohr','352 Susan Manor','Apt. 076','Okunevachester','16804','(796)679-3011',NULL,NULL,NULL,889445952,214,'2013-05-15 15:46:17','2013-05-15 15:46:17'),(99510657,'Keeley','Lang','2788 McCullough Crossing','Apt. 759','Beattyshire','16804','863.206.7483',NULL,NULL,NULL,889445952,214,'2013-05-15 15:46:17','2013-05-15 15:46:17'),(105050026,'Selina','Wunsch','5543 Lera Park','Apt. 762','Murazikville','16804','301-572-4718',NULL,NULL,NULL,889445952,214,'2013-05-15 15:46:17','2013-05-15 15:46:17'),(126041504,'Otilia','Medhurst','8114 Jensen Cape','Suite 755','New Dedrick','16804','1-364-300-3613',NULL,NULL,NULL,889445952,214,'2013-05-15 15:46:17','2013-05-15 15:46:17'),(127967096,'Eliane','Pouros','6712 Lesch Parks','Suite 472','Roselynborough','16804','520-252-3954 x0257',NULL,NULL,NULL,889445952,214,'2013-05-15 15:46:17','2013-05-15 15:46:17'),(129171341,'Nathanael','Haley','6989 Salvatore Fords','Apt. 862','Berniermouth','16804','1-110-758-0506 x0991',NULL,NULL,NULL,889445952,214,'2013-05-15 15:46:17','2013-05-15 15:46:17'),(131658076,'Toy','Breitenberg','471 Misty Views','Apt. 789','Stantonmouth','16804','565-449-2414',NULL,NULL,NULL,889445952,214,'2013-05-15 15:46:17','2013-05-15 15:46:17'),(144271260,'Tabitha','Nienow','491 Annabelle Ridge','Apt. 923','Lake Baby','16804','497.435.0918 x2667',NULL,NULL,NULL,889445952,214,'2013-05-15 15:46:17','2013-05-15 15:46:17'),(148965812,'Simone','Olson','201 Kailey Brook','Suite 384','Port Nikkifurt','16804','1-468-243-3649 x40761',NULL,NULL,NULL,889445952,214,'2013-05-15 15:46:17','2013-05-15 15:46:17'),(150169931,'Maybelle','Schultz','55354 Stephen Skyway','Suite 806','North Annie','16804','(411)614-9075 x8000',NULL,NULL,NULL,889445952,214,'2013-05-15 15:46:17','2013-05-15 15:46:17'),(151222638,'Aileen','Monahan','513 Keeling Glen','Apt. 726','New Moshe','16804','569-333-5936 x0094',NULL,NULL,NULL,889445952,214,'2013-05-15 15:46:17','2013-05-15 15:46:17'),(152115607,'Lucious','Ledner','0354 Keebler Unions','Suite 798','Tyrachester','16804','1-066-420-9981',NULL,NULL,NULL,889445952,214,'2013-05-15 15:46:17','2013-05-15 15:46:17'),(165986627,'Kiel','Senger','649 Joseph Extension','Suite 242','Dellchester','16804','1-279-486-5108 x7684',NULL,NULL,NULL,889445952,214,'2013-05-15 15:46:17','2013-05-15 15:46:17'),(167158202,'Greg','Cummerata','416 Doyle Centers','Apt. 057','Mertzport','16804','167-973-5431 x9384',NULL,NULL,NULL,889445952,214,'2013-05-15 15:46:17','2013-05-15 15:46:17'),(171295127,'Bret','Robel','62526 Wilkinson Lock','Apt. 675','Marielatown','16804','1-021-476-7472 x6012',NULL,NULL,NULL,889445952,214,'2013-05-15 15:46:17','2013-05-15 15:46:17'),(172509034,'Dorthy','Cassin','8402 Romaguera Estate','Apt. 384','Port Guiseppeton','16804','(164)816-3859 x339',NULL,NULL,NULL,889445952,214,'2013-05-15 15:46:17','2013-05-15 15:46:17'),(173680531,'Cleo','Schroeder','77020 Jaylon Crest','Apt. 506','North Marlene','16804','335.582.1454 x12158',NULL,NULL,NULL,889445952,214,'2013-05-15 15:46:17','2013-05-15 15:46:17'),(179306311,'Kareem','Goyette','8688 Oda Ridges','Suite 547','Mazieburgh','16804','1-596-888-1789 x1570',NULL,NULL,NULL,889445952,214,'2013-05-15 15:46:17','2013-05-15 15:46:17'),(180199358,'Jenifer','Waters','079 Citlalli Valleys','Suite 949','Andersonport','16804','649.198.9162 x82535',NULL,NULL,NULL,889445952,214,'2013-05-15 15:46:17','2013-05-15 15:46:17'),(188080563,'Jaqueline','Ziemann','5351 Brent Pike','Apt. 761','Schmitthaven','16804','416-274-4169 x10223',NULL,NULL,NULL,889445952,214,'2013-05-15 15:46:17','2013-05-15 15:46:17'),(189632411,'Vinnie','Brown','5594 Pasquale Shoals','Apt. 026','Lake Bennett','16804','026-199-4638 x6690',NULL,NULL,NULL,889445952,214,'2013-05-15 15:46:17','2013-05-15 15:46:17'),(190836580,'Franco','Corkery','84594 Schroeder Overpass','Apt. 571','Monteton','16804','(065)476-2447 x578',NULL,NULL,NULL,889445952,214,'2013-05-15 15:46:17','2013-05-15 15:46:17'),(203443076,'Nigel','O\'Kon','145 Pacocha Mission','Suite 589','Hermannport','16804','1-148-926-0510',NULL,NULL,NULL,889445952,214,'2013-05-15 15:46:17','2013-05-15 15:46:17'),(204614523,'Kale','Schinner','116 Clara Forges','Suite 729','Leschshire','16804','(592)896-4266',NULL,NULL,NULL,889445952,214,'2013-05-15 15:46:17','2013-05-15 15:46:17'),(220562291,'Desiree','Erdman','0088 Howe Curve','Apt. 897','Sarinachester','16804','1-510-108-2329',NULL,NULL,NULL,889445952,214,'2013-05-15 15:46:17','2013-05-15 15:46:17'),(221766538,'Leanna','Blanda','8098 Alfonzo Mount','Apt. 484','North Javon','16804','656-711-0264',NULL,NULL,NULL,889445952,214,'2013-05-15 15:46:17','2013-05-15 15:46:17'),(223872400,'Jailyn','Kulas','678 Clarabelle Club','Suite 579','Port Percival','16804','081-347-2292 x860',NULL,NULL,NULL,889445952,214,'2013-05-15 15:46:17','2013-05-15 15:46:17'),(229127567,'Stephen','Mohr','5286 Fabian Shoal','Apt. 095','South Lilyanburgh','16804','1-766-063-6016',NULL,NULL,NULL,889445952,214,'2013-05-15 15:46:17','2013-05-15 15:46:17'),(230832990,'Rosemarie','Yundt','83182 Koch Estate','Apt. 133','Gradyside','16804','(367)537-3318 x93663',NULL,NULL,NULL,889445952,214,'2013-05-15 15:46:17','2013-05-15 15:46:17'),(231758759,'Shaun','Erdman','8302 Lincoln Causeway','Apt. 067','East Shane','16804','561.897.7733 x635',NULL,NULL,NULL,889445952,214,'2013-05-15 15:46:17','2013-05-15 15:46:17'),(235189158,'Lon','Brekke','38463 London Trace','Apt. 527','North Linneaton','16804','065.953.6982 x437',NULL,NULL,NULL,889445952,214,'2013-05-15 15:46:17','2013-05-15 15:46:17'),(238383541,'Kaitlyn','Pouros','73614 Haven Crossroad','Apt. 921','Whiteborough','16804','1-743-217-6366 x56582',NULL,NULL,NULL,889445952,214,'2013-05-15 15:46:17','2013-05-15 15:46:17'),(242138487,'Cassie','Swift','95576 Kyra Unions','Apt. 915','North Dorashire','16804','1-779-024-5276 x6634',NULL,NULL,NULL,889445952,214,'2013-05-15 15:46:17','2013-05-15 15:46:17'),(243064206,'Scarlett','Waelchi','5238 Vanessa Cliff','Suite 764','North Ethyl','16804','214.548.2341 x552',NULL,NULL,NULL,889445952,214,'2013-05-15 15:46:17','2013-05-15 15:46:17'),(243860826,'Destiney','Casper','1940 Pansy Locks','Suite 376','Port Emileshire','16804','1-651-265-1730',NULL,NULL,NULL,889445952,214,'2013-05-15 15:46:17','2013-05-15 15:46:17'),(245065123,'Dolly','Terry','380 Jacobi Parkway','Apt. 621','Gibsonshire','16804','789.069.6481',NULL,NULL,NULL,889445952,214,'2013-05-15 15:46:17','2013-05-15 15:46:17'),(260885931,'Jaquan','Considine','95772 Verna Extensions','Suite 829','Raleighstad','16804','099-744-1389 x22523',NULL,NULL,NULL,889445952,214,'2013-05-15 15:46:17','2013-05-15 15:46:17'),(262057300,'Delbert','Berge','67580 Macejkovic Unions','Apt. 328','New Alberta','16804','772.411.7614',NULL,NULL,NULL,889445952,214,'2013-05-15 15:46:17','2013-05-15 15:46:17'),(269101270,'Rubye','Veum','415 Koelpin Creek','Suite 246','Champlinton','16804','504.999.1635 x5426',NULL,NULL,NULL,889445952,214,'2013-05-15 15:46:17','2013-05-15 15:46:17'),(270026799,'Oleta','Davis','889 Dixie Plains','Suite 113','Hermannside','16804','259.788.8656 x52475',NULL,NULL,NULL,889445952,214,'2013-05-15 15:46:17','2013-05-15 15:46:17'),(273802266,'Jacinto','Haley','522 Deanna Lights','Apt. 910','Rueckerstad','16804','1-990-949-8288',NULL,NULL,NULL,889445952,214,'2013-05-15 15:46:17','2013-05-15 15:46:17'),(284004603,'Loraine','Purdy','007 Waino Keys','Suite 809','West Karlview','16804','059.688.9963',NULL,NULL,NULL,889445952,214,'2013-05-15 15:46:17','2013-05-15 15:46:17'),(285208578,'Jabari','Koelpin','615 Murray Groves','Apt. 784','Keeganstad','16804','744.957.0190',NULL,NULL,NULL,889445952,214,'2013-05-15 15:46:17','2013-05-15 15:46:17'),(300439564,'Silas','Collier','0465 Cristina Plain','Apt. 340','New Aletha','16804','(694)228-5160 x6288',NULL,NULL,NULL,889445952,214,'2013-05-15 15:46:17','2013-05-15 15:46:17'),(301611251,'Declan','Bins','6896 Olin Spurs','Apt. 887','Quitzonview','16804','(444)361-6107 x15061',NULL,NULL,NULL,889445952,214,'2013-05-15 15:46:17','2013-05-15 15:46:17'),(306503203,'Joany','Daugherty','7841 Gustavo Coves','Apt. 030','East Marisol','16804','313-019-5573',NULL,NULL,NULL,889445952,214,'2013-05-15 15:46:17','2013-05-15 15:46:17'),(307674844,'Nikko','Prohaska','99121 Stehr Mountains','Apt. 974','Port Freeman','16804','1-397-060-6745 x81945',NULL,NULL,NULL,889445952,214,'2013-05-15 15:46:17','2013-05-15 15:46:17'),(323032786,'Nolan','Hermann','86427 Morar Viaduct','Apt. 729','Lenniefort','16804','675-970-1599',NULL,NULL,NULL,889445952,214,'2013-05-15 15:46:17','2013-05-15 15:46:17'),(324236843,'Alanna','Pfeffer','174 Dare Fall','Apt. 993','South Brycen','16804','1-970-749-8363',NULL,NULL,NULL,889445952,214,'2013-05-15 15:46:17','2013-05-15 15:46:17'),(329690879,'Anais','Friesen','52712 Schuppe Mews','Suite 827','South Alexandertown','16804','717-071-5584 x487',NULL,NULL,NULL,889445952,214,'2013-05-15 15:46:17','2013-05-15 15:46:17'),(330616326,'Else','Wisoky','7597 Hettinger Turnpike','Apt. 967','Cheyenneburgh','16804','1-355-506-6211 x069',NULL,NULL,NULL,889445952,214,'2013-05-15 15:46:17','2013-05-15 15:46:17'),(338481867,'Else','Weissnat','5251 Lonnie Fields','Apt. 496','East Jodystad','16804','1-995-965-7617 x827',NULL,NULL,NULL,889445952,214,'2013-05-15 15:46:17','2013-05-15 15:46:17'),(339653170,'Ed','Gaylord','631 Crystel Mount','Apt. 466','Stromanborough','16804','1-085-462-3027 x89313',NULL,NULL,NULL,889445952,214,'2013-05-15 15:46:17','2013-05-15 15:46:17'),(340874296,'Loyce','Flatley','875 Schaden Streets','Apt. 418','North Jeromy','16804','941.178.0498',NULL,NULL,NULL,889445952,214,'2013-05-15 15:46:17','2013-05-15 15:46:17'),(347276494,'Aron','Christiansen','220 Efrain Cove','Apt. 921','South Cheyanne','16804','1-400-543-3652 x4945',NULL,NULL,NULL,889445952,214,'2013-05-15 15:46:17','2013-05-15 15:46:17'),(348875494,'Shanelle','Tillman','4952 Schinner Ports','Suite 372','Dickinsonborough','16804','1-230-044-9863 x731',NULL,NULL,NULL,889445952,214,'2013-05-15 15:46:17','2013-05-15 15:46:17'),(349768223,'Cristian','Stanton','87566 Edison Freeway','Suite 622','West Kaden','16804','1-223-915-5089',NULL,NULL,NULL,889445952,214,'2013-05-15 15:46:17','2013-05-15 15:46:17'),(355015228,'Kyle','Keeling','09291 Barbara Bypass','Apt. 308','West Aldaview','16804','(643)068-3323 x3101',NULL,NULL,NULL,889445952,214,'2013-05-15 15:46:17','2013-05-15 15:46:17'),(356219587,'Abby','Ward','342 Valentin Lodge','Apt. 532','Beauland','16804','981.975.6920',NULL,NULL,NULL,889445952,214,'2013-05-15 15:46:17','2013-05-15 15:46:17'),(377854995,'Zachary','Hartmann','19822 Lorna Via','Suite 884','Roelton','16804','360-886-7894 x3083',NULL,NULL,NULL,889445952,214,'2013-05-15 15:46:17','2013-05-15 15:46:17'),(379059436,'Elise','Cummerata','370 Lafayette Ferry','Suite 865','North Grantberg','16804','176.797.7593 x07790',NULL,NULL,NULL,889445952,214,'2013-05-15 15:46:17','2013-05-15 15:46:17'),(387941095,'Danielle','Grady','81164 Heaven Walks','Suite 984','Westview','16804','1-318-182-0701',NULL,NULL,NULL,889445952,214,'2013-05-15 15:46:17','2013-05-15 15:46:17'),(389816337,'Meghan','Casper','865 Thompson Corner','Suite 038','Noetown','16804','1-208-199-3547 x7946',NULL,NULL,NULL,889445952,214,'2013-05-15 15:46:17','2013-05-15 15:46:17'),(392686799,'Alanna','Barton','247 Brown Meadows','Apt. 180','Lake Tina','16804','851.021.7049 x08287',NULL,NULL,NULL,889445952,214,'2013-05-15 15:46:17','2013-05-15 15:46:17'),(393579574,'Braxton','Rowe','9063 Armstrong Spring','Suite 217','Hahnview','16804','552-713-5368 x2088',NULL,NULL,NULL,889445952,214,'2013-05-15 15:46:17','2013-05-15 15:46:17'),(394286306,'Jaydon','Bechtelar','70419 Elissa Dale','Suite 049','Lake Sandyburgh','16804','473.268.5034 x7936',NULL,NULL,NULL,889445952,214,'2013-05-15 15:46:17','2013-05-15 15:46:17'),(395457563,'Nicklaus','Weimann','979 Santina Center','Apt. 231','Darebury','16804','(930)190-2573 x1394',NULL,NULL,NULL,889445952,214,'2013-05-15 15:46:17','2013-05-15 15:46:17'),(405174797,'Alf','Cummings','3903 Raymond Causeway','Suite 768','North Celialand','16804','(164)448-6534 x91786',NULL,NULL,NULL,889445952,214,'2013-05-15 15:46:17','2013-05-15 15:46:17'),(408818721,'Mackenzie','Jaskolski','53221 Beahan Keys','Suite 694','Shanieburgh','16804','991-441-2917 x484',NULL,NULL,NULL,889445952,214,'2013-05-15 15:46:17','2013-05-15 15:46:17'),(421966440,'Lucius','Hirthe','8057 Janis Courts','Suite 132','Horaciomouth','16804','1-743-337-0286 x8534',NULL,NULL,NULL,889445952,214,'2013-05-15 15:46:17','2013-05-15 15:46:17'),(425450708,'Alberta','O\'Hara','8788 Buck River','Suite 358','East Zetta','16804','286-506-6216 x1519',NULL,NULL,NULL,889445952,214,'2013-05-15 15:46:17','2013-05-15 15:46:17'),(432278229,'Maymie','Feeney','451 Verla Manor','Apt. 698','North Herman','16804','451-484-6065 x002',NULL,NULL,NULL,889445952,214,'2013-05-15 15:46:17','2013-05-15 15:46:17'),(433482288,'Sim','Quigley','82341 McGlynn Common','Suite 399','New Amanishire','16804','(660)073-6419 x210',NULL,NULL,NULL,889445952,214,'2013-05-15 15:46:17','2013-05-15 15:46:17'),(443059452,'Rhett','O\'Connell','6952 Aubrey Extension','Suite 125','South Saige','16804','(954)748-8939',NULL,NULL,NULL,889445952,214,'2013-05-15 15:46:17','2013-05-15 15:46:17'),(444263433,'Dion','Farrell','004 Gayle Unions','Suite 565','North Cristalchester','16804','1-052-071-8386',NULL,NULL,NULL,889445952,214,'2013-05-15 15:46:17','2013-05-15 15:46:17'),(452418301,'Jerald','Abernathy','08097 Herman Motorway','Apt. 038','East Sterling','16804','910.898.2719 x10198',NULL,NULL,NULL,889445952,214,'2013-05-15 15:46:17','2013-05-15 15:46:17'),(462093350,'Mazie','Glover','9669 Eloy Unions','Suite 081','South Leopoldo','16804','(873)063-8970 x08677',NULL,NULL,NULL,889445952,214,'2013-05-15 15:46:17','2013-05-15 15:46:17'),(468881930,'Sydney','McKenzie','0548 Roberts Spurs','Apt. 937','Pinkland','16804','(967)577-4618 x9146',NULL,NULL,NULL,889445952,214,'2013-05-15 15:46:17','2013-05-15 15:46:17'),(484915261,'Cecilia','Will','32228 Valentine Corners','Suite 583','Port Bryanaview','16804','588.154.3107',NULL,NULL,NULL,889445952,214,'2013-05-15 15:46:17','2013-05-15 15:46:17'),(486885605,'Rebecca','Kris','9062 Stiedemann Wall','Apt. 731','Treutelfort','16804','179-662-5902',NULL,NULL,NULL,889445952,214,'2013-05-15 15:46:17','2013-05-15 15:46:17'),(488056864,'Meda','Bogisich','447 Donald Hollow','Suite 698','North Burdette','16804','1-077-482-6476 x259',NULL,NULL,NULL,889445952,214,'2013-05-15 15:46:17','2013-05-15 15:46:17'),(493831732,'Saul','Beahan','08643 Ally Garden','Apt. 322','Murazikport','16804','115.345.7867 x26421',NULL,NULL,NULL,889445952,214,'2013-05-15 15:46:17','2013-05-15 15:46:17'),(501684253,'Lesley','Borer','86051 Lavinia Views','Apt. 419','Walterport','16804','166.597.4613 x1638',NULL,NULL,NULL,889445952,214,'2013-05-15 15:46:17','2013-05-15 15:46:17'),(514445004,'Imelda','Huel','9612 Brad Well','Apt. 876','Lake Hebermouth','16804','706.616.0816 x341',NULL,NULL,NULL,889445952,214,'2013-05-15 15:46:17','2013-05-15 15:46:17'),(515616313,'Joshuah','Vandervort','92056 Toy Radial','Suite 144','East Arely','16804','(601)077-9181',NULL,NULL,NULL,889445952,214,'2013-05-15 15:46:17','2013-05-15 15:46:17'),(516145181,'Leopoldo','Stroman','18990 Hoeger Pass','Apt. 729','Port Audramouth','16804','193.671.3008',NULL,NULL,NULL,889445952,214,'2013-05-15 15:46:17','2013-05-15 15:46:17'),(525057558,'Bernhard','Hills','7907 Zoe Creek','Apt. 107','Kulasmouth','16804','108-167-9076',NULL,NULL,NULL,889445952,214,'2013-05-15 15:46:17','2013-05-15 15:46:17'),(538489458,'Craig','Jaskolski','921 Carroll Track','Apt. 091','West Teresahaven','16804','1-441-794-8048 x47638',NULL,NULL,NULL,889445952,214,'2013-05-15 15:46:17','2013-05-15 15:46:17'),(540741786,'Zack','Rohan','2812 Kory Crossroad','Suite 615','New Hilarioshire','16804','841-279-1752',NULL,NULL,NULL,889445952,214,'2013-05-15 15:46:17','2013-05-15 15:46:17'),(543218782,'Ernestina','Walter','34072 Hahn Viaduct','Apt. 635','Port Ella','16804','1-321-396-1488 x741',NULL,NULL,NULL,889445952,214,'2013-05-15 15:46:17','2013-05-15 15:46:17'),(544390305,'Edwina','Hintz','82552 Carter Road','Apt. 001','Port Natalia','16804','(220)051-1049 x507',NULL,NULL,NULL,889445952,214,'2013-05-15 15:46:17','2013-05-15 15:46:17'),(545743993,'Elenora','Bednar','236 Hoeger Parkway','Suite 397','New Ignacio','16804','140-780-8362 x04035',NULL,NULL,NULL,889445952,214,'2013-05-15 15:46:17','2013-05-15 15:46:17'),(546636942,'Aleen','Runolfsdottir','7974 Camilla Lakes','Apt. 601','Ritchiechester','16804','(985)442-7242',NULL,NULL,NULL,889445952,214,'2013-05-15 15:46:17','2013-05-15 15:46:17'),(562211972,'Lucius','Aufderhar','12338 Eileen Inlet','Suite 498','West Maiya','16804','707.920.1298 x973',NULL,NULL,NULL,889445952,214,'2013-05-15 15:46:17','2013-05-15 15:46:17'),(563137665,'Caroline','Gutmann','251 Constance Club','Suite 830','Estrellaport','16804','433.621.9132 x938',NULL,NULL,NULL,889445952,214,'2013-05-15 15:46:17','2013-05-15 15:46:17'),(573450925,'Dakota','Hyatt','3135 Stiedemann Camp','Apt. 598','O\'Konhaven','16804','1-098-640-7927',NULL,NULL,NULL,889445952,214,'2013-05-15 15:46:17','2013-05-15 15:46:17'),(574376536,'Rocio','Funk','75728 Kris Fields','Apt. 714','Pietrohaven','16804','(458)476-2352 x6367',NULL,NULL,NULL,889445952,214,'2013-05-15 15:46:17','2013-05-15 15:46:17'),(590078562,'Selmer','Ferry','3442 Gianni Plaza','Apt. 755','Stoltenberghaven','16804','340.698.3428 x000',NULL,NULL,NULL,889445952,214,'2013-05-15 15:46:17','2013-05-15 15:46:17'),(590971557,'Yasmin','Becker','743 Murazik Center','Apt. 072','Alyssonfort','16804','166-007-7492 x44384',NULL,NULL,NULL,889445952,214,'2013-05-15 15:46:17','2013-05-15 15:46:17'),(592864417,'Aliza','Muller','876 Shanna Key','Suite 662','North Lori','16804','1-801-097-2790',NULL,NULL,NULL,889445952,214,'2013-05-15 15:46:17','2013-05-15 15:46:17'),(599012441,'Graham','Hessel','99238 Charles Cliffs','Apt. 982','Reynoldsmouth','16804','1-565-898-5162 x539',NULL,NULL,NULL,889445952,214,'2013-05-15 15:46:17','2013-05-15 15:46:17'),(600595061,'Darwin','Breitenberg','646 Turner Spurs','Apt. 771','Marjoriehaven','16804','702.930.5417',NULL,NULL,NULL,889445952,214,'2013-05-15 15:46:17','2013-05-15 15:46:17'),(601766538,'Norval','Muller','294 Lorine Keys','Apt. 049','West Pierceside','16804','304.409.6575 x40377',NULL,NULL,NULL,889445952,214,'2013-05-15 15:46:17','2013-05-15 15:46:17'),(607887544,'Ashlynn','Crona','17589 Price Unions','Apt. 529','Cletashire','16804','187.066.4050',NULL,NULL,NULL,889445952,214,'2013-05-15 15:46:17','2013-05-15 15:46:17'),(608577097,'Malika','Greenfelder','4361 Romaguera Lodge','Suite 028','East Arielchester','16804','1-962-761-5843 x950',NULL,NULL,NULL,889445952,214,'2013-05-15 15:46:17','2013-05-15 15:46:17'),(609502910,'Maria','Kuvalis','73984 Lillie Wells','Apt. 937','North Madalinestad','16804','1-849-851-7025 x04079',NULL,NULL,NULL,889445952,214,'2013-05-15 15:46:17','2013-05-15 15:46:17'),(614571630,'Jameson','Dare','4787 O\'Conner Hollow','Apt. 281','Kileyport','16804','504-280-3057 x439',NULL,NULL,NULL,889445952,214,'2013-05-15 15:46:17','2013-05-15 15:46:17'),(615775889,'Katelin','O\'Hara','399 Jasper Underpass','Apt. 058','Odessashire','16804','1-306-638-1508',NULL,NULL,NULL,889445952,214,'2013-05-15 15:46:17','2013-05-15 15:46:17'),(625209012,'Geovanni','Altenwerth','291 Gibson Squares','Apt. 890','New Marianneshire','16804','(277)443-2326',NULL,NULL,NULL,889445952,214,'2013-05-15 15:46:17','2013-05-15 15:46:17'),(626101841,'Shad','Herman','3462 Fritz Estate','Suite 364','Oceaneside','16804','812-654-1581 x5070',NULL,NULL,NULL,889445952,214,'2013-05-15 15:46:17','2013-05-15 15:46:17'),(653224093,'Ansley','Sawayn','828 Brando Parkway','Suite 677','Hermistonport','16804','(053)358-1912 x59174',NULL,NULL,NULL,889445952,214,'2013-05-15 15:46:17','2013-05-15 15:46:17'),(654116968,'Modesto','Veum','45719 Morar Burgs','Apt. 525','Delilahfort','16804','393.974.8419',NULL,NULL,NULL,889445952,214,'2013-05-15 15:46:17','2013-05-15 15:46:17'),(655169605,'Moses','Crist','01836 Tremaine Villages','Suite 643','Stiedemannhaven','16804','766.337.0169 x7348',NULL,NULL,NULL,889445952,214,'2013-05-15 15:46:17','2013-05-15 15:46:17'),(656373946,'Billie','Ledner','632 Nolan Keys','Suite 594','Rosaleetown','16804','558.569.9621 x064',NULL,NULL,NULL,889445952,214,'2013-05-15 15:46:17','2013-05-15 15:46:17'),(660001923,'Kavon','Runolfsson','9509 Ole Plains','Apt. 672','South Christian','16804','1-537-206-6912 x19818',NULL,NULL,NULL,889445952,214,'2013-05-15 15:46:17','2013-05-15 15:46:17'),(669687922,'Humberto','Auer','182 Savanna Canyon','Apt. 927','Adambury','16804','598.697.6844',NULL,NULL,NULL,889445952,214,'2013-05-15 15:46:17','2013-05-15 15:46:17'),(670613653,'Nola','Kozey','211 Addison Isle','Suite 410','East Chanelleshire','16804','645.698.6517 x01710',NULL,NULL,NULL,889445952,214,'2013-05-15 15:46:17','2013-05-15 15:46:17'),(676105863,'Nyasia','Hansen','98013 Diamond Burg','Apt. 951','North Jeff','16804','(152)890-9604',NULL,NULL,NULL,889445952,214,'2013-05-15 15:46:17','2013-05-15 15:46:17'),(699334235,'Lenore','Hansen','62709 Purdy Village','Suite 382','Hellenside','16804','205.603.4300 x920',NULL,NULL,NULL,889445952,214,'2013-05-15 15:46:17','2013-05-15 15:46:17'),(700227236,'Jolie','Rolfson','781 Erdman Route','Suite 722','Braunview','16804','539-595-0129 x8093',NULL,NULL,NULL,889445952,214,'2013-05-15 15:46:17','2013-05-15 15:46:17'),(700772492,'Jerald','Jacobson','47053 Favian Extension','Apt. 675','South Carolport','16804','909.923.5092 x846',NULL,NULL,NULL,889445952,214,'2013-05-15 15:46:17','2013-05-15 15:46:17'),(704804980,'Yolanda','Runte','173 Price Avenue','Apt. 673','Willaville','16804','148.793.1586',NULL,NULL,NULL,889445952,214,'2013-05-15 15:46:17','2013-05-15 15:46:17'),(705697931,'Karson','Kiehn','835 Schmeler Center','Suite 259','Connellyhaven','16804','039-235-3200 x3374',NULL,NULL,NULL,889445952,214,'2013-05-15 15:46:17','2013-05-15 15:46:17'),(711489187,'Kara','Stamm','97897 Myriam Brook','Suite 440','Wilburnside','16804','(968)494-5168 x096',NULL,NULL,NULL,889445952,214,'2013-05-15 15:46:17','2013-05-15 15:46:17'),(719333514,'Colleen','Corkery','52952 Larry Fork','Suite 135','Micaelashire','16804','704-291-9820 x837',NULL,NULL,NULL,889445952,214,'2013-05-15 15:46:17','2013-05-15 15:46:17'),(736102574,'Dell','Lindgren','508 Dooley Garden','Suite 494','Lednerview','16804','1-350-737-5280',NULL,NULL,NULL,889445952,214,'2013-05-15 15:46:17','2013-05-15 15:46:17'),(747490487,'Dino','Wolf','64186 Kassulke Mount','Suite 042','Angelinaborough','16804','1-792-986-7885',NULL,NULL,NULL,889445952,214,'2013-05-15 15:46:17','2013-05-15 15:46:17'),(754295455,'Caroline','Gibson','76902 Gerlach Junctions','Apt. 813','Beerburgh','16804','453-967-3197',NULL,NULL,NULL,889445952,214,'2013-05-15 15:46:17','2013-05-15 15:46:17'),(762297451,'Josie','Kutch','858 Toy Oval','Suite 397','Fredmouth','16804','419.318.8288',NULL,NULL,NULL,889445952,214,'2013-05-15 15:46:17','2013-05-15 15:46:17'),(763223188,'Mariam','Schulist','900 Quincy Fords','Apt. 559','Grantchester','16804','1-980-341-8692 x61559',NULL,NULL,NULL,889445952,214,'2013-05-15 15:46:17','2013-05-15 15:46:17'),(770730608,'Marianne','Jast','1312 Cummings Mill','Suite 231','Halvorsonfurt','16804','1-950-608-7513',NULL,NULL,NULL,889445952,214,'2013-05-15 15:46:17','2013-05-15 15:46:17'),(777841735,'Caterina','Conroy','36789 Gusikowski Manor','Suite 822','Shanahanberg','16804','876-075-4605',NULL,NULL,NULL,889445952,214,'2013-05-15 15:46:17','2013-05-15 15:46:17'),(784546372,'Linnea','Will','0573 Simonis Branch','Suite 575','New Celestinoshire','16804','1-444-422-1638',NULL,NULL,NULL,889445952,214,'2013-05-15 15:46:17','2013-05-15 15:46:17'),(785472187,'Darrick','Daniel','99835 Runolfsdottir Cliff','Apt. 536','South Eusebiomouth','16804','(700)939-7513 x87804',NULL,NULL,NULL,889445952,214,'2013-05-15 15:46:17','2013-05-15 15:46:17'),(790710942,'Jarvis','Jerde','7893 Kyler Hills','Apt. 877','East Pansyland','16804','050-512-0298',NULL,NULL,NULL,889445952,214,'2013-05-15 15:46:17','2013-05-15 15:46:17'),(794371254,'Bradford','Schaefer','2350 Marks Parks','Suite 618','Lake Austynberg','16804','(138)925-9263 x374',NULL,NULL,NULL,889445952,214,'2013-05-15 15:46:17','2013-05-15 15:46:17'),(813960457,'Lee','Larson','774 Stiedemann Harbor','Suite 362','Ankundinghaven','16804','(718)224-3049',NULL,NULL,NULL,889445952,214,'2013-05-15 15:46:17','2013-05-15 15:46:17'),(816295907,'Isabel','Wintheiser','4180 Major Hollow','Apt. 549','North Vincenzoshire','16804','(590)404-2609 x233',NULL,NULL,NULL,889445952,214,'2013-05-15 15:46:17','2013-05-15 15:46:17'),(817221404,'Trevion','Kuhn','9716 Tyshawn Drive','Suite 424','Gorczanyshire','16804','1-595-459-3521 x739',NULL,NULL,NULL,889445952,214,'2013-05-15 15:46:17','2013-05-15 15:46:17'),(819970507,'Marian','Tromp','93170 Ondricka Mount','Suite 288','Josiahchester','16804','1-403-458-9528',NULL,NULL,NULL,889445952,214,'2013-05-15 15:46:17','2013-05-15 15:46:17'),(826662719,'Dedrick','Hermiston','2535 Hand Hill','Suite 190','West Ivorybury','16804','1-256-762-7437',NULL,NULL,NULL,889445952,214,'2013-05-15 15:46:17','2013-05-15 15:46:17'),(854153494,'Bridie','Miller','861 Prosacco Row','Apt. 919','Lake Alizestad','16804','(284)109-7507',NULL,NULL,NULL,889445952,214,'2013-05-15 15:46:17','2013-05-15 15:46:17'),(856369612,'Danielle','Smitham','7882 Predovic Forge','Suite 194','Prohaskatown','16804','816-407-3971 x96905',NULL,NULL,NULL,889445952,214,'2013-05-15 15:46:17','2013-05-15 15:46:17'),(857295155,'Lucious','Orn','22692 Haley Haven','Apt. 779','Alisafort','16804','635-064-1725 x4438',NULL,NULL,NULL,889445952,214,'2013-05-15 15:46:17','2013-05-15 15:46:17'),(863193060,'Nikko','Reichel','6320 Schmeler Mill','Apt. 264','South Estellbury','16804','1-744-893-4789 x74116',NULL,NULL,NULL,889445952,214,'2013-05-15 15:46:17','2013-05-15 15:46:17'),(879160787,'Hilario','Oberbrunner','860 Harrison Loaf','Apt. 517','Lake Jamal','16804','569-869-1946 x492',NULL,NULL,NULL,889445952,214,'2013-05-15 15:46:17','2013-05-15 15:46:17'),(880053548,'Jayson','Cormier','88223 Meaghan Prairie','Suite 651','North Odell','16804','(293)413-1008 x0099',NULL,NULL,NULL,889445952,214,'2013-05-15 15:46:17','2013-05-15 15:46:17'),(887839535,'Kenyon','Becker','83488 Rath Groves','Suite 145','Gutkowskitown','16804','021-883-8414 x3403',NULL,NULL,NULL,889445952,214,'2013-05-15 15:46:17','2013-05-15 15:46:17'),(897883407,'Danny','Ernser','92409 Ashleigh Club','Suite 177','Lake Mable','16804','1-196-306-5900 x775',NULL,NULL,NULL,889445952,214,'2013-05-15 15:46:17','2013-05-15 15:46:17'),(904827870,'Ericka','Considine','28209 Pacocha Villages','Suite 186','Hassanport','16804','588-020-2128 x90017',NULL,NULL,NULL,889445952,214,'2013-05-15 15:46:17','2013-05-15 15:46:17'),(908598054,'Fernando','Farrell','00759 Tito Rapids','Apt. 227','East Edmundfort','16804','1-004-765-7957',NULL,NULL,NULL,889445952,214,'2013-05-15 15:46:17','2013-05-15 15:46:17'),(910300663,'Cecile','Flatley','8085 Jermain Crossing','Suite 928','Port Polly','16804','(478)576-2989 x8573',NULL,NULL,NULL,889445952,214,'2013-05-15 15:46:17','2013-05-15 15:46:17'),(927456520,'Raoul','Metz','9869 Susanna Street','Apt. 793','Kareembury','16804','1-714-370-2133',NULL,NULL,NULL,889445952,214,'2013-05-15 15:46:17','2013-05-15 15:46:17'),(936012796,'Alfonzo','Feil','4440 Darby Canyon','Apt. 658','North Olinchester','16804','009.348.6415 x5896',NULL,NULL,NULL,889445952,214,'2013-05-15 15:46:17','2013-05-15 15:46:17'),(936905475,'Concepcion','Barrows','099 Shaun Crescent','Apt. 167','East Rylan','16804','1-975-795-0202 x0492',NULL,NULL,NULL,889445952,214,'2013-05-15 15:46:17','2013-05-15 15:46:17'),(948698432,'Elizabeth','Ortiz','268 Angeline Circles','Suite 668','North Sister','16804','180.020.8743 x025',NULL,NULL,NULL,889445952,214,'2013-05-15 15:46:17','2013-05-15 15:46:17'),(949591493,'Dejon','Okuneva','44448 Andreane Brooks','Suite 695','Deronchester','16804','500.913.6130',NULL,NULL,NULL,889445952,214,'2013-05-15 15:46:17','2013-05-15 15:46:17'),(956531505,'Hope','Miller','740 Jairo Branch','Suite 549','Margarettaberg','16804','(747)487-4008 x508',NULL,NULL,NULL,889445952,214,'2013-05-15 15:46:17','2013-05-15 15:46:17'),(959594786,'Simone','Will','155 Blanda Camp','Suite 526','North Alisha','16804','1-601-636-4206 x6664',NULL,NULL,NULL,889445952,214,'2013-05-15 15:46:17','2013-05-15 15:46:17'),(963218914,'Eloy','Emard','78879 Morgan Avenue','Suite 044','Perryberg','16804','(884)557-1339',NULL,NULL,NULL,889445952,214,'2013-05-15 15:46:17','2013-05-15 15:46:17'),(964422941,'Audreanne','Grady','7319 Cassin Manor','Suite 871','Pearlineburgh','16804','739-943-2138',NULL,NULL,NULL,889445952,214,'2013-05-15 15:46:17','2013-05-15 15:46:17'),(965621197,'Henri','McKenzie','7559 Mose Circle','Apt. 079','Lake Christophe','16804','144-847-9248 x428',NULL,NULL,NULL,889445952,214,'2013-05-15 15:46:17','2013-05-15 15:46:17'),(966546746,'Sheila','Haag','02732 Tobin Underpass','Suite 862','East Mariana','16804','972.162.7770 x2147',NULL,NULL,NULL,889445952,214,'2013-05-15 15:46:17','2013-05-15 15:46:17'),(975352806,'Annetta','Jones','05760 Leonel Tunnel','Apt. 646','Franeckiland','16804','969.014.5176',NULL,NULL,NULL,889445952,214,'2013-05-15 15:46:17','2013-05-15 15:46:17'),(976278305,'Kayden','Leannon','144 Dickinson Keys','Apt. 996','North Nina','16804','262.308.8945 x4385',NULL,NULL,NULL,889445952,214,'2013-05-15 15:46:17','2013-05-15 15:46:17'),(979318045,'Elmo','Turner','905 Hintz Ferry','Apt. 656','McDermottchester','16804','674.400.3100 x993',NULL,NULL,NULL,889445952,214,'2013-05-15 15:46:17','2013-05-15 15:46:17'),(984548634,'Norma','Schulist','582 Jordy Shoal','Suite 061','Port Dejahtown','16804','414.988.8242 x151',NULL,NULL,NULL,889445952,214,'2013-05-15 15:46:17','2013-05-15 15:46:17'),(985992137,'Marquis','Barrows','05112 Esmeralda Canyon','Suite 344','Delaneychester','16804','(595)392-9512 x081',NULL,NULL,NULL,889445952,214,'2013-05-15 15:46:17','2013-05-15 15:46:17'),(987196214,'Oswald','Kuhlman','2488 Sylvan Hill','Suite 267','Annabelberg','16804','804-384-6828 x4196',NULL,NULL,NULL,889445952,214,'2013-05-15 15:46:17','2013-05-15 15:46:17'),(992443161,'Jeff','Boyle','59948 Adela Grove','Suite 366','New Patricia','16804','416-298-3937 x97488',NULL,NULL,NULL,889445952,214,'2013-05-15 15:46:17','2013-05-15 15:46:17'),(993336300,'Jonatan','Carroll','55222 Jedediah Road','Apt. 934','Vellaborough','16804','(775)592-7568 x24755',NULL,NULL,NULL,889445952,214,'2013-05-15 15:46:17','2013-05-15 15:46:17'),(1009963300,'Hardy','Jones','4900 Ivory Key','Apt. 120','Osvaldofort','16804','733.260.5346',NULL,NULL,NULL,889445952,214,'2013-05-15 15:46:17','2013-05-15 15:46:17'),(1011531536,'Sophie','Windler','4231 Brain Estate','Apt. 875','Fayborough','16804','594.853.8271',NULL,NULL,NULL,889445952,214,'2013-05-15 15:46:17','2013-05-15 15:46:17'),(1012457461,'Jacinto','Trantow','547 Delaney Light','Suite 107','Port Kaylin','16804','(611)100-0652',NULL,NULL,NULL,889445952,214,'2013-05-15 15:46:17','2013-05-15 15:46:17'),(1026748676,'Meghan','Nicolas','3793 Dayna Gateway','Apt. 798','Lake Herthamouth','16804','620-813-4557',NULL,NULL,NULL,889445952,214,'2013-05-15 15:46:17','2013-05-15 15:46:17'),(1028618237,'Estel','Zemlak','8256 Clemmie Valley','Suite 548','East Carole','16804','842-086-3521',NULL,NULL,NULL,889445952,214,'2013-05-15 15:46:17','2013-05-15 15:46:17'),(1029510922,'Daphney','Kihn','850 Upton Flat','Suite 978','McClureburgh','16804','1-833-933-5393 x745',NULL,NULL,NULL,889445952,214,'2013-05-15 15:46:17','2013-05-15 15:46:17'),(1034473426,'Marcelina','Hermann','873 Lucienne Courts','Suite 738','Friesenside','16804','377.390.0356 x60422',NULL,NULL,NULL,889445952,214,'2013-05-15 15:46:17','2013-05-15 15:46:17'),(1035644717,'Laurel','Kreiger','4721 Weimann Drive','Apt. 222','Sandrinestad','16804','062.498.5955',NULL,NULL,NULL,889445952,214,'2013-05-15 15:46:17','2013-05-15 15:46:17'),(1040468473,'Wava','Metz','2051 Ronaldo Passage','Suite 384','East Diana','16804','758-978-2487 x091',NULL,NULL,NULL,889445952,214,'2013-05-15 15:46:17','2013-05-15 15:46:17'),(1041639686,'Trudie','Ryan','55043 Wintheiser Hills','Suite 567','Litzyside','16804','1-102-261-3756',NULL,NULL,NULL,889445952,214,'2013-05-15 15:46:17','2013-05-15 15:46:17'),(1046447419,'Audie','Osinski','02889 Okuneva Spring','Suite 573','Brandynfort','16804','433.603.2397 x18639',NULL,NULL,NULL,889445952,214,'2013-05-15 15:46:17','2013-05-15 15:46:17'),(1055125974,'Curt','Ratke','5205 Altenwerth Rue','Apt. 653','South Destiniside','16804','225-369-5265',NULL,NULL,NULL,889445952,214,'2013-05-15 15:46:17','2013-05-15 15:46:17'),(1056018737,'Cordia','Botsford','9652 Burnice Coves','Suite 512','East Jaylan','16804','710-529-8109 x037',NULL,NULL,NULL,889445952,214,'2013-05-15 15:46:17','2013-05-15 15:46:17'),(1067341581,'Khalid','Schneider','577 Brakus Station','Suite 411','North Amina','16804','1-920-252-8695 x53435',NULL,NULL,NULL,889445952,214,'2013-05-15 15:46:17','2013-05-15 15:46:17'),(1072052521,'Triston','Stark','782 Jovan Flat','Apt. 834','Kautzerton','16804','1-213-328-2153',NULL,NULL,NULL,889445952,214,'2013-05-15 15:46:17','2013-05-15 15:46:17'),(1072978396,'Junior','Hudson','4534 Metz Parks','Suite 353','North Monroe','16804','(464)700-9610 x3423',NULL,NULL,NULL,889445952,214,'2013-05-15 15:46:17','2013-05-15 15:46:17');
/*!40000 ALTER TABLE `spree_addresses` ENABLE KEYS */;
UNLOCK TABLES;

--
-- Table structure for table `spree_adjustments`
--

DROP TABLE IF EXISTS `spree_adjustments`;
/*!40101 SET @saved_cs_client     = @@character_set_client */;
/*!40101 SET character_set_client = utf8 */;
CREATE TABLE `spree_adjustments` (
  `id` int(11) NOT NULL AUTO_INCREMENT,
  `source_id` int(11) DEFAULT NULL,
  `source_type` varchar(255) DEFAULT NULL,
  `adjustable_id` int(11) DEFAULT NULL,
  `adjustable_type` varchar(255) DEFAULT NULL,
  `originator_id` int(11) DEFAULT NULL,
  `originator_type` varchar(255) DEFAULT NULL,
  `amount` decimal(8,2) DEFAULT NULL,
  `label` varchar(255) DEFAULT NULL,
  `mandatory` tinyint(1) DEFAULT NULL,
  `locked` tinyint(1) DEFAULT NULL,
  `eligible` tinyint(1) DEFAULT '1',
  `created_at` datetime NOT NULL,
  `updated_at` datetime NOT NULL,
  PRIMARY KEY (`id`),
  KEY `index_adjustments_on_order_id` (`adjustable_id`)
) ENGINE=InnoDB AUTO_INCREMENT=1073043775 DEFAULT CHARSET=latin1;
/*!40101 SET character_set_client = @saved_cs_client */;

--
-- Dumping data for table `spree_adjustments`
--

LOCK TABLES `spree_adjustments` WRITE;
/*!40000 ALTER TABLE `spree_adjustments` DISABLE KEYS */;
INSERT INTO `spree_adjustments` VALUES (684130,968652773,'Spree::Shipment',0,'Spree::Order',909221584,'Spree::ShippingMethod',5.00,'Shipping',1,1,1,'2013-05-15 15:46:18','2013-05-15 15:46:18'),(1577115,967710488,'Spree::Shipment',0,'Spree::Order',909221584,'Spree::ShippingMethod',5.00,'Shipping',1,1,1,'2013-05-15 15:46:18','2013-05-15 15:46:18'),(1690302,539762571,'Spree::Order',539762571,'Spree::Order',967941380,'Spree::TaxRate',3.20,'Tax',1,0,1,'2013-05-15 15:46:18','2013-05-15 15:46:18'),(9236917,1069267029,'Spree::Order',1069267029,'Spree::Order',967941380,'Spree::TaxRate',0.80,'Tax',1,0,1,'2013-05-15 15:46:18','2013-05-15 15:46:18'),(10391880,1068095656,'Spree::Order',1068095656,'Spree::Order',967941380,'Spree::TaxRate',0.80,'Tax',1,0,1,'2013-05-15 15:46:18','2013-05-15 15:46:18'),(25300591,942934510,'Spree::Shipment',0,'Spree::Order',909221584,'Spree::ShippingMethod',5.00,'Shipping',1,1,1,'2013-05-15 15:46:18','2013-05-15 15:46:18'),(39249520,1004593649,'Spree::Shipment',0,'Spree::Order',909221584,'Spree::ShippingMethod',5.00,'Shipping',1,1,1,'2013-05-15 15:46:18','2013-05-15 15:46:18'),(41408013,312761982,'Spree::Shipment',0,'Spree::Order',909221584,'Spree::ShippingMethod',5.00,'Shipping',1,1,1,'2013-05-15 15:46:18','2013-05-15 15:46:18'),(46270278,1039486630,'Spree::Order',1039486630,'Spree::Order',967941380,'Spree::TaxRate',5.20,'Tax',1,0,1,'2013-05-15 15:46:18','2013-05-15 15:46:18'),(53166263,983385912,'Spree::Shipment',0,'Spree::Order',909221584,'Spree::ShippingMethod',5.00,'Shipping',1,1,1,'2013-05-15 15:46:18','2013-05-15 15:46:18'),(55212365,1014837421,'Spree::Order',1014837421,'Spree::Order',967941380,'Spree::TaxRate',0.80,'Tax',1,0,1,'2013-05-15 15:46:18','2013-05-15 15:46:18'),(78863482,1023761401,'Spree::Shipment',0,'Spree::Order',909221584,'Spree::ShippingMethod',5.00,'Shipping',1,1,1,'2013-05-15 15:46:18','2013-05-15 15:46:18'),(80897412,1004874852,'Spree::Order',1004874852,'Spree::Order',967941380,'Spree::TaxRate',3.20,'Tax',1,0,1,'2013-05-15 15:46:18','2013-05-15 15:46:18'),(85594644,365533797,'Spree::Shipment',0,'Spree::Order',909221584,'Spree::ShippingMethod',5.00,'Shipping',1,1,1,'2013-05-15 15:46:18','2013-05-15 15:46:18'),(87761527,1015883258,'Spree::Shipment',0,'Spree::Order',909221584,'Spree::ShippingMethod',5.00,'Shipping',1,1,1,'2013-05-15 15:46:18','2013-05-15 15:46:18'),(95404893,983075517,'Spree::Order',983075517,'Spree::Order',967941380,'Spree::TaxRate',4.20,'Tax',1,0,1,'2013-05-15 15:46:18','2013-05-15 15:46:18'),(103408025,73849921,'Spree::Order',73849921,'Spree::Order',967941380,'Spree::TaxRate',2.75,'Tax',1,0,1,'2013-05-15 15:46:18','2013-05-15 15:46:18'),(108735330,961307330,'Spree::Order',961307330,'Spree::Order',967941380,'Spree::TaxRate',3.20,'Tax',1,0,1,'2013-05-15 15:46:18','2013-05-15 15:46:18'),(124236923,1053930492,'Spree::Shipment',0,'Spree::Order',909221584,'Spree::ShippingMethod',5.00,'Shipping',1,1,1,'2013-05-15 15:46:18','2013-05-15 15:46:18'),(125162626,1053020929,'Spree::Shipment',0,'Spree::Order',909221584,'Spree::ShippingMethod',5.00,'Shipping',1,1,1,'2013-05-15 15:46:18','2013-05-15 15:46:18'),(132199852,953580620,'Spree::Order',953580620,'Spree::Order',967941380,'Spree::TaxRate',4.20,'Tax',1,0,1,'2013-05-15 15:46:18','2013-05-15 15:46:18'),(133387601,952376497,'Spree::Order',952376497,'Spree::Order',967941380,'Spree::TaxRate',0.80,'Tax',1,0,1,'2013-05-15 15:46:18','2013-05-15 15:46:18'),(136716989,831530304,'Spree::Shipment',0,'Spree::Order',909221584,'Spree::ShippingMethod',5.00,'Shipping',1,1,1,'2013-05-15 15:46:18','2013-05-15 15:46:18'),(137642570,830621127,'Spree::Shipment',0,'Spree::Order',909221584,'Spree::ShippingMethod',5.00,'Shipping',1,1,1,'2013-05-15 15:46:18','2013-05-15 15:46:18'),(144745328,932702864,'Spree::Order',932702864,'Spree::Order',967941380,'Spree::TaxRate',3.20,'Tax',1,0,1,'2013-05-15 15:46:18','2013-05-15 15:46:18'),(145933207,931498615,'Spree::Order',931498615,'Spree::Order',967941380,'Spree::TaxRate',1.60,'Tax',1,0,1,'2013-05-15 15:46:18','2013-05-15 15:46:18'),(154844570,906884218,'Spree::Order',906884218,'Spree::Order',967941380,'Spree::TaxRate',1.60,'Tax',1,0,1,'2013-05-15 15:46:18','2013-05-15 15:46:18'),(168422838,893297750,'Spree::Order',893297750,'Spree::Order',967941380,'Spree::TaxRate',2.40,'Tax',1,0,1,'2013-05-15 15:46:18','2013-05-15 15:46:18'),(169577807,892126383,'Spree::Order',892126383,'Spree::Order',967941380,'Spree::TaxRate',2.40,'Tax',1,0,1,'2013-05-15 15:46:18','2013-05-15 15:46:18'),(174642252,870241227,'Spree::Shipment',0,'Spree::Order',909221584,'Spree::ShippingMethod',5.00,'Shipping',1,1,1,'2013-05-15 15:46:18','2013-05-15 15:46:18'),(175813809,869053234,'Spree::Shipment',0,'Spree::Order',909221584,'Spree::ShippingMethod',5.00,'Shipping',1,1,1,'2013-05-15 15:46:18','2013-05-15 15:46:18'),(177171561,859401190,'Spree::Shipment',0,'Spree::Order',909221584,'Spree::ShippingMethod',5.00,'Shipping',1,1,1,'2013-05-15 15:46:18','2013-05-15 15:46:18'),(178064540,858458911,'Spree::Shipment',0,'Spree::Order',909221584,'Spree::ShippingMethod',5.00,'Shipping',1,1,1,'2013-05-15 15:46:18','2013-05-15 15:46:18'),(183391643,903421051,'Spree::Order',903421051,'Spree::Order',967941380,'Spree::TaxRate',1.60,'Tax',1,0,1,'2013-05-15 15:46:18','2013-05-15 15:46:18'),(184300898,902528130,'Spree::Order',902528130,'Spree::Order',967941380,'Spree::TaxRate',3.20,'Tax',1,0,1,'2013-05-15 15:46:18','2013-05-15 15:46:18'),(218435669,884152274,'Spree::Shipment',0,'Spree::Order',909221584,'Spree::ShippingMethod',5.00,'Shipping',1,1,1,'2013-05-15 15:46:18','2013-05-15 15:46:18'),(219639976,882997035,'Spree::Shipment',0,'Spree::Order',909221584,'Spree::ShippingMethod',5.00,'Shipping',1,1,1,'2013-05-15 15:46:18','2013-05-15 15:46:18'),(224668079,844324943,'Spree::Order',844324943,'Spree::Order',967941380,'Spree::TaxRate',2.40,'Tax',1,0,1,'2013-05-15 15:46:18','2013-05-15 15:46:18'),(225855830,843120822,'Spree::Order',843120822,'Spree::Order',967941380,'Spree::TaxRate',3.20,'Tax',1,0,1,'2013-05-15 15:46:18','2013-05-15 15:46:18'),(226726274,850712674,'Spree::Order',850712674,'Spree::Order',967941380,'Spree::TaxRate',2.40,'Tax',1,0,1,'2013-05-15 15:46:18','2013-05-15 15:46:18'),(227668347,849787035,'Spree::Order',849787035,'Spree::Order',967941380,'Spree::TaxRate',2.40,'Tax',1,0,1,'2013-05-15 15:46:18','2013-05-15 15:46:18'),(232958080,877965311,'Spree::Shipment',0,'Spree::Order',909221584,'Spree::ShippingMethod',5.00,'Shipping',1,1,1,'2013-05-15 15:46:18','2013-05-15 15:46:18'),(233883781,877055750,'Spree::Shipment',0,'Spree::Order',909221584,'Spree::ShippingMethod',5.00,'Shipping',1,1,1,'2013-05-15 15:46:18','2013-05-15 15:46:18'),(247699629,930455338,'Spree::Shipment',0,'Spree::Order',909221584,'Spree::ShippingMethod',5.00,'Shipping',1,1,1,'2013-05-15 15:46:18','2013-05-15 15:46:18'),(256632486,922607911,'Spree::Shipment',0,'Spree::Order',909221584,'Spree::ShippingMethod',5.00,'Shipping',1,1,1,'2013-05-15 15:46:18','2013-05-15 15:46:18'),(257525345,921666016,'Spree::Shipment',0,'Spree::Order',909221584,'Spree::ShippingMethod',5.00,'Shipping',1,1,1,'2013-05-15 15:46:18','2013-05-15 15:46:18'),(262122930,231772182,'Spree::Order',231772182,'Spree::Order',967941380,'Spree::TaxRate',2.75,'Tax',1,0,1,'2013-05-15 15:46:18','2013-05-15 15:46:18'),(265119607,821702295,'Spree::Order',821702295,'Spree::Order',967941380,'Spree::TaxRate',2.40,'Tax',1,0,1,'2013-05-15 15:46:18','2013-05-15 15:46:18'),(266274704,820530800,'Spree::Order',820530800,'Spree::Order',967941380,'Spree::TaxRate',0.80,'Tax',1,0,1,'2013-05-15 15:46:18','2013-05-15 15:46:18'),(270634203,790021435,'Spree::Order',790021435,'Spree::Order',967941380,'Spree::TaxRate',2.40,'Tax',1,0,1,'2013-05-15 15:46:18','2013-05-15 15:46:18'),(288322313,681145480,'Spree::Shipment',0,'Spree::Order',909221584,'Spree::ShippingMethod',5.00,'Shipping',1,1,1,'2013-05-15 15:46:18','2013-05-15 15:46:18'),(289215486,680203391,'Spree::Shipment',0,'Spree::Order',909221584,'Spree::ShippingMethod',5.00,'Shipping',1,1,1,'2013-05-15 15:46:18','2013-05-15 15:46:18'),(296350424,782154552,'Spree::Order',782154552,'Spree::Order',967941380,'Spree::TaxRate',0.80,'Tax',1,0,1,'2013-05-15 15:46:18','2013-05-15 15:46:18'),(297505327,780983247,'Spree::Order',780983247,'Spree::Order',967941380,'Spree::TaxRate',2.40,'Tax',1,0,1,'2013-05-15 15:46:18','2013-05-15 15:46:18'),(301676563,330565047,'Spree::Order',330565047,'Spree::Order',967941380,'Spree::TaxRate',5.50,'Tax',1,0,1,'2013-05-15 15:46:18','2013-05-15 15:46:18'),(315149214,35341291,'Spree::Shipment',0,'Spree::Order',909221584,'Spree::ShippingMethod',5.00,'Shipping',1,1,1,'2013-05-15 15:46:18','2013-05-15 15:46:18'),(317324289,727710848,'Spree::Shipment',0,'Spree::Order',909221584,'Spree::ShippingMethod',5.00,'Shipping',1,1,1,'2013-05-15 15:46:18','2013-05-15 15:46:18'),(318815246,741864942,'Spree::Order',741864942,'Spree::Order',967941380,'Spree::TaxRate',0.80,'Tax',1,0,1,'2013-05-15 15:46:18','2013-05-15 15:46:18'),(320003319,740660503,'Spree::Order',740660503,'Spree::Order',967941380,'Spree::TaxRate',3.20,'Tax',1,0,1,'2013-05-15 15:46:18','2013-05-15 15:46:18'),(325158384,718766707,'Spree::Shipment',0,'Spree::Order',909221584,'Spree::ShippingMethod',5.00,'Shipping',1,1,1,'2013-05-15 15:46:18','2013-05-15 15:46:18'),(326362381,717611658,'Spree::Shipment',0,'Spree::Order',909221584,'Spree::ShippingMethod',5.00,'Shipping',1,1,1,'2013-05-15 15:46:18','2013-05-15 15:46:18'),(327564765,707803742,'Spree::Shipment',0,'Spree::Order',909221584,'Spree::ShippingMethod',5.00,'Shipping',1,1,1,'2013-05-15 15:46:18','2013-05-15 15:46:18'),(328490280,706894503,'Spree::Shipment',0,'Spree::Order',909221584,'Spree::ShippingMethod',5.00,'Shipping',1,1,1,'2013-05-15 15:46:18','2013-05-15 15:46:18'),(333906979,751848899,'Spree::Order',751848899,'Spree::Order',967941380,'Spree::TaxRate',1.60,'Tax',1,0,1,'2013-05-15 15:46:18','2013-05-15 15:46:18'),(334849242,750923066,'Spree::Order',750923066,'Spree::Order',967941380,'Spree::TaxRate',0.80,'Tax',1,0,1,'2013-05-15 15:46:18','2013-05-15 15:46:18'),(336347625,767182442,'Spree::Shipment',0,'Spree::Order',909221584,'Spree::ShippingMethod',5.00,'Shipping',1,1,1,'2013-05-15 15:46:18','2013-05-15 15:46:18'),(337518868,765994643,'Spree::Shipment',0,'Spree::Order',909221584,'Spree::ShippingMethod',5.00,'Shipping',1,1,1,'2013-05-15 15:46:18','2013-05-15 15:46:18'),(342718487,727331319,'Spree::Order',727331319,'Spree::Order',967941380,'Spree::TaxRate',3.20,'Tax',1,0,1,'2013-05-15 15:46:18','2013-05-15 15:46:18'),(343873774,726159630,'Spree::Order',726159630,'Spree::Order',967941380,'Spree::TaxRate',2.40,'Tax',1,0,1,'2013-05-15 15:46:18','2013-05-15 15:46:18'),(344637498,733841882,'Spree::Order',733841882,'Spree::Order',967941380,'Spree::TaxRate',0.80,'Tax',1,0,1,'2013-05-15 15:46:18','2013-05-15 15:46:18'),(345546947,732948771,'Spree::Order',732948771,'Spree::Order',967941380,'Spree::TaxRate',0.80,'Tax',1,0,1,'2013-05-15 15:46:18','2013-05-15 15:46:18'),(351009220,761134663,'Spree::Shipment',0,'Spree::Order',909221584,'Spree::ShippingMethod',5.00,'Shipping',1,1,1,'2013-05-15 15:46:18','2013-05-15 15:46:18'),(351902017,760192702,'Spree::Shipment',0,'Spree::Order',909221584,'Spree::ShippingMethod',5.00,'Shipping',1,1,1,'2013-05-15 15:46:18','2013-05-15 15:46:18'),(353427152,707237680,'Spree::Order',707237680,'Spree::Order',967941380,'Spree::TaxRate',5.20,'Tax',1,0,1,'2013-05-15 15:46:18','2013-05-15 15:46:18'),(373471010,804565151,'Spree::Shipment',0,'Spree::Order',909221584,'Spree::ShippingMethod',5.00,'Shipping',1,1,1,'2013-05-15 15:46:18','2013-05-15 15:46:18'),(374396901,803655784,'Spree::Shipment',0,'Spree::Order',909221584,'Spree::ShippingMethod',5.00,'Shipping',1,1,1,'2013-05-15 15:46:18','2013-05-15 15:46:18'),(378993674,349815214,'Spree::Order',349815214,'Spree::Order',967941380,'Spree::TaxRate',2.75,'Tax',1,0,1,'2013-05-15 15:46:18','2013-05-15 15:46:18'),(381957839,703823663,'Spree::Order',703823663,'Spree::Order',967941380,'Spree::TaxRate',3.20,'Tax',1,0,1,'2013-05-15 15:46:18','2013-05-15 15:46:18'),(383145528,702619608,'Spree::Order',702619608,'Spree::Order',967941380,'Spree::TaxRate',0.80,'Tax',1,0,1,'2013-05-15 15:46:18','2013-05-15 15:46:18'),(400075244,779005547,'Spree::Shipment',0,'Spree::Order',909221584,'Spree::ShippingMethod',5.00,'Shipping',1,1,1,'2013-05-15 15:46:18','2013-05-15 15:46:18'),(412696368,556742829,'Spree::Shipment',0,'Spree::Order',909221584,'Spree::ShippingMethod',5.00,'Shipping',1,1,1,'2013-05-15 15:46:18','2013-05-15 15:46:18'),(419635674,548742745,'Spree::Shipment',0,'Spree::Order',909221584,'Spree::ShippingMethod',5.00,'Shipping',1,1,1,'2013-05-15 15:46:18','2013-05-15 15:46:18'),(420561187,547833508,'Spree::Shipment',0,'Spree::Order',909221584,'Spree::ShippingMethod',5.00,'Shipping',1,1,1,'2013-05-15 15:46:18','2013-05-15 15:46:18'),(428187657,649259497,'Spree::Order',649259497,'Spree::Order',967941380,'Spree::TaxRate',2.40,'Tax',1,0,1,'2013-05-15 15:46:18','2013-05-15 15:46:18'),(429375732,648055060,'Spree::Order',648055060,'Spree::Order',967941380,'Spree::TaxRate',0.80,'Tax',1,0,1,'2013-05-15 15:46:18','2013-05-15 15:46:18'),(439382518,596014713,'Spree::Shipment',0,'Spree::Order',909221584,'Spree::ShippingMethod',5.00,'Shipping',1,1,1,'2013-05-15 15:46:18','2013-05-15 15:46:18'),(441534476,627442156,'Spree::Order',627442156,'Spree::Order',967941380,'Spree::TaxRate',1.60,'Tax',1,0,1,'2013-05-15 15:46:18','2013-05-15 15:46:18'),(459257816,585740373,'Spree::Shipment',0,'Spree::Order',909221584,'Spree::ShippingMethod',5.00,'Shipping',1,1,1,'2013-05-15 15:46:18','2013-05-15 15:46:18'),(461277113,195891138,'Spree::Shipment',0,'Spree::Order',909221584,'Spree::ShippingMethod',5.00,'Shipping',1,1,1,'2013-05-15 15:46:18','2013-05-15 15:46:18'),(466310914,620502818,'Spree::Order',620502818,'Spree::Order',967941380,'Spree::TaxRate',4.20,'Tax',1,0,1,'2013-05-15 15:46:18','2013-05-15 15:46:18'),(473068495,629437518,'Spree::Shipment',0,'Spree::Order',909221584,'Spree::ShippingMethod',5.00,'Shipping',1,1,1,'2013-05-15 15:46:18','2013-05-15 15:46:18'),(480678633,596761353,'Spree::Order',596761353,'Spree::Order',967941380,'Spree::TaxRate',3.80,'Tax',1,0,1,'2013-05-15 15:46:18','2013-05-15 15:46:18'),(497577275,605973176,'Spree::Shipment',0,'Spree::Order',909221584,'Spree::ShippingMethod',5.00,'Shipping',1,1,1,'2013-05-15 15:46:18','2013-05-15 15:46:18'),(499733701,587078949,'Spree::Order',587078949,'Spree::Order',967941380,'Spree::TaxRate',0.80,'Tax',1,0,1,'2013-05-15 15:46:18','2013-05-15 15:46:18'),(510584259,668525120,'Spree::Shipment',0,'Spree::Order',909221584,'Spree::ShippingMethod',5.00,'Shipping',1,1,1,'2013-05-15 15:46:18','2013-05-15 15:46:18'),(511477050,667583165,'Spree::Shipment',0,'Spree::Order',909221584,'Spree::ShippingMethod',5.00,'Shipping',1,1,1,'2013-05-15 15:46:18','2013-05-15 15:46:18'),(518546448,568274416,'Spree::Order',568274416,'Spree::Order',967941380,'Spree::TaxRate',1.60,'Tax',1,0,1,'2013-05-15 15:46:18','2013-05-15 15:46:18'),(519701741,567102733,'Spree::Order',567102733,'Spree::Order',967941380,'Spree::TaxRate',2.40,'Tax',1,0,1,'2013-05-15 15:46:18','2013-05-15 15:46:18'),(526391841,542594049,'Spree::Order',542594049,'Spree::Order',967941380,'Spree::TaxRate',2.40,'Tax',1,0,1,'2013-05-15 15:46:18','2013-05-15 15:46:18'),(551524735,426352382,'Spree::Shipment',0,'Spree::Order',909221584,'Spree::ShippingMethod',5.00,'Shipping',1,1,1,'2013-05-15 15:46:18','2013-05-15 15:46:18'),(558204811,418611208,'Spree::Shipment',0,'Spree::Order',909221584,'Spree::ShippingMethod',5.00,'Shipping',1,1,1,'2013-05-15 15:46:18','2013-05-15 15:46:18'),(559409010,417456373,'Spree::Shipment',0,'Spree::Order',909221584,'Spree::ShippingMethod',5.00,'Shipping',1,1,1,'2013-05-15 15:46:18','2013-05-15 15:46:18'),(563203233,601813305,'Spree::Order',601813305,'Spree::Order',967941380,'Spree::TaxRate',3.10,'Tax',1,0,1,'2013-05-15 15:46:18','2013-05-15 15:46:18'),(566429272,519327672,'Spree::Order',519327672,'Spree::Order',967941380,'Spree::TaxRate',1.60,'Tax',1,0,1,'2013-05-15 15:46:18','2013-05-15 15:46:18'),(567371429,518401861,'Spree::Order',518401861,'Spree::Order',967941380,'Spree::TaxRate',2.40,'Tax',1,0,1,'2013-05-15 15:46:18','2013-05-15 15:46:18'),(571993693,488679357,'Spree::Order',488679357,'Spree::Order',967941380,'Spree::TaxRate',4.20,'Tax',1,0,1,'2013-05-15 15:46:18','2013-05-15 15:46:18'),(587952512,448624385,'Spree::Shipment',0,'Spree::Order',909221584,'Spree::ShippingMethod',5.00,'Shipping',1,1,1,'2013-05-15 15:46:18','2013-05-15 15:46:18'),(588845447,447682054,'Spree::Shipment',0,'Spree::Order',909221584,'Spree::ShippingMethod',5.00,'Shipping',1,1,1,'2013-05-15 15:46:18','2013-05-15 15:46:18'),(594167942,475857254,'Spree::Order',475857254,'Spree::Order',967941380,'Spree::TaxRate',2.40,'Tax',1,0,1,'2013-05-15 15:46:18','2013-05-15 15:46:18'),(595077241,474964377,'Spree::Order',474964377,'Spree::Order',967941380,'Spree::TaxRate',2.40,'Tax',1,0,1,'2013-05-15 15:46:18','2013-05-15 15:46:18'),(596504753,481999185,'Spree::Order',481999185,'Spree::Order',967941380,'Spree::TaxRate',0.80,'Tax',1,0,1,'2013-05-15 15:46:18','2013-05-15 15:46:18'),(597659734,480827830,'Spree::Order',480827830,'Spree::Order',967941380,'Spree::TaxRate',3.20,'Tax',1,0,1,'2013-05-15 15:46:18','2013-05-15 15:46:18'),(602720595,442158806,'Spree::Shipment',0,'Spree::Order',909221584,'Spree::ShippingMethod',5.00,'Shipping',1,1,1,'2013-05-15 15:46:18','2013-05-15 15:46:18'),(603892140,440970793,'Spree::Shipment',0,'Spree::Order',909221584,'Spree::ShippingMethod',5.00,'Shipping',1,1,1,'2013-05-15 15:46:18','2013-05-15 15:46:18'),(604474525,456181117,'Spree::Order',456181117,'Spree::Order',967941380,'Spree::TaxRate',2.40,'Tax',1,0,1,'2013-05-15 15:46:18','2013-05-15 15:46:18'),(605416546,455255426,'Spree::Order',455255426,'Spree::Order',967941380,'Spree::TaxRate',2.40,'Tax',1,0,1,'2013-05-15 15:46:18','2013-05-15 15:46:18'),(610710887,500216554,'Spree::Shipment',0,'Spree::Order',909221584,'Spree::ShippingMethod',5.00,'Shipping',1,1,1,'2013-05-15 15:46:18','2013-05-15 15:46:18'),(611636640,499307037,'Spree::Shipment',0,'Spree::Order',909221584,'Spree::ShippingMethod',5.00,'Shipping',1,1,1,'2013-05-15 15:46:18','2013-05-15 15:46:18'),(612437324,490146509,'Spree::Shipment',0,'Spree::Order',909221584,'Spree::ShippingMethod',5.00,'Shipping',1,1,1,'2013-05-15 15:46:18','2013-05-15 15:46:18'),(613641651,488991282,'Spree::Shipment',0,'Spree::Order',909221584,'Spree::ShippingMethod',5.00,'Shipping',1,1,1,'2013-05-15 15:46:18','2013-05-15 15:46:18'),(618673338,467107162,'Spree::Order',467107162,'Spree::Order',967941380,'Spree::TaxRate',3.20,'Tax',1,0,1,'2013-05-15 15:46:18','2013-05-15 15:46:18'),(619861069,465903021,'Spree::Order',465903021,'Spree::Order',967941380,'Spree::TaxRate',2.40,'Tax',1,0,1,'2013-05-15 15:46:18','2013-05-15 15:46:18'),(634387213,891057020,'Spree::Shipment',0,'Spree::Order',909221584,'Spree::ShippingMethod',5.00,'Shipping',1,1,1,'2013-05-15 15:46:18','2013-05-15 15:46:18'),(636406634,475581673,'Spree::Shipment',0,'Spree::Order',909221584,'Spree::ShippingMethod',5.00,'Shipping',1,1,1,'2013-05-15 15:46:18','2013-05-15 15:46:18'),(640172946,530465809,'Spree::Shipment',0,'Spree::Order',909221584,'Spree::ShippingMethod',5.00,'Shipping',1,1,1,'2013-05-15 15:46:18','2013-05-15 15:46:18'),(641344363,529278188,'Spree::Shipment',0,'Spree::Order',909221584,'Spree::ShippingMethod',5.00,'Shipping',1,1,1,'2013-05-15 15:46:18','2013-05-15 15:46:18'),(648987201,429493153,'Spree::Order',429493153,'Spree::Order',967941380,'Spree::TaxRate',0.80,'Tax',1,0,1,'2013-05-15 15:46:18','2013-05-15 15:46:18'),(649896636,428600156,'Spree::Order',428600156,'Spree::Order',967941380,'Spree::TaxRate',1.60,'Tax',1,0,1,'2013-05-15 15:46:18','2013-05-15 15:46:18'),(651518922,1020487291,'Spree::Shipment',0,'Spree::Order',909221584,'Spree::ShippingMethod',5.00,'Shipping',1,1,1,'2013-05-15 15:46:18','2013-05-15 15:46:18'),(654051466,615724322,'Spree::Order',615724322,'Spree::Order',967941380,'Spree::TaxRate',3.55,'Tax',1,0,1,'2013-05-15 15:46:18','2013-05-15 15:46:18'),(656850002,403830194,'Spree::Order',403830194,'Spree::Order',967941380,'Spree::TaxRate',3.20,'Tax',1,0,1,'2013-05-15 15:46:18','2013-05-15 15:46:18'),(677849738,391144298,'Spree::Order',391144298,'Spree::Order',967941380,'Spree::TaxRate',2.40,'Tax',1,0,1,'2013-05-15 15:46:18','2013-05-15 15:46:18'),(694801754,283103959,'Spree::Shipment',0,'Spree::Order',909221584,'Spree::ShippingMethod',5.00,'Shipping',1,1,1,'2013-05-15 15:46:18','2013-05-15 15:46:18'),(695973293,281915952,'Spree::Shipment',0,'Spree::Order',909221584,'Spree::ShippingMethod',5.00,'Shipping',1,1,1,'2013-05-15 15:46:18','2013-05-15 15:46:18'),(703550599,383262055,'Spree::Order',383262055,'Spree::Order',967941380,'Spree::TaxRate',2.40,'Tax',1,0,1,'2013-05-15 15:46:18','2013-05-15 15:46:18'),(704459904,382369184,'Spree::Order',382369184,'Spree::Order',967941380,'Spree::TaxRate',0.80,'Tax',1,0,1,'2013-05-15 15:46:18','2013-05-15 15:46:18'),(716135858,320428591,'Spree::Shipment',0,'Spree::Order',909221584,'Spree::ShippingMethod',5.00,'Shipping',1,1,1,'2013-05-15 15:46:18','2013-05-15 15:46:18'),(718169172,368651700,'Spree::Order',368651700,'Spree::Order',967941380,'Spree::TaxRate',2.40,'Tax',1,0,1,'2013-05-15 15:46:18','2013-05-15 15:46:18'),(722760507,1002961742,'Spree::Shipment',0,'Spree::Order',909221584,'Spree::ShippingMethod',5.00,'Shipping',1,1,1,'2013-05-15 15:46:18','2013-05-15 15:46:18'),(724910940,310592731,'Spree::Shipment',0,'Spree::Order',909221584,'Spree::ShippingMethod',5.00,'Shipping',1,1,1,'2013-05-15 15:46:18','2013-05-15 15:46:18'),(732013170,345435026,'Spree::Order',345435026,'Spree::Order',967941380,'Spree::TaxRate',4.20,'Tax',1,0,1,'2013-05-15 15:46:18','2013-05-15 15:46:18'),(743999301,367952066,'Spree::Shipment',0,'Spree::Order',909221584,'Spree::ShippingMethod',5.00,'Shipping',1,1,1,'2013-05-15 15:46:18','2013-05-15 15:46:18'),(746174244,1017790295,'Spree::Shipment',0,'Spree::Order',909221584,'Spree::ShippingMethod',5.00,'Shipping',1,1,1,'2013-05-15 15:46:18','2013-05-15 15:46:18'),(751593067,335228811,'Spree::Order',335228811,'Spree::Order',967941380,'Spree::TaxRate',3.95,'Tax',1,0,1,'2013-05-15 15:46:18','2013-05-15 15:46:18'),(758595937,344016612,'Spree::Shipment',0,'Spree::Order',909221584,'Spree::ShippingMethod',5.00,'Shipping',1,1,1,'2013-05-15 15:46:18','2013-05-15 15:46:18'),(760641695,308359551,'Spree::Order',308359551,'Spree::Order',967941380,'Spree::TaxRate',0.80,'Tax',1,0,1,'2013-05-15 15:46:18','2013-05-15 15:46:18'),(772018513,397547216,'Spree::Shipment',0,'Spree::Order',909221584,'Spree::ShippingMethod',5.00,'Shipping',1,1,1,'2013-05-15 15:46:18','2013-05-15 15:46:18'),(773222838,396391991,'Spree::Shipment',0,'Spree::Order',909221584,'Spree::ShippingMethod',5.00,'Shipping',1,1,1,'2013-05-15 15:46:18','2013-05-15 15:46:18'),(780308640,297130368,'Spree::Order',297130368,'Spree::Order',967941380,'Spree::TaxRate',3.20,'Tax',1,0,1,'2013-05-15 15:46:18','2013-05-15 15:46:18'),(781250663,296204679,'Spree::Order',296204679,'Spree::Order',967941380,'Spree::TaxRate',3.20,'Tax',1,0,1,'2013-05-15 15:46:18','2013-05-15 15:46:18'),(798887869,371722298,'Spree::Shipment',0,'Spree::Order',909221584,'Spree::ShippingMethod',5.00,'Shipping',1,1,1,'2013-05-15 15:46:18','2013-05-15 15:46:18'),(811631854,165053295,'Spree::Shipment',0,'Spree::Order',909221584,'Spree::ShippingMethod',5.00,'Shipping',1,1,1,'2013-05-15 15:46:18','2013-05-15 15:46:18'),(812835865,163898264,'Spree::Shipment',0,'Spree::Order',909221584,'Spree::ShippingMethod',5.00,'Shipping',1,1,1,'2013-05-15 15:46:18','2013-05-15 15:46:18'),(820380991,265374943,'Spree::Order',265374943,'Spree::Order',967941380,'Spree::TaxRate',3.20,'Tax',1,0,1,'2013-05-15 15:46:18','2013-05-15 15:46:18'),(821323208,264449064,'Spree::Order',264449064,'Spree::Order',967941380,'Spree::TaxRate',1.60,'Tax',1,0,1,'2013-05-15 15:46:18','2013-05-15 15:46:18'),(825151760,862055596,'Spree::Order',862055596,'Spree::Order',967941380,'Spree::TaxRate',3.10,'Tax',1,0,1,'2013-05-15 15:46:18','2013-05-15 15:46:18'),(830217163,239817259,'Spree::Order',239817259,'Spree::Order',967941380,'Spree::TaxRate',1.60,'Tax',1,0,1,'2013-05-15 15:46:18','2013-05-15 15:46:18'),(840770179,583969526,'Spree::Shipment',0,'Spree::Order',909221584,'Spree::ShippingMethod',5.00,'Shipping',1,1,1,'2013-05-15 15:46:18','2013-05-15 15:46:18'),(842797792,193598819,'Spree::Shipment',0,'Spree::Order',909221584,'Spree::ShippingMethod',5.00,'Shipping',1,1,1,'2013-05-15 15:46:18','2013-05-15 15:46:18'),(849933258,228571690,'Spree::Order',228571690,'Spree::Order',967941380,'Spree::TaxRate',6.20,'Tax',1,0,1,'2013-05-15 15:46:18','2013-05-15 15:46:18'),(867462385,167930736,'Spree::Shipment',0,'Spree::Order',909221584,'Spree::ShippingMethod',5.00,'Shipping',1,1,1,'2013-05-15 15:46:18','2013-05-15 15:46:18'),(869618963,216145139,'Spree::Order',216145139,'Spree::Order',967941380,'Spree::TaxRate',3.20,'Tax',1,0,1,'2013-05-15 15:46:18','2013-05-15 15:46:18'),(875327522,228226979,'Spree::Shipment',0,'Spree::Order',909221584,'Spree::ShippingMethod',5.00,'Shipping',1,1,1,'2013-05-15 15:46:18','2013-05-15 15:46:18'),(877480416,192544832,'Spree::Order',192544832,'Spree::Order',967941380,'Spree::TaxRate',3.20,'Tax',1,0,1,'2013-05-15 15:46:18','2013-05-15 15:46:18'),(894555897,216519034,'Spree::Shipment',0,'Spree::Order',909221584,'Spree::ShippingMethod',5.00,'Shipping',1,1,1,'2013-05-15 15:46:18','2013-05-15 15:46:18'),(896591516,631467759,'Spree::Shipment',0,'Spree::Order',909221584,'Spree::ShippingMethod',5.00,'Shipping',1,1,1,'2013-05-15 15:46:18','2013-05-15 15:46:18'),(902117331,183664179,'Spree::Order',183664179,'Spree::Order',967941380,'Spree::TaxRate',1.80,'Tax',1,0,1,'2013-05-15 15:46:18','2013-05-15 15:46:18'),(914702076,255015291,'Spree::Shipment',0,'Spree::Order',909221584,'Spree::ShippingMethod',5.00,'Shipping',1,1,1,'2013-05-15 15:46:18','2013-05-15 15:46:18'),(923615477,247154552,'Spree::Shipment',0,'Spree::Order',909221584,'Spree::ShippingMethod',5.00,'Shipping',1,1,1,'2013-05-15 15:46:18','2013-05-15 15:46:18'),(924786706,245966735,'Spree::Shipment',0,'Spree::Order',909221584,'Spree::ShippingMethod',5.00,'Shipping',1,1,1,'2013-05-15 15:46:18','2013-05-15 15:46:18'),(931905832,146573512,'Spree::Order',146573512,'Spree::Order',967941380,'Spree::TaxRate',3.20,'Tax',1,0,1,'2013-05-15 15:46:18','2013-05-15 15:46:18'),(932815327,145680447,'Spree::Order',145680447,'Spree::Order',967941380,'Spree::TaxRate',0.80,'Tax',1,0,1,'2013-05-15 15:46:18','2013-05-15 15:46:18'),(944559667,33214900,'Spree::Shipment',0,'Spree::Order',909221584,'Spree::ShippingMethod',5.00,'Shipping',1,1,1,'2013-05-15 15:46:18','2013-05-15 15:46:18'),(945731274,32026953,'Spree::Shipment',0,'Spree::Order',909221584,'Spree::ShippingMethod',5.00,'Shipping',1,1,1,'2013-05-15 15:46:18','2013-05-15 15:46:18'),(949525797,987209861,'Spree::Order',987209861,'Spree::Order',967941380,'Spree::TaxRate',3.90,'Tax',1,0,1,'2013-05-15 15:46:18','2013-05-15 15:46:18'),(952784868,134028804,'Spree::Order',134028804,'Spree::Order',967941380,'Spree::TaxRate',0.80,'Tax',1,0,1,'2013-05-15 15:46:18','2013-05-15 15:46:18'),(953693977,133136121,'Spree::Order',133136121,'Spree::Order',967941380,'Spree::TaxRate',0.80,'Tax',1,0,1,'2013-05-15 15:46:18','2013-05-15 15:46:18'),(969189440,7516093,'Spree::Shipment',0,'Spree::Order',909221584,'Spree::ShippingMethod',5.00,'Shipping',1,1,1,'2013-05-15 15:46:18','2013-05-15 15:46:18'),(973217992,62138181,'Spree::Shipment',0,'Spree::Order',909221584,'Spree::ShippingMethod',5.00,'Shipping',1,1,1,'2013-05-15 15:46:18','2013-05-15 15:46:18'),(974143551,61228994,'Spree::Shipment',0,'Spree::Order',909221584,'Spree::ShippingMethod',5.00,'Shipping',1,1,1,'2013-05-15 15:46:18','2013-05-15 15:46:18'),(979573050,89411802,'Spree::Order',89411802,'Spree::Order',967941380,'Spree::TaxRate',3.20,'Tax',1,0,1,'2013-05-15 15:46:18','2013-05-15 15:46:18'),(980515269,88485925,'Spree::Order',88485925,'Spree::Order',967941380,'Spree::TaxRate',0.80,'Tax',1,0,1,'2013-05-15 15:46:18','2013-05-15 15:46:18'),(981770517,95676661,'Spree::Order',95676661,'Spree::Order',967941380,'Spree::TaxRate',1.60,'Tax',1,0,1,'2013-05-15 15:46:18','2013-05-15 15:46:18'),(982958578,94472210,'Spree::Order',94472210,'Spree::Order',967941380,'Spree::TaxRate',0.80,'Tax',1,0,1,'2013-05-15 15:46:18','2013-05-15 15:46:18'),(988125419,55811946,'Spree::Shipment',0,'Spree::Order',909221584,'Spree::ShippingMethod',5.00,'Shipping',1,1,1,'2013-05-15 15:46:18','2013-05-15 15:46:18'),(989329428,54656917,'Spree::Shipment',0,'Spree::Order',909221584,'Spree::ShippingMethod',5.00,'Shipping',1,1,1,'2013-05-15 15:46:18','2013-05-15 15:46:18'),(1024384289,37328065,'Spree::Order',37328065,'Spree::Order',967941380,'Spree::TaxRate',1.60,'Tax',1,0,1,'2013-05-15 15:46:18','2013-05-15 15:46:18'),(1025293790,36435006,'Spree::Order',36435006,'Spree::Order',967941380,'Spree::TaxRate',2.40,'Tax',1,0,1,'2013-05-15 15:46:18','2013-05-15 15:46:18'),(1030743263,81388382,'Spree::Shipment',0,'Spree::Order',909221584,'Spree::ShippingMethod',5.00,'Shipping',1,1,1,'2013-05-15 15:46:18','2013-05-15 15:46:18'),(1031636008,80446377,'Spree::Shipment',0,'Spree::Order',909221584,'Spree::ShippingMethod',5.00,'Shipping',1,1,1,'2013-05-15 15:46:18','2013-05-15 15:46:18'),(1032346868,71195505,'Spree::Shipment',0,'Spree::Order',909221584,'Spree::ShippingMethod',5.00,'Shipping',1,1,1,'2013-05-15 15:46:18','2013-05-15 15:46:18'),(1033518091,70007694,'Spree::Shipment',0,'Spree::Order',909221584,'Spree::ShippingMethod',5.00,'Shipping',1,1,1,'2013-05-15 15:46:18','2013-05-15 15:46:18'),(1038705934,48114926,'Spree::Order',48114926,'Spree::Order',967941380,'Spree::TaxRate',0.80,'Tax',1,0,1,'2013-05-15 15:46:18','2013-05-15 15:46:18'),(1039861241,46943257,'Spree::Order',46943257,'Spree::Order',967941380,'Spree::TaxRate',2.40,'Tax',1,0,1,'2013-05-15 15:46:18','2013-05-15 15:46:18'),(1044221201,17482993,'Spree::Order',17482993,'Spree::Order',967941380,'Spree::TaxRate',0.80,'Tax',1,0,1,'2013-05-15 15:46:18','2013-05-15 15:46:18'),(1059131946,110564781,'Spree::Shipment',0,'Spree::Order',909221584,'Spree::ShippingMethod',5.00,'Shipping',1,1,1,'2013-05-15 15:46:18','2013-05-15 15:46:18'),(1060336339,109409616,'Spree::Shipment',0,'Spree::Order',909221584,'Spree::ShippingMethod',5.00,'Shipping',1,1,1,'2013-05-15 15:46:18','2013-05-15 15:46:18'),(1067947005,9493021,'Spree::Order',9493021,'Spree::Order',967941380,'Spree::TaxRate',3.20,'Tax',1,0,1,'2013-05-15 15:46:18','2013-05-15 15:46:18'),(1068888832,8567520,'Spree::Order',8567520,'Spree::Order',967941380,'Spree::TaxRate',1.60,'Tax',1,0,1,'2013-05-15 15:46:18','2013-05-15 15:46:18'),(1073043774,1035625630,'Spree::Order',1035625630,'Spree::Order',967941380,'Spree::TaxRate',3.55,'Tax',1,0,1,'2013-05-15 15:46:18','2013-05-15 15:46:18');
/*!40000 ALTER TABLE `spree_adjustments` ENABLE KEYS */;
UNLOCK TABLES;

--
-- Table structure for table `spree_assets`
--

DROP TABLE IF EXISTS `spree_assets`;
/*!40101 SET @saved_cs_client     = @@character_set_client */;
/*!40101 SET character_set_client = utf8 */;
CREATE TABLE `spree_assets` (
  `id` int(11) NOT NULL AUTO_INCREMENT,
  `viewable_id` int(11) DEFAULT NULL,
  `viewable_type` varchar(255) DEFAULT NULL,
  `attachment_width` int(11) DEFAULT NULL,
  `attachment_height` int(11) DEFAULT NULL,
  `attachment_file_size` int(11) DEFAULT NULL,
  `position` int(11) DEFAULT NULL,
  `attachment_content_type` varchar(255) DEFAULT NULL,
  `attachment_file_name` varchar(255) DEFAULT NULL,
  `type` varchar(75) DEFAULT NULL,
  `attachment_updated_at` datetime DEFAULT NULL,
  `alt` text,
  PRIMARY KEY (`id`),
  KEY `index_assets_on_viewable_id` (`viewable_id`),
  KEY `index_assets_on_viewable_type_and_type` (`viewable_type`,`type`)
) ENGINE=InnoDB AUTO_INCREMENT=1039 DEFAULT CHARSET=latin1;
/*!40101 SET character_set_client = @saved_cs_client */;

--
-- Dumping data for table `spree_assets`
--

LOCK TABLES `spree_assets` WRITE;
/*!40000 ALTER TABLE `spree_assets` DISABLE KEYS */;
INSERT INTO `spree_assets` VALUES (1,215054540,'Spree::Variant',360,360,33105,1,'image/jpeg','ror_tote.jpeg','Spree::Image','2013-05-15 15:46:31',NULL),(3,504220342,'Spree::Variant',360,360,29703,1,'image/jpeg','ror_bag.jpeg','Spree::Image','2013-05-15 15:46:32',NULL),(4,219452125,'Spree::Variant',360,360,29166,1,'image/jpeg','ror_baseball.jpeg','Spree::Image','2013-05-15 15:46:32',NULL),(5,219452125,'Spree::Variant',360,360,24815,2,'image/jpeg','ror_baseball_back.jpeg','Spree::Image','2013-05-15 15:46:32',NULL),(6,489273655,'Spree::Variant',360,360,15170,1,'image/jpeg','ror_jr_spaghetti.jpeg','Spree::Image','2013-05-15 15:46:32',NULL),(7,52862384,'Spree::Variant',360,360,20956,1,'image/jpeg','ror_mug.jpeg','Spree::Image','2013-05-15 15:46:33',NULL),(8,52862384,'Spree::Variant',360,360,11273,2,'image/jpeg','ror_mug_back.jpeg','Spree::Image','2013-05-15 15:46:33',NULL),(9,429921481,'Spree::Variant',360,360,19408,1,'image/jpeg','ror_ringer.jpeg','Spree::Image','2013-05-15 15:46:33',NULL),(10,429921481,'Spree::Variant',360,360,14097,2,'image/jpeg','ror_ringer_back.jpeg','Spree::Image','2013-05-15 15:46:34',NULL),(11,599112055,'Spree::Variant',360,360,21794,1,'image/jpeg','ror_stein.jpeg','Spree::Image','2013-05-15 15:46:34',NULL),(12,599112055,'Spree::Variant',360,360,21632,2,'image/jpeg','ror_stein_back.jpeg','Spree::Image','2013-05-15 15:46:34',NULL),(1004,157039898,'Spree::Variant',504,484,141361,1,'image/png','apache_baseball.png','Spree::Image','2013-05-15 15:46:34',NULL),(1008,336514991,'Spree::Variant',495,477,154782,1,'image/png','ruby_baseball.png','Spree::Image','2013-05-15 15:46:35',NULL),(1009,529709246,'Spree::Variant',240,240,48767,1,'image/png','ror_baseball_jersey_green.png','Spree::Image','2013-05-15 15:46:35',NULL),(1010,529709246,'Spree::Variant',240,240,41223,2,'image/png','ror_baseball_jersey_back_green.png','Spree::Image','2013-05-15 15:46:35',NULL),(1011,97292824,'Spree::Variant',240,240,48767,1,'image/png','ror_baseball_jersey_green.png','Spree::Image','2013-05-15 15:46:36',NULL),(1012,97292824,'Spree::Variant',240,240,41223,2,'image/png','ror_baseball_jersey_back_green.png','Spree::Image','2013-05-15 15:46:36',NULL),(1013,265742438,'Spree::Variant',240,240,48767,1,'image/png','ror_baseball_jersey_green.png','Spree::Image','2013-05-15 15:46:36',NULL),(1014,265742438,'Spree::Variant',240,240,41223,2,'image/png','ror_baseball_jersey_back_green.png','Spree::Image','2013-05-15 15:46:37',NULL),(1015,1013589412,'Spree::Variant',240,240,48836,1,'image/png','ror_baseball_jersey_blue.png','Spree::Image','2013-05-15 15:46:37',NULL),(1016,1013589412,'Spree::Variant',240,240,40174,2,'image/png','ror_baseball_jersey_back_blue.png','Spree::Image','2013-05-15 15:46:37',NULL),(1017,664770399,'Spree::Variant',240,240,48836,1,'image/png','ror_baseball_jersey_blue.png','Spree::Image','2013-05-15 15:46:37',NULL),(1018,664770399,'Spree::Variant',240,240,40174,2,'image/png','ror_baseball_jersey_back_blue.png','Spree::Image','2013-05-15 15:46:38',NULL),(1019,405540681,'Spree::Variant',240,240,48836,1,'image/png','ror_baseball_jersey_blue.png','Spree::Image','2013-05-15 15:46:38',NULL),(1020,405540681,'Spree::Variant',240,240,40174,2,'image/png','ror_baseball_jersey_back_blue.png','Spree::Image','2013-05-15 15:46:38',NULL),(1021,568516732,'Spree::Variant',240,240,47259,1,'image/png','ror_baseball_jersey_red.png','Spree::Image','2013-05-15 15:46:39',NULL),(1022,568516732,'Spree::Variant',240,240,38513,2,'image/png','ror_baseball_jersey_back_red.png','Spree::Image','2013-05-15 15:46:39',NULL),(1023,947339321,'Spree::Variant',240,240,47259,1,'image/png','ror_baseball_jersey_red.png','Spree::Image','2013-05-15 15:46:39',NULL),(1024,947339321,'Spree::Variant',240,240,38513,2,'image/png','ror_baseball_jersey_back_red.png','Spree::Image','2013-05-15 15:46:39',NULL),(1025,325821322,'Spree::Variant',240,240,47259,1,'image/png','ror_baseball_jersey_red.png','Spree::Image','2013-05-15 15:46:40',NULL),(1026,325821322,'Spree::Variant',240,240,38513,2,'image/png','ror_baseball_jersey_back_red.png','Spree::Image','2013-05-15 15:46:40',NULL),(1027,833839126,'Spree::Variant',480,480,42584,1,'image/jpeg','spree_bag.jpeg','Spree::Image','2013-05-15 15:46:40',NULL),(1028,438855057,'Spree::Variant',480,480,47395,1,'image/jpeg','spree_tote_front.jpeg','Spree::Image','2013-05-15 15:46:41',NULL),(1029,438855057,'Spree::Variant',480,480,19062,2,'image/jpeg','spree_tote_back.jpeg','Spree::Image','2013-05-15 15:46:41',NULL),(1030,954827632,'Spree::Variant',480,480,21041,1,'image/jpeg','spree_ringer_t.jpeg','Spree::Image','2013-05-15 15:46:41',NULL),(1031,954827632,'Spree::Variant',480,480,12907,2,'image/jpeg','spree_ringer_t_back.jpeg','Spree::Image','2013-05-15 15:46:41',NULL),(1032,78660486,'Spree::Variant',480,480,8211,1,'image/jpeg','spree_spaghetti.jpeg','Spree::Image','2013-05-15 15:46:42',NULL),(1033,1001480408,'Spree::Variant',480,480,14943,1,'image/jpeg','spree_stein.jpeg','Spree::Image','2013-05-15 15:46:42',NULL),(1034,1001480408,'Spree::Variant',480,480,14608,2,'image/jpeg','spree_stein_back.jpeg','Spree::Image','2013-05-15 15:46:42',NULL),(1035,748173072,'Spree::Variant',240,240,4695,1,'image/jpeg','spree_mug.jpeg','Spree::Image','2013-05-15 15:46:43',NULL),(1036,748173072,'Spree::Variant',240,240,4952,2,'image/jpeg','spree_mug_back.jpeg','Spree::Image','2013-05-15 15:46:43',NULL),(1037,726086391,'Spree::Variant',480,480,19805,1,'image/jpeg','spree_jersey.jpeg','Spree::Image','2013-05-15 15:46:43',NULL),(1038,726086391,'Spree::Variant',480,480,19819,2,'image/jpeg','spree_jersey_back.jpeg','Spree::Image','2013-05-15 15:46:43',NULL);
/*!40000 ALTER TABLE `spree_assets` ENABLE KEYS */;
UNLOCK TABLES;

--
-- Table structure for table `spree_calculators`
--

DROP TABLE IF EXISTS `spree_calculators`;
/*!40101 SET @saved_cs_client     = @@character_set_client */;
/*!40101 SET character_set_client = utf8 */;
CREATE TABLE `spree_calculators` (
  `id` int(11) NOT NULL AUTO_INCREMENT,
  `type` varchar(255) DEFAULT NULL,
  `calculable_id` int(11) DEFAULT NULL,
  `calculable_type` varchar(255) DEFAULT NULL,
  `created_at` datetime NOT NULL,
  `updated_at` datetime NOT NULL,
  PRIMARY KEY (`id`)
) ENGINE=InnoDB AUTO_INCREMENT=909221585 DEFAULT CHARSET=latin1;
/*!40101 SET character_set_client = @saved_cs_client */;

--
-- Dumping data for table `spree_calculators`
--

LOCK TABLES `spree_calculators` WRITE;
/*!40000 ALTER TABLE `spree_calculators` DISABLE KEYS */;
INSERT INTO `spree_calculators` VALUES (144256889,'Spree::Calculator::FlatRate',144256889,'Spree::ShippingMethod','2013-05-15 15:46:19','2013-05-15 15:46:19'),(273448578,'Spree::Calculator::FlatRate',273448578,'Spree::ShippingMethod','2013-05-15 15:46:19','2013-05-15 15:46:19'),(319692212,'Spree::Calculator::FlatRate',319692212,'Spree::ShippingMethod','2013-05-15 15:46:19','2013-05-15 15:46:19'),(491052212,'Spree::Calculator::FlatRate',713097208,'Spree::Promotion','2013-05-15 15:46:19','2013-05-15 15:46:19'),(505539722,'Spree::Calculator::DefaultTax',967941380,'Spree::TaxRate','2013-05-15 15:46:19','2013-05-15 15:46:19'),(909221584,'Spree::Calculator::FlatRate',909221584,'Spree::ShippingMethod','2013-05-15 15:46:19','2013-05-15 15:46:19');
/*!40000 ALTER TABLE `spree_calculators` ENABLE KEYS */;
UNLOCK TABLES;

--
-- Table structure for table `spree_configurations`
--

DROP TABLE IF EXISTS `spree_configurations`;
/*!40101 SET @saved_cs_client     = @@character_set_client */;
/*!40101 SET character_set_client = utf8 */;
CREATE TABLE `spree_configurations` (
  `id` int(11) NOT NULL AUTO_INCREMENT,
  `name` varchar(255) DEFAULT NULL,
  `type` varchar(50) DEFAULT NULL,
  `created_at` datetime NOT NULL,
  `updated_at` datetime NOT NULL,
  PRIMARY KEY (`id`),
  KEY `index_spree_configurations_on_name_and_type` (`name`,`type`)
) ENGINE=InnoDB DEFAULT CHARSET=latin1;
/*!40101 SET character_set_client = @saved_cs_client */;

--
-- Dumping data for table `spree_configurations`
--

LOCK TABLES `spree_configurations` WRITE;
/*!40000 ALTER TABLE `spree_configurations` DISABLE KEYS */;
/*!40000 ALTER TABLE `spree_configurations` ENABLE KEYS */;
UNLOCK TABLES;

--
-- Table structure for table `spree_countries`
--

DROP TABLE IF EXISTS `spree_countries`;
/*!40101 SET @saved_cs_client     = @@character_set_client */;
/*!40101 SET character_set_client = utf8 */;
CREATE TABLE `spree_countries` (
  `id` int(11) NOT NULL AUTO_INCREMENT,
  `iso_name` varchar(255) DEFAULT NULL,
  `iso` varchar(255) DEFAULT NULL,
  `iso3` varchar(255) DEFAULT NULL,
  `name` varchar(255) DEFAULT NULL,
  `numcode` int(11) DEFAULT NULL,
  `states_required` tinyint(1) DEFAULT '1',
  PRIMARY KEY (`id`)
) ENGINE=InnoDB AUTO_INCREMENT=999 DEFAULT CHARSET=latin1;
/*!40101 SET character_set_client = @saved_cs_client */;

--
-- Dumping data for table `spree_countries`
--

LOCK TABLES `spree_countries` WRITE;
/*!40000 ALTER TABLE `spree_countries` DISABLE KEYS */;
INSERT INTO `spree_countries` VALUES (1,'AFGHANISTAN','AF','AFG','Afghanistan',4,1),(2,'ALBANIA','AL','ALB','Albania',8,1),(3,'ALGERIA','DZ','DZA','Algeria',12,1),(4,'AMERICAN SAMOA','AS','ASM','American Samoa',16,1),(5,'ANDORRA','AD','AND','Andorra',20,1),(6,'ANGOLA','AO','AGO','Angola',24,1),(7,'ANGUILLA','AI','AIA','Anguilla',660,1),(8,'ANTIGUA AND BARBUDA','AG','ATG','Antigua and Barbuda',28,1),(9,'ARGENTINA','AR','ARG','Argentina',32,1),(10,'ARMENIA','AM','ARM','Armenia',51,1),(11,'ARUBA','AW','ABW','Aruba',533,1),(12,'AUSTRALIA','AU','AUS','Australia',36,1),(13,'AUSTRIA','AT','AUT','Austria',40,1),(14,'AZERBAIJAN','AZ','AZE','Azerbaijan',31,1),(15,'BAHAMAS','BS','BHS','Bahamas',44,1),(16,'BAHRAIN','BH','BHR','Bahrain',48,1),(17,'BANGLADESH','BD','BGD','Bangladesh',50,1),(18,'BARBADOS','BB','BRB','Barbados',52,1),(19,'BELARUS','BY','BLR','Belarus',112,1),(20,'BELGIUM','BE','BEL','Belgium',56,1),(21,'BELIZE','BZ','BLZ','Belize',84,1),(22,'BENIN','BJ','BEN','Benin',204,1),(23,'BERMUDA','BM','BMU','Bermuda',60,1),(24,'BHUTAN','BT','BTN','Bhutan',64,1),(25,'BOLIVIA','BO','BOL','Bolivia',68,1),(26,'BOSNIA AND HERZEGOVINA','BA','BIH','Bosnia and Herzegovina',70,1),(27,'BOTSWANA','BW','BWA','Botswana',72,1),(28,'BRAZIL','BR','BRA','Brazil',76,1),(29,'BRUNEI DARUSSALAM','BN','BRN','Brunei Darussalam',96,1),(30,'BULGARIA','BG','BGR','Bulgaria',100,1),(31,'BURKINA FASO','BF','BFA','Burkina Faso',854,1),(32,'BURUNDI','BI','BDI','Burundi',108,1),(33,'CAMBODIA','KH','KHM','Cambodia',116,1),(34,'CAMEROON','CM','CMR','Cameroon',120,1),(35,'CANADA','CA','CAN','Canada',124,1),(36,'CAPE VERDE','CV','CPV','Cape Verde',132,1),(37,'CAYMAN ISLANDS','KY','CYM','Cayman Islands',136,1),(38,'CENTRAL AFRICAN REPUBLIC','CF','CAF','Central African Republic',140,1),(39,'CHAD','TD','TCD','Chad',148,1),(40,'CHILE','CL','CHL','Chile',152,1),(41,'CHINA','CN','CHN','China',156,1),(42,'COLOMBIA','CO','COL','Colombia',170,1),(43,'COMOROS','KM','COM','Comoros',174,1),(44,'CONGO','CG','COG','Congo',178,1),(45,'CONGO, THE DEMOCRATIC REPUBLIC OF THE','CD','COD','Congo, the Democratic Republic of the',180,1),(46,'COOK ISLANDS','CK','COK','Cook Islands',184,1),(47,'COSTA RICA','CR','CRI','Costa Rica',188,1),(48,'COTE D\'IVOIRE','CI','CIV','Cote D\'Ivoire',384,1),(49,'CROATIA','HR','HRV','Croatia',191,1),(50,'CUBA','CU','CUB','Cuba',192,1),(51,'CYPRUS','CY','CYP','Cyprus',196,1),(52,'CZECH REPUBLIC','CZ','CZE','Czech Republic',203,1),(53,'DENMARK','DK','DNK','Denmark',208,1),(54,'DJIBOUTI','DJ','DJI','Djibouti',262,1),(55,'DOMINICA','DM','DMA','Dominica',212,1),(56,'DOMINICAN REPUBLIC','DO','DOM','Dominican Republic',214,1),(57,'ECUADOR','EC','ECU','Ecuador',218,1),(58,'EGYPT','EG','EGY','Egypt',818,1),(59,'EL SALVADOR','SV','SLV','El Salvador',222,1),(60,'EQUATORIAL GUINEA','GQ','GNQ','Equatorial Guinea',226,1),(61,'ERITREA','ER','ERI','Eritrea',232,1),(62,'ESTONIA','EE','EST','Estonia',233,1),(63,'ETHIOPIA','ET','ETH','Ethiopia',231,1),(64,'FALKLAND ISLANDS (MALVINAS)','FK','FLK','Falkland Islands (Malvinas)',238,1),(65,'FAROE ISLANDS','FO','FRO','Faroe Islands',234,1),(66,'FIJI','FJ','FJI','Fiji',242,1),(67,'FINLAND','FI','FIN','Finland',246,1),(68,'FRANCE','FR','FRA','France',250,1),(69,'FRENCH GUIANA','GF','GUF','French Guiana',254,1),(70,'FRENCH POLYNESIA','PF','PYF','French Polynesia',258,1),(71,'GABON','GA','GAB','Gabon',266,1),(72,'GAMBIA','GM','GMB','Gambia',270,1),(73,'GEORGIA','GE','GEO','Georgia',268,1),(74,'GERMANY','DE','DEU','Germany',276,1),(75,'GHANA','GH','GHA','Ghana',288,1),(76,'GIBRALTAR','GI','GIB','Gibraltar',292,1),(77,'GREECE','GR','GRC','Greece',300,1),(78,'GREENLAND','GL','GRL','Greenland',304,1),(79,'GRENADA','GD','GRD','Grenada',308,1),(80,'GUADELOUPE','GP','GLP','Guadeloupe',312,1),(81,'GUAM','GU','GUM','Guam',316,1),(82,'GUATEMALA','GT','GTM','Guatemala',320,1),(83,'GUINEA','GN','GIN','Guinea',324,1),(84,'GUINEA-BISSAU','GW','GNB','Guinea-Bissau',624,1),(85,'GUYANA','GY','GUY','Guyana',328,1),(86,'HAITI','HT','HTI','Haiti',332,1),(87,'HOLY SEE (VATICAN CITY STATE)','VA','VAT','Holy See (Vatican City State)',336,1),(88,'HONDURAS','HN','HND','Honduras',340,1),(89,'HONG KONG','HK','HKG','Hong Kong',344,1),(90,'HUNGARY','HU','HUN','Hungary',348,1),(91,'ICELAND','IS','ISL','Iceland',352,1),(92,'INDIA','IN','IND','India',356,1),(93,'INDONESIA','ID','IDN','Indonesia',360,1),(94,'IRAN, ISLAMIC REPUBLIC OF','IR','IRN','Iran, Islamic Republic of',364,1),(95,'IRAQ','IQ','IRQ','Iraq',368,1),(96,'IRELAND','IE','IRL','Ireland',372,1),(97,'ISRAEL','IL','ISR','Israel',376,1),(98,'ITALY','IT','ITA','Italy',380,1),(99,'JAMAICA','JM','JAM','Jamaica',388,1),(100,'JAPAN','JP','JPN','Japan',392,1),(101,'JORDAN','JO','JOR','Jordan',400,1),(102,'KAZAKHSTAN','KZ','KAZ','Kazakhstan',398,1),(103,'KENYA','KE','KEN','Kenya',404,1),(104,'KIRIBATI','KI','KIR','Kiribati',296,1),(105,'KOREA, DEMOCRATIC PEOPLE\'S REPUBLIC OF','KP','PRK','North Korea',408,1),(106,'KOREA, REPUBLIC OF','KR','KOR','South Korea',410,1),(107,'KUWAIT','KW','KWT','Kuwait',414,1),(108,'KYRGYZSTAN','KG','KGZ','Kyrgyzstan',417,1),(109,'LAO PEOPLE\'S DEMOCRATIC REPUBLIC','LA','LAO','Lao People\'s Democratic Republic',418,1),(110,'LATVIA','LV','LVA','Latvia',428,1),(111,'LEBANON','LB','LBN','Lebanon',422,1),(112,'LESOTHO','LS','LSO','Lesotho',426,1),(113,'LIBERIA','LR','LBR','Liberia',430,1),(114,'LIBYAN ARAB JAMAHIRIYA','LY','LBY','Libyan Arab Jamahiriya',434,1),(115,'LIECHTENSTEIN','LI','LIE','Liechtenstein',438,1),(116,'LITHUANIA','LT','LTU','Lithuania',440,1),(117,'LUXEMBOURG','LU','LUX','Luxembourg',442,1),(118,'MACAO','MO','MAC','Macao',446,1),(119,'MACEDONIA, THE FORMER YUGOSLAV REPUBLIC OF','MK','MKD','Macedonia',807,1),(120,'MADAGASCAR','MG','MDG','Madagascar',450,1),(121,'MALAWI','MW','MWI','Malawi',454,1),(122,'MALAYSIA','MY','MYS','Malaysia',458,1),(123,'MALDIVES','MV','MDV','Maldives',462,1),(124,'MALI','ML','MLI','Mali',466,1),(125,'MALTA','MT','MLT','Malta',470,1),(126,'MARSHALL ISLANDS','MH','MHL','Marshall Islands',584,1),(127,'MARTINIQUE','MQ','MTQ','Martinique',474,1),(128,'MAURITANIA','MR','MRT','Mauritania',478,1),(129,'MAURITIUS','MU','MUS','Mauritius',480,1),(130,'MEXICO','MX','MEX','Mexico',484,1),(131,'MICRONESIA, FEDERATED STATES OF','FM','FSM','Micronesia, Federated States of',583,1),(132,'MOLDOVA, REPUBLIC OF','MD','MDA','Moldova, Republic of',498,1),(133,'MONACO','MC','MCO','Monaco',492,1),(134,'MONGOLIA','MN','MNG','Mongolia',496,1),(135,'MONTSERRAT','MS','MSR','Montserrat',500,1),(136,'MOROCCO','MA','MAR','Morocco',504,1),(137,'MOZAMBIQUE','MZ','MOZ','Mozambique',508,1),(138,'MYANMAR','MM','MMR','Myanmar',104,1),(139,'NAMIBIA','NA','NAM','Namibia',516,1),(140,'NAURU','NR','NRU','Nauru',520,1),(141,'NEPAL','NP','NPL','Nepal',524,1),(142,'NETHERLANDS','NL','NLD','Netherlands',528,1),(143,'NETHERLANDS ANTILLES','AN','ANT','Netherlands Antilles',530,1),(144,'NEW CALEDONIA','NC','NCL','New Caledonia',540,1),(145,'NEW ZEALAND','NZ','NZL','New Zealand',554,1),(146,'NICARAGUA','NI','NIC','Nicaragua',558,1),(147,'NIGER','NE','NER','Niger',562,1),(148,'NIGERIA','NG','NGA','Nigeria',566,1),(149,'NIUE','NU','NIU','Niue',570,1),(150,'NORFOLK ISLAND','NF','NFK','Norfolk Island',574,1),(151,'NORTHERN MARIANA ISLANDS','MP','MNP','Northern Mariana Islands',580,1),(152,'NORWAY','NO','NOR','Norway',578,1),(153,'OMAN','OM','OMN','Oman',512,1),(154,'PAKISTAN','PK','PAK','Pakistan',586,1),(155,'PALAU','PW','PLW','Palau',585,1),(156,'PANAMA','PA','PAN','Panama',591,1),(157,'PAPUA NEW GUINEA','PG','PNG','Papua New Guinea',598,1),(158,'PARAGUAY','PY','PRY','Paraguay',600,1),(159,'PERU','PE','PER','Peru',604,1),(160,'PHILIPPINES','PH','PHL','Philippines',608,1),(161,'PITCAIRN','PN','PCN','Pitcairn',612,1),(162,'POLAND','PL','POL','Poland',616,1),(163,'PORTUGAL','PT','PRT','Portugal',620,1),(164,'PUERTO RICO','PR','PRI','Puerto Rico',630,1),(165,'QATAR','QA','QAT','Qatar',634,1),(166,'REUNION','RE','REU','Reunion',638,1),(167,'ROMANIA','RO','ROM','Romania',642,1),(168,'RUSSIAN FEDERATION','RU','RUS','Russian Federation',643,1),(169,'RWANDA','RW','RWA','Rwanda',646,1),(170,'SAINT HELENA','SH','SHN','Saint Helena',654,1),(171,'SAINT KITTS AND NEVIS','KN','KNA','Saint Kitts and Nevis',659,1),(172,'SAINT LUCIA','LC','LCA','Saint Lucia',662,1),(173,'SAINT PIERRE AND MIQUELON','PM','SPM','Saint Pierre and Miquelon',666,1),(174,'SAINT VINCENT AND THE GRENADINES','VC','VCT','Saint Vincent and the Grenadines',670,1),(175,'SAMOA','WS','WSM','Samoa',882,1),(176,'SAN MARINO','SM','SMR','San Marino',674,1),(177,'SAO TOME AND PRINCIPE','ST','STP','Sao Tome and Principe',678,1),(178,'SAUDI ARABIA','SA','SAU','Saudi Arabia',682,1),(179,'SENEGAL','SN','SEN','Senegal',686,1),(180,'SEYCHELLES','SC','SYC','Seychelles',690,1),(181,'SIERRA LEONE','SL','SLE','Sierra Leone',694,1),(182,'SINGAPORE','SG','SGP','Singapore',702,1),(183,'SLOVAKIA','SK','SVK','Slovakia',703,1),(184,'SLOVENIA','SI','SVN','Slovenia',705,1),(185,'SOLOMON ISLANDS','SB','SLB','Solomon Islands',90,1),(186,'SOMALIA','SO','SOM','Somalia',706,1),(187,'SOUTH AFRICA','ZA','ZAF','South Africa',710,1),(188,'SPAIN','ES','ESP','Spain',724,1),(189,'SRI LANKA','LK','LKA','Sri Lanka',144,1),(190,'SUDAN','SD','SDN','Sudan',736,1),(191,'SURINAME','SR','SUR','Suriname',740,1),(192,'SVALBARD AND JAN MAYEN','SJ','SJM','Svalbard and Jan Mayen',744,1),(193,'SWAZILAND','SZ','SWZ','Swaziland',748,1),(194,'SWEDEN','SE','SWE','Sweden',752,1),(195,'SWITZERLAND','CH','CHE','Switzerland',756,1),(196,'SYRIAN ARAB REPUBLIC','SY','SYR','Syrian Arab Republic',760,1),(197,'TAIWAN, PROVINCE OF CHINA','TW','TWN','Taiwan',158,1),(198,'TAJIKISTAN','TJ','TJK','Tajikistan',762,1),(199,'TANZANIA, UNITED REPUBLIC OF','TZ','TZA','Tanzania, United Republic of',834,1),(200,'THAILAND','TH','THA','Thailand',764,1),(201,'TOGO','TG','TGO','Togo',768,1),(202,'TOKELAU','TK','TKL','Tokelau',772,1),(203,'TONGA','TO','TON','Tonga',776,1),(204,'TRINIDAD AND TOBAGO','TT','TTO','Trinidad and Tobago',780,1),(205,'TUNISIA','TN','TUN','Tunisia',788,1),(206,'TURKEY','TR','TUR','Turkey',792,1),(207,'TURKMENISTAN','TM','TKM','Turkmenistan',795,1),(208,'TURKS AND CAICOS ISLANDS','TC','TCA','Turks and Caicos Islands',796,1),(209,'TUVALU','TV','TUV','Tuvalu',798,1),(210,'UGANDA','UG','UGA','Uganda',800,1),(211,'UKRAINE','UA','UKR','Ukraine',804,1),(212,'UNITED ARAB EMIRATES','AE','ARE','United Arab Emirates',784,1),(213,'UNITED KINGDOM','GB','GBR','United Kingdom',826,1),(214,'UNITED STATES','US','USA','United States',840,1),(215,'URUGUAY','UY','URY','Uruguay',858,1),(216,'UZBEKISTAN','UZ','UZB','Uzbekistan',860,1),(217,'VANUATU','VU','VUT','Vanuatu',548,1),(218,'VENEZUELA','VE','VEN','Venezuela',862,1),(219,'VIET NAM','VN','VNM','Viet Nam',704,1),(220,'VIRGIN ISLANDS, BRITISH','VG','VGB','Virgin Islands, British',92,1),(221,'VIRGIN ISLANDS, U.S.','VI','VIR','Virgin Islands, U.S.',850,1),(222,'WALLIS AND FUTUNA','WF','WLF','Wallis and Futuna',876,1),(223,'WESTERN SAHARA','EH','ESH','Western Sahara',732,1),(224,'YEMEN','YE','YEM','Yemen',887,1),(225,'ZAMBIA','ZM','ZMB','Zambia',894,1),(226,'ZIMBABWE','ZW','ZWE','Zimbabwe',716,1),(998,NULL,'RS','SRB','Serbia',999,1);
/*!40000 ALTER TABLE `spree_countries` ENABLE KEYS */;
UNLOCK TABLES;

--
-- Table structure for table `spree_credit_cards`
--

DROP TABLE IF EXISTS `spree_credit_cards`;
/*!40101 SET @saved_cs_client     = @@character_set_client */;
/*!40101 SET character_set_client = utf8 */;
CREATE TABLE `spree_credit_cards` (
  `id` int(11) NOT NULL AUTO_INCREMENT,
  `month` varchar(255) DEFAULT NULL,
  `year` varchar(255) DEFAULT NULL,
  `cc_type` varchar(255) DEFAULT NULL,
  `last_digits` varchar(255) DEFAULT NULL,
  `first_name` varchar(255) DEFAULT NULL,
  `last_name` varchar(255) DEFAULT NULL,
  `start_month` varchar(255) DEFAULT NULL,
  `start_year` varchar(255) DEFAULT NULL,
  `issue_number` varchar(255) DEFAULT NULL,
  `address_id` int(11) DEFAULT NULL,
  `gateway_customer_profile_id` varchar(255) DEFAULT NULL,
  `gateway_payment_profile_id` varchar(255) DEFAULT NULL,
  `created_at` datetime NOT NULL,
  `updated_at` datetime NOT NULL,
  PRIMARY KEY (`id`)
) ENGINE=InnoDB AUTO_INCREMENT=2 DEFAULT CHARSET=latin1;
/*!40101 SET character_set_client = @saved_cs_client */;

--
-- Dumping data for table `spree_credit_cards`
--

LOCK TABLES `spree_credit_cards` WRITE;
/*!40000 ALTER TABLE `spree_credit_cards` DISABLE KEYS */;
INSERT INTO `spree_credit_cards` VALUES (1,'12','2014','visa','1111','Sean','Schofield',NULL,NULL,NULL,NULL,'BGS-1234',NULL,'2013-05-15 15:46:23','2013-05-15 15:46:23');
/*!40000 ALTER TABLE `spree_credit_cards` ENABLE KEYS */;
UNLOCK TABLES;

--
-- Table structure for table `spree_gateways`
--

DROP TABLE IF EXISTS `spree_gateways`;
/*!40101 SET @saved_cs_client     = @@character_set_client */;
/*!40101 SET character_set_client = utf8 */;
CREATE TABLE `spree_gateways` (
  `id` int(11) NOT NULL AUTO_INCREMENT,
  `type` varchar(255) DEFAULT NULL,
  `name` varchar(255) DEFAULT NULL,
  `description` text,
  `active` tinyint(1) DEFAULT '1',
  `environment` varchar(255) DEFAULT 'development',
  `server` varchar(255) DEFAULT 'test',
  `test_mode` tinyint(1) DEFAULT '1',
  `created_at` datetime NOT NULL,
  `updated_at` datetime NOT NULL,
  PRIMARY KEY (`id`)
) ENGINE=InnoDB DEFAULT CHARSET=latin1;
/*!40101 SET character_set_client = @saved_cs_client */;

--
-- Dumping data for table `spree_gateways`
--

LOCK TABLES `spree_gateways` WRITE;
/*!40000 ALTER TABLE `spree_gateways` DISABLE KEYS */;
/*!40000 ALTER TABLE `spree_gateways` ENABLE KEYS */;
UNLOCK TABLES;

--
-- Table structure for table `spree_inventory_units`
--

DROP TABLE IF EXISTS `spree_inventory_units`;
/*!40101 SET @saved_cs_client     = @@character_set_client */;
/*!40101 SET character_set_client = utf8 */;
CREATE TABLE `spree_inventory_units` (
  `id` int(11) NOT NULL AUTO_INCREMENT,
  `lock_version` int(11) DEFAULT '0',
  `state` varchar(255) DEFAULT NULL,
  `variant_id` int(11) DEFAULT NULL,
  `order_id` int(11) DEFAULT NULL,
  `shipment_id` int(11) DEFAULT NULL,
  `return_authorization_id` int(11) DEFAULT NULL,
  `created_at` datetime NOT NULL,
  `updated_at` datetime NOT NULL,
  PRIMARY KEY (`id`),
  KEY `index_inventory_units_on_order_id` (`order_id`),
  KEY `index_inventory_units_on_shipment_id` (`shipment_id`),
  KEY `index_inventory_units_on_variant_id` (`variant_id`)
) ENGINE=InnoDB AUTO_INCREMENT=456 DEFAULT CHARSET=latin1;
/*!40101 SET character_set_client = @saved_cs_client */;

--
-- Dumping data for table `spree_inventory_units`
--

LOCK TABLES `spree_inventory_units` WRITE;
/*!40000 ALTER TABLE `spree_inventory_units` DISABLE KEYS */;
INSERT INTO `spree_inventory_units` VALUES (1,0,'sold',215054540,146573512,1053020929,NULL,'2013-05-15 15:46:21','2013-05-15 15:46:21'),(2,0,'sold',215054540,146573512,1053020929,NULL,'2013-05-15 15:46:21','2013-05-15 15:46:21'),(3,0,'sold',215054540,146573512,1053020929,NULL,'2013-05-15 15:46:21','2013-05-15 15:46:21'),(4,0,'sold',215054540,146573512,1053020929,NULL,'2013-05-15 15:46:21','2013-05-15 15:46:21'),(5,0,'sold',215054540,145680447,1053930492,NULL,'2013-05-15 15:46:21','2013-05-15 15:46:21'),(6,0,'sold',52862384,780983247,418611208,NULL,'2013-05-15 15:46:21','2013-05-15 15:46:21'),(7,0,'sold',52862384,780983247,418611208,NULL,'2013-05-15 15:46:21','2013-05-15 15:46:21'),(8,0,'sold',52862384,780983247,418611208,NULL,'2013-05-15 15:46:21','2013-05-15 15:46:21'),(9,0,'sold',52862384,780983247,418611208,NULL,'2013-05-15 15:46:21','2013-05-15 15:46:21'),(10,0,'sold',52862384,780983247,418611208,NULL,'2013-05-15 15:46:21','2013-05-15 15:46:21'),(11,0,'sold',52862384,780983247,418611208,NULL,'2013-05-15 15:46:21','2013-05-15 15:46:21'),(12,0,'sold',52862384,780983247,418611208,NULL,'2013-05-15 15:46:21','2013-05-15 15:46:21'),(13,0,'sold',52862384,780983247,418611208,NULL,'2013-05-15 15:46:21','2013-05-15 15:46:21'),(14,0,'sold',215054540,73849921,35341291,NULL,'2013-05-15 15:46:21','2013-05-15 15:46:21'),(15,0,'sold',215054540,73849921,35341291,NULL,'2013-05-15 15:46:21','2013-05-15 15:46:21'),(16,0,'sold',215054540,183664179,1015883258,NULL,'2013-05-15 15:46:21','2013-05-15 15:46:21'),(17,0,'sold',405540681,183664179,1015883258,NULL,'2013-05-15 15:46:21','2013-05-15 15:46:21'),(18,0,'sold',215054540,192544832,1023761401,NULL,'2013-05-15 15:46:21','2013-05-15 15:46:21'),(19,0,'sold',215054540,192544832,1023761401,NULL,'2013-05-15 15:46:21','2013-05-15 15:46:21'),(20,0,'sold',215054540,192544832,1023761401,NULL,'2013-05-15 15:46:21','2013-05-15 15:46:21'),(21,0,'sold',215054540,192544832,1023761401,NULL,'2013-05-15 15:46:21','2013-05-15 15:46:21'),(22,0,'sold',52862384,790021435,426352382,NULL,'2013-05-15 15:46:21','2013-05-15 15:46:21'),(23,0,'sold',52862384,790021435,426352382,NULL,'2013-05-15 15:46:21','2013-05-15 15:46:21'),(24,0,'sold',52862384,790021435,426352382,NULL,'2013-05-15 15:46:21','2013-05-15 15:46:21'),(25,0,'sold',52862384,790021435,426352382,NULL,'2013-05-15 15:46:21','2013-05-15 15:46:21'),(26,0,'sold',52862384,790021435,426352382,NULL,'2013-05-15 15:46:21','2013-05-15 15:46:21'),(27,0,'sold',52862384,790021435,426352382,NULL,'2013-05-15 15:46:21','2013-05-15 15:46:21'),(28,0,'sold',52862384,790021435,426352382,NULL,'2013-05-15 15:46:21','2013-05-15 15:46:21'),(29,0,'sold',52862384,790021435,426352382,NULL,'2013-05-15 15:46:21','2013-05-15 15:46:21'),(30,0,'sold',52862384,790021435,426352382,NULL,'2013-05-15 15:46:21','2013-05-15 15:46:21'),(31,0,'sold',52862384,790021435,426352382,NULL,'2013-05-15 15:46:21','2013-05-15 15:46:21'),(32,0,'sold',405540681,228571690,1004593649,NULL,'2013-05-15 15:46:21','2013-05-15 15:46:21'),(33,0,'sold',405540681,228571690,1004593649,NULL,'2013-05-15 15:46:21','2013-05-15 15:46:21'),(34,0,'sold',405540681,228571690,1004593649,NULL,'2013-05-15 15:46:21','2013-05-15 15:46:21'),(35,0,'sold',215054540,216145139,983385912,NULL,'2013-05-15 15:46:21','2013-05-15 15:46:21'),(36,0,'sold',215054540,216145139,983385912,NULL,'2013-05-15 15:46:21','2013-05-15 15:46:21'),(37,0,'sold',215054540,216145139,983385912,NULL,'2013-05-15 15:46:21','2013-05-15 15:46:21'),(38,0,'sold',215054540,216145139,983385912,NULL,'2013-05-15 15:46:21','2013-05-15 15:46:21'),(39,0,'sold',52862384,702619608,530465809,NULL,'2013-05-15 15:46:21','2013-05-15 15:46:21'),(40,0,'sold',52862384,702619608,530465809,NULL,'2013-05-15 15:46:21','2013-05-15 15:46:21'),(41,0,'sold',52862384,702619608,530465809,NULL,'2013-05-15 15:46:21','2013-05-15 15:46:21'),(42,0,'sold',52862384,702619608,530465809,NULL,'2013-05-15 15:46:21','2013-05-15 15:46:21'),(43,0,'sold',52862384,702619608,530465809,NULL,'2013-05-15 15:46:21','2013-05-15 15:46:21'),(44,0,'sold',215054540,228571690,1004593649,NULL,'2013-05-15 15:46:21','2013-05-15 15:46:21'),(45,0,'sold',215054540,228571690,1004593649,NULL,'2013-05-15 15:46:21','2013-05-15 15:46:21'),(46,0,'sold',215054540,228571690,1004593649,NULL,'2013-05-15 15:46:21','2013-05-15 15:46:21'),(47,0,'sold',215054540,228571690,1004593649,NULL,'2013-05-15 15:46:21','2013-05-15 15:46:21'),(48,0,'sold',215054540,239817259,942934510,NULL,'2013-05-15 15:46:21','2013-05-15 15:46:21'),(49,0,'sold',215054540,239817259,942934510,NULL,'2013-05-15 15:46:21','2013-05-15 15:46:21'),(50,0,'sold',599112055,906884218,7516093,NULL,'2013-05-15 15:46:21','2013-05-15 15:46:21'),(51,0,'sold',599112055,906884218,7516093,NULL,'2013-05-15 15:46:21','2013-05-15 15:46:21'),(52,0,'sold',599112055,906884218,7516093,NULL,'2013-05-15 15:46:21','2013-05-15 15:46:21'),(53,0,'sold',215054540,265374943,967710488,NULL,'2013-05-15 15:46:21','2013-05-15 15:46:21'),(54,0,'sold',215054540,265374943,967710488,NULL,'2013-05-15 15:46:21','2013-05-15 15:46:21'),(55,0,'sold',215054540,265374943,967710488,NULL,'2013-05-15 15:46:21','2013-05-15 15:46:21'),(56,0,'sold',215054540,265374943,967710488,NULL,'2013-05-15 15:46:21','2013-05-15 15:46:21'),(57,0,'sold',215054540,264449064,968652773,NULL,'2013-05-15 15:46:21','2013-05-15 15:46:21'),(58,0,'sold',215054540,264449064,968652773,NULL,'2013-05-15 15:46:21','2013-05-15 15:46:21'),(59,0,'sold',504220342,330565047,365533797,NULL,'2013-05-15 15:46:21','2013-05-15 15:46:21'),(60,0,'sold',504220342,330565047,365533797,NULL,'2013-05-15 15:46:21','2013-05-15 15:46:21'),(61,0,'sold',504220342,335228811,629437518,NULL,'2013-05-15 15:46:21','2013-05-15 15:46:21'),(62,0,'sold',215054540,9493021,921666016,NULL,'2013-05-15 15:46:21','2013-05-15 15:46:21'),(63,0,'sold',215054540,9493021,921666016,NULL,'2013-05-15 15:46:21','2013-05-15 15:46:21'),(64,0,'sold',215054540,9493021,921666016,NULL,'2013-05-15 15:46:21','2013-05-15 15:46:21'),(65,0,'sold',215054540,9493021,921666016,NULL,'2013-05-15 15:46:21','2013-05-15 15:46:21'),(66,0,'sold',215054540,8567520,922607911,NULL,'2013-05-15 15:46:21','2013-05-15 15:46:21'),(67,0,'sold',215054540,8567520,922607911,NULL,'2013-05-15 15:46:21','2013-05-15 15:46:21'),(68,0,'sold',215054540,17482993,930455338,NULL,'2013-05-15 15:46:21','2013-05-15 15:46:21'),(69,0,'sold',599112055,953580620,245966735,NULL,'2013-05-15 15:46:21','2013-05-15 15:46:21'),(70,0,'sold',599112055,953580620,245966735,NULL,'2013-05-15 15:46:21','2013-05-15 15:46:21'),(71,0,'sold',52862384,648055060,283103959,NULL,'2013-05-15 15:46:21','2013-05-15 15:46:21'),(72,0,'sold',52862384,648055060,283103959,NULL,'2013-05-15 15:46:21','2013-05-15 15:46:21'),(73,0,'sold',52862384,648055060,283103959,NULL,'2013-05-15 15:46:21','2013-05-15 15:46:21'),(74,0,'sold',52862384,648055060,283103959,NULL,'2013-05-15 15:46:21','2013-05-15 15:46:21'),(75,0,'sold',52862384,648055060,283103959,NULL,'2013-05-15 15:46:21','2013-05-15 15:46:21'),(76,0,'sold',52862384,648055060,283103959,NULL,'2013-05-15 15:46:21','2013-05-15 15:46:21'),(77,0,'sold',52862384,648055060,283103959,NULL,'2013-05-15 15:46:21','2013-05-15 15:46:21'),(78,0,'sold',215054540,37328065,877055750,NULL,'2013-05-15 15:46:21','2013-05-15 15:46:21'),(79,0,'sold',215054540,37328065,877055750,NULL,'2013-05-15 15:46:21','2013-05-15 15:46:21'),(80,0,'sold',215054540,36435006,877965311,NULL,'2013-05-15 15:46:21','2013-05-15 15:46:21'),(81,0,'sold',215054540,36435006,877965311,NULL,'2013-05-15 15:46:21','2013-05-15 15:46:21'),(82,0,'sold',215054540,36435006,877965311,NULL,'2013-05-15 15:46:21','2013-05-15 15:46:21'),(83,0,'sold',215054540,48114926,882997035,NULL,'2013-05-15 15:46:21','2013-05-15 15:46:21'),(84,0,'sold',215054540,46943257,884152274,NULL,'2013-05-15 15:46:21','2013-05-15 15:46:21'),(85,0,'sold',215054540,46943257,884152274,NULL,'2013-05-15 15:46:21','2013-05-15 15:46:21'),(86,0,'sold',215054540,46943257,884152274,NULL,'2013-05-15 15:46:21','2013-05-15 15:46:21'),(87,0,'sold',215054540,231772182,195891138,NULL,'2013-05-15 15:46:21','2013-05-15 15:46:21'),(88,0,'sold',215054540,231772182,195891138,NULL,'2013-05-15 15:46:21','2013-05-15 15:46:21'),(89,0,'sold',599112055,983075517,216519034,NULL,'2013-05-15 15:46:21','2013-05-15 15:46:21'),(90,0,'sold',599112055,1039486630,193598819,NULL,'2013-05-15 15:46:21','2013-05-15 15:46:21'),(91,0,'sold',52862384,542594049,371722298,NULL,'2013-05-15 15:46:21','2013-05-15 15:46:21'),(92,0,'sold',215054540,89411802,858458911,NULL,'2013-05-15 15:46:21','2013-05-15 15:46:21'),(93,0,'sold',215054540,89411802,858458911,NULL,'2013-05-15 15:46:21','2013-05-15 15:46:21'),(94,0,'sold',215054540,89411802,858458911,NULL,'2013-05-15 15:46:21','2013-05-15 15:46:21'),(95,0,'sold',215054540,89411802,858458911,NULL,'2013-05-15 15:46:21','2013-05-15 15:46:21'),(96,0,'sold',215054540,88485925,859401190,NULL,'2013-05-15 15:46:21','2013-05-15 15:46:21'),(97,0,'sold',52862384,567102733,397547216,NULL,'2013-05-15 15:46:21','2013-05-15 15:46:21'),(98,0,'sold',52862384,567102733,397547216,NULL,'2013-05-15 15:46:21','2013-05-15 15:46:21'),(99,0,'sold',52862384,567102733,397547216,NULL,'2013-05-15 15:46:21','2013-05-15 15:46:21'),(100,0,'sold',52862384,567102733,397547216,NULL,'2013-05-15 15:46:21','2013-05-15 15:46:21'),(101,0,'sold',52862384,567102733,397547216,NULL,'2013-05-15 15:46:21','2013-05-15 15:46:21'),(102,0,'sold',52862384,567102733,397547216,NULL,'2013-05-15 15:46:21','2013-05-15 15:46:21'),(103,0,'sold',52862384,567102733,397547216,NULL,'2013-05-15 15:46:21','2013-05-15 15:46:21'),(104,0,'sold',52862384,567102733,397547216,NULL,'2013-05-15 15:46:21','2013-05-15 15:46:21'),(105,0,'sold',52862384,567102733,397547216,NULL,'2013-05-15 15:46:21','2013-05-15 15:46:21'),(106,0,'sold',215054540,95676661,869053234,NULL,'2013-05-15 15:46:21','2013-05-15 15:46:21'),(107,0,'sold',215054540,95676661,869053234,NULL,'2013-05-15 15:46:21','2013-05-15 15:46:21'),(108,0,'sold',215054540,94472210,870241227,NULL,'2013-05-15 15:46:21','2013-05-15 15:46:21'),(109,0,'sold',599112055,1069267029,163898264,NULL,'2013-05-15 15:46:21','2013-05-15 15:46:21'),(110,0,'sold',215054540,134028804,830621127,NULL,'2013-05-15 15:46:21','2013-05-15 15:46:21'),(111,0,'sold',215054540,133136121,831530304,NULL,'2013-05-15 15:46:21','2013-05-15 15:46:21'),(112,0,'sold',504220342,349815214,312761982,NULL,'2013-05-15 15:46:21','2013-05-15 15:46:21'),(113,0,'sold',215054540,403830194,779005547,NULL,'2013-05-15 15:46:21','2013-05-15 15:46:21'),(114,0,'sold',215054540,403830194,779005547,NULL,'2013-05-15 15:46:21','2013-05-15 15:46:21'),(115,0,'sold',215054540,403830194,779005547,NULL,'2013-05-15 15:46:21','2013-05-15 15:46:21'),(116,0,'sold',215054540,403830194,779005547,NULL,'2013-05-15 15:46:21','2013-05-15 15:46:21'),(117,0,'sold',599112055,567102733,397547216,NULL,'2013-05-15 15:46:21','2013-05-15 15:46:21'),(118,0,'sold',599112055,567102733,397547216,NULL,'2013-05-15 15:46:21','2013-05-15 15:46:21'),(119,0,'sold',599112055,568274416,396391991,NULL,'2013-05-15 15:46:21','2013-05-15 15:46:21'),(120,0,'sold',599112055,568274416,396391991,NULL,'2013-05-15 15:46:21','2013-05-15 15:46:21'),(121,0,'sold',599112055,568274416,396391991,NULL,'2013-05-15 15:46:21','2013-05-15 15:46:21'),(122,0,'sold',215054540,429493153,803655784,NULL,'2013-05-15 15:46:21','2013-05-15 15:46:21'),(123,0,'sold',215054540,428600156,804565151,NULL,'2013-05-15 15:46:21','2013-05-15 15:46:21'),(124,0,'sold',215054540,428600156,804565151,NULL,'2013-05-15 15:46:21','2013-05-15 15:46:21'),(125,0,'sold',215054540,349815214,312761982,NULL,'2013-05-15 15:46:21','2013-05-15 15:46:21'),(126,0,'sold',215054540,349815214,312761982,NULL,'2013-05-15 15:46:21','2013-05-15 15:46:21'),(127,0,'sold',599112055,596761353,367952066,NULL,'2013-05-15 15:46:21','2013-05-15 15:46:21'),(128,0,'sold',599112055,596761353,367952066,NULL,'2013-05-15 15:46:21','2013-05-15 15:46:21'),(129,0,'sold',52862384,1068095656,165053295,NULL,'2013-05-15 15:46:21','2013-05-15 15:46:21'),(130,0,'sold',215054540,456181117,760192702,NULL,'2013-05-15 15:46:21','2013-05-15 15:46:21'),(131,0,'sold',215054540,456181117,760192702,NULL,'2013-05-15 15:46:21','2013-05-15 15:46:21'),(132,0,'sold',215054540,456181117,760192702,NULL,'2013-05-15 15:46:21','2013-05-15 15:46:21'),(133,0,'sold',215054540,455255426,761134663,NULL,'2013-05-15 15:46:21','2013-05-15 15:46:21'),(134,0,'sold',215054540,455255426,761134663,NULL,'2013-05-15 15:46:21','2013-05-15 15:46:21'),(135,0,'sold',215054540,455255426,761134663,NULL,'2013-05-15 15:46:21','2013-05-15 15:46:21'),(136,0,'sold',215054540,467107162,765994643,NULL,'2013-05-15 15:46:21','2013-05-15 15:46:21'),(137,0,'sold',215054540,467107162,765994643,NULL,'2013-05-15 15:46:21','2013-05-15 15:46:21'),(138,0,'sold',215054540,467107162,765994643,NULL,'2013-05-15 15:46:21','2013-05-15 15:46:21'),(139,0,'sold',215054540,467107162,765994643,NULL,'2013-05-15 15:46:21','2013-05-15 15:46:21'),(140,0,'sold',215054540,465903021,767182442,NULL,'2013-05-15 15:46:21','2013-05-15 15:46:21'),(141,0,'sold',215054540,465903021,767182442,NULL,'2013-05-15 15:46:21','2013-05-15 15:46:21'),(142,0,'sold',215054540,465903021,767182442,NULL,'2013-05-15 15:46:21','2013-05-15 15:46:21'),(143,0,'sold',215054540,475857254,706894503,NULL,'2013-05-15 15:46:22','2013-05-15 15:46:22'),(144,0,'sold',215054540,475857254,706894503,NULL,'2013-05-15 15:46:22','2013-05-15 15:46:22'),(145,0,'sold',215054540,475857254,706894503,NULL,'2013-05-15 15:46:22','2013-05-15 15:46:22'),(146,0,'sold',215054540,474964377,707803742,NULL,'2013-05-15 15:46:22','2013-05-15 15:46:22'),(147,0,'sold',215054540,474964377,707803742,NULL,'2013-05-15 15:46:22','2013-05-15 15:46:22'),(148,0,'sold',215054540,474964377,707803742,NULL,'2013-05-15 15:46:22','2013-05-15 15:46:22'),(149,0,'sold',52862384,952376497,247154552,NULL,'2013-05-15 15:46:22','2013-05-15 15:46:22'),(150,0,'sold',52862384,952376497,247154552,NULL,'2013-05-15 15:46:22','2013-05-15 15:46:22'),(151,0,'sold',52862384,952376497,247154552,NULL,'2013-05-15 15:46:22','2013-05-15 15:46:22'),(152,0,'sold',52862384,952376497,247154552,NULL,'2013-05-15 15:46:22','2013-05-15 15:46:22'),(153,0,'sold',52862384,952376497,247154552,NULL,'2013-05-15 15:46:22','2013-05-15 15:46:22'),(154,0,'sold',52862384,952376497,247154552,NULL,'2013-05-15 15:46:22','2013-05-15 15:46:22'),(155,0,'sold',52862384,952376497,247154552,NULL,'2013-05-15 15:46:22','2013-05-15 15:46:22'),(156,0,'sold',52862384,952376497,247154552,NULL,'2013-05-15 15:46:22','2013-05-15 15:46:22'),(157,0,'sold',405540681,488679357,727710848,NULL,'2013-05-15 15:46:22','2013-05-15 15:46:22'),(158,0,'sold',215054540,481999185,717611658,NULL,'2013-05-15 15:46:22','2013-05-15 15:46:22'),(159,0,'sold',215054540,480827830,718766707,NULL,'2013-05-15 15:46:22','2013-05-15 15:46:22'),(160,0,'sold',215054540,480827830,718766707,NULL,'2013-05-15 15:46:22','2013-05-15 15:46:22'),(161,0,'sold',215054540,480827830,718766707,NULL,'2013-05-15 15:46:22','2013-05-15 15:46:22'),(162,0,'sold',215054540,480827830,718766707,NULL,'2013-05-15 15:46:22','2013-05-15 15:46:22'),(163,0,'sold',215054540,330565047,365533797,NULL,'2013-05-15 15:46:22','2013-05-15 15:46:22'),(164,0,'sold',215054540,330565047,365533797,NULL,'2013-05-15 15:46:22','2013-05-15 15:46:22'),(165,0,'sold',215054540,330565047,365533797,NULL,'2013-05-15 15:46:22','2013-05-15 15:46:22'),(166,0,'sold',215054540,330565047,365533797,NULL,'2013-05-15 15:46:22','2013-05-15 15:46:22'),(167,0,'sold',215054540,488679357,727710848,NULL,'2013-05-15 15:46:22','2013-05-15 15:46:22'),(168,0,'sold',215054540,488679357,727710848,NULL,'2013-05-15 15:46:22','2013-05-15 15:46:22'),(169,0,'sold',215054540,488679357,727710848,NULL,'2013-05-15 15:46:22','2013-05-15 15:46:22'),(170,0,'sold',215054540,488679357,727710848,NULL,'2013-05-15 15:46:22','2013-05-15 15:46:22'),(171,0,'sold',215054540,539762571,1020487291,NULL,'2013-05-15 15:46:22','2013-05-15 15:46:22'),(172,0,'sold',215054540,539762571,1020487291,NULL,'2013-05-15 15:46:22','2013-05-15 15:46:22'),(173,0,'sold',215054540,539762571,1020487291,NULL,'2013-05-15 15:46:22','2013-05-15 15:46:22'),(174,0,'sold',215054540,539762571,1020487291,NULL,'2013-05-15 15:46:22','2013-05-15 15:46:22'),(175,0,'sold',599112055,620502818,310592731,NULL,'2013-05-15 15:46:22','2013-05-15 15:46:22'),(176,0,'sold',599112055,620502818,310592731,NULL,'2013-05-15 15:46:22','2013-05-15 15:46:22'),(177,0,'sold',599112055,620502818,310592731,NULL,'2013-05-15 15:46:22','2013-05-15 15:46:22'),(178,0,'sold',215054540,519327672,680203391,NULL,'2013-05-15 15:46:22','2013-05-15 15:46:22'),(179,0,'sold',215054540,519327672,680203391,NULL,'2013-05-15 15:46:22','2013-05-15 15:46:22'),(180,0,'sold',215054540,518401861,681145480,NULL,'2013-05-15 15:46:22','2013-05-15 15:46:22'),(181,0,'sold',215054540,518401861,681145480,NULL,'2013-05-15 15:46:22','2013-05-15 15:46:22'),(182,0,'sold',215054540,518401861,681145480,NULL,'2013-05-15 15:46:22','2013-05-15 15:46:22'),(183,0,'sold',504220342,231772182,195891138,NULL,'2013-05-15 15:46:22','2013-05-15 15:46:22'),(184,0,'sold',599112055,649259497,281915952,NULL,'2013-05-15 15:46:22','2013-05-15 15:46:22'),(185,0,'sold',215054540,297130368,667583165,NULL,'2013-05-15 15:46:22','2013-05-15 15:46:22'),(186,0,'sold',215054540,297130368,667583165,NULL,'2013-05-15 15:46:22','2013-05-15 15:46:22'),(187,0,'sold',215054540,297130368,667583165,NULL,'2013-05-15 15:46:22','2013-05-15 15:46:22'),(188,0,'sold',215054540,297130368,667583165,NULL,'2013-05-15 15:46:22','2013-05-15 15:46:22'),(189,0,'sold',215054540,296204679,668525120,NULL,'2013-05-15 15:46:22','2013-05-15 15:46:22'),(190,0,'sold',215054540,296204679,668525120,NULL,'2013-05-15 15:46:22','2013-05-15 15:46:22'),(191,0,'sold',215054540,296204679,668525120,NULL,'2013-05-15 15:46:22','2013-05-15 15:46:22'),(192,0,'sold',215054540,296204679,668525120,NULL,'2013-05-15 15:46:22','2013-05-15 15:46:22'),(193,0,'sold',405540681,335228811,629437518,NULL,'2013-05-15 15:46:22','2013-05-15 15:46:22'),(194,0,'sold',405540681,335228811,629437518,NULL,'2013-05-15 15:46:22','2013-05-15 15:46:22'),(195,0,'sold',215054540,308359551,605973176,NULL,'2013-05-15 15:46:22','2013-05-15 15:46:22'),(196,0,'sold',52862384,932702864,32026953,NULL,'2013-05-15 15:46:22','2013-05-15 15:46:22'),(197,0,'sold',52862384,932702864,32026953,NULL,'2013-05-15 15:46:22','2013-05-15 15:46:22'),(198,0,'sold',52862384,932702864,32026953,NULL,'2013-05-15 15:46:22','2013-05-15 15:46:22'),(199,0,'sold',52862384,932702864,32026953,NULL,'2013-05-15 15:46:22','2013-05-15 15:46:22'),(200,0,'sold',52862384,932702864,32026953,NULL,'2013-05-15 15:46:22','2013-05-15 15:46:22'),(201,0,'sold',52862384,931498615,33214900,NULL,'2013-05-15 15:46:22','2013-05-15 15:46:22'),(202,0,'sold',52862384,931498615,33214900,NULL,'2013-05-15 15:46:22','2013-05-15 15:46:22'),(203,0,'sold',52862384,931498615,33214900,NULL,'2013-05-15 15:46:22','2013-05-15 15:46:22'),(204,0,'sold',52862384,931498615,33214900,NULL,'2013-05-15 15:46:22','2013-05-15 15:46:22'),(205,0,'sold',52862384,931498615,33214900,NULL,'2013-05-15 15:46:22','2013-05-15 15:46:22'),(206,0,'sold',52862384,931498615,33214900,NULL,'2013-05-15 15:46:22','2013-05-15 15:46:22'),(207,0,'sold',52862384,931498615,33214900,NULL,'2013-05-15 15:46:22','2013-05-15 15:46:22'),(208,0,'sold',52862384,931498615,33214900,NULL,'2013-05-15 15:46:22','2013-05-15 15:46:22'),(209,0,'sold',52862384,931498615,33214900,NULL,'2013-05-15 15:46:22','2013-05-15 15:46:22'),(210,0,'sold',52862384,931498615,33214900,NULL,'2013-05-15 15:46:22','2013-05-15 15:46:22'),(211,0,'sold',599112055,707237680,475581673,NULL,'2013-05-15 15:46:22','2013-05-15 15:46:22'),(212,0,'sold',599112055,707237680,475581673,NULL,'2013-05-15 15:46:22','2013-05-15 15:46:22'),(213,0,'sold',599112055,707237680,475581673,NULL,'2013-05-15 15:46:22','2013-05-15 15:46:22'),(214,0,'sold',215054540,335228811,629437518,NULL,'2013-05-15 15:46:22','2013-05-15 15:46:22'),(215,0,'sold',52862384,820530800,110564781,NULL,'2013-05-15 15:46:22','2013-05-15 15:46:22'),(216,0,'sold',52862384,820530800,110564781,NULL,'2013-05-15 15:46:22','2013-05-15 15:46:22'),(217,0,'sold',52862384,820530800,110564781,NULL,'2013-05-15 15:46:22','2013-05-15 15:46:22'),(218,0,'sold',52862384,820530800,110564781,NULL,'2013-05-15 15:46:22','2013-05-15 15:46:22'),(219,0,'sold',52862384,820530800,110564781,NULL,'2013-05-15 15:46:22','2013-05-15 15:46:22'),(220,0,'sold',215054540,345435026,585740373,NULL,'2013-05-15 15:46:22','2013-05-15 15:46:22'),(221,0,'sold',215054540,345435026,585740373,NULL,'2013-05-15 15:46:22','2013-05-15 15:46:22'),(222,0,'sold',215054540,345435026,585740373,NULL,'2013-05-15 15:46:22','2013-05-15 15:46:22'),(223,0,'sold',215054540,345435026,585740373,NULL,'2013-05-15 15:46:22','2013-05-15 15:46:22'),(224,0,'sold',405540681,345435026,585740373,NULL,'2013-05-15 15:46:22','2013-05-15 15:46:22'),(225,0,'sold',215054540,368651700,596014713,NULL,'2013-05-15 15:46:22','2013-05-15 15:46:22'),(226,0,'sold',215054540,368651700,596014713,NULL,'2013-05-15 15:46:22','2013-05-15 15:46:22'),(227,0,'sold',215054540,368651700,596014713,NULL,'2013-05-15 15:46:22','2013-05-15 15:46:22'),(228,0,'sold',215054540,383262055,547833508,NULL,'2013-05-15 15:46:22','2013-05-15 15:46:22'),(229,0,'sold',215054540,383262055,547833508,NULL,'2013-05-15 15:46:22','2013-05-15 15:46:22'),(230,0,'sold',215054540,383262055,547833508,NULL,'2013-05-15 15:46:22','2013-05-15 15:46:22'),(231,0,'sold',215054540,382369184,548742745,NULL,'2013-05-15 15:46:22','2013-05-15 15:46:22'),(232,0,'sold',215054540,391144298,556742829,NULL,'2013-05-15 15:46:22','2013-05-15 15:46:22'),(233,0,'sold',215054540,391144298,556742829,NULL,'2013-05-15 15:46:22','2013-05-15 15:46:22'),(234,0,'sold',215054540,391144298,556742829,NULL,'2013-05-15 15:46:22','2013-05-15 15:46:22'),(235,0,'sold',504220342,73849921,35341291,NULL,'2013-05-15 15:46:22','2013-05-15 15:46:22'),(236,0,'sold',599112055,297130368,667583165,NULL,'2013-05-15 15:46:22','2013-05-15 15:46:22'),(237,0,'sold',599112055,297130368,667583165,NULL,'2013-05-15 15:46:22','2013-05-15 15:46:22'),(238,0,'sold',599112055,297130368,667583165,NULL,'2013-05-15 15:46:22','2013-05-15 15:46:22'),(239,0,'sold',215054540,703823663,529278188,NULL,'2013-05-15 15:46:22','2013-05-15 15:46:22'),(240,0,'sold',215054540,703823663,529278188,NULL,'2013-05-15 15:46:22','2013-05-15 15:46:22'),(241,0,'sold',215054540,703823663,529278188,NULL,'2013-05-15 15:46:22','2013-05-15 15:46:22'),(242,0,'sold',215054540,703823663,529278188,NULL,'2013-05-15 15:46:22','2013-05-15 15:46:22'),(243,0,'sold',215054540,702619608,530465809,NULL,'2013-05-15 15:46:22','2013-05-15 15:46:22'),(244,0,'sold',504220342,987209861,1017790295,NULL,'2013-05-15 15:46:22','2013-05-15 15:46:22'),(245,0,'sold',504220342,987209861,1017790295,NULL,'2013-05-15 15:46:22','2013-05-15 15:46:22'),(246,0,'sold',215054540,615724322,583969526,NULL,'2013-05-15 15:46:22','2013-05-15 15:46:22'),(247,0,'sold',215054540,615724322,583969526,NULL,'2013-05-15 15:46:22','2013-05-15 15:46:22'),(248,0,'sold',215054540,615724322,583969526,NULL,'2013-05-15 15:46:22','2013-05-15 15:46:22'),(249,0,'sold',215054540,707237680,475581673,NULL,'2013-05-15 15:46:22','2013-05-15 15:46:22'),(250,0,'sold',215054540,707237680,475581673,NULL,'2013-05-15 15:46:22','2013-05-15 15:46:22'),(251,0,'sold',215054540,707237680,475581673,NULL,'2013-05-15 15:46:22','2013-05-15 15:46:22'),(252,0,'sold',215054540,707237680,475581673,NULL,'2013-05-15 15:46:22','2013-05-15 15:46:22'),(253,0,'sold',599112055,335228811,629437518,NULL,'2013-05-15 15:46:22','2013-05-15 15:46:22'),(254,0,'sold',215054540,727331319,488991282,NULL,'2013-05-15 15:46:22','2013-05-15 15:46:22'),(255,0,'sold',215054540,727331319,488991282,NULL,'2013-05-15 15:46:22','2013-05-15 15:46:22'),(256,0,'sold',215054540,727331319,488991282,NULL,'2013-05-15 15:46:22','2013-05-15 15:46:22'),(257,0,'sold',215054540,727331319,488991282,NULL,'2013-05-15 15:46:22','2013-05-15 15:46:22'),(258,0,'sold',215054540,726159630,490146509,NULL,'2013-05-15 15:46:22','2013-05-15 15:46:22'),(259,0,'sold',215054540,726159630,490146509,NULL,'2013-05-15 15:46:22','2013-05-15 15:46:22'),(260,0,'sold',215054540,726159630,490146509,NULL,'2013-05-15 15:46:22','2013-05-15 15:46:22'),(261,0,'sold',52862384,264449064,968652773,NULL,'2013-05-15 15:46:22','2013-05-15 15:46:22'),(262,0,'sold',52862384,264449064,968652773,NULL,'2013-05-15 15:46:22','2013-05-15 15:46:22'),(263,0,'sold',405540681,707237680,475581673,NULL,'2013-05-15 15:46:22','2013-05-15 15:46:22'),(264,0,'sold',405540681,707237680,475581673,NULL,'2013-05-15 15:46:22','2013-05-15 15:46:22'),(265,0,'sold',215054540,733841882,499307037,NULL,'2013-05-15 15:46:22','2013-05-15 15:46:22'),(266,0,'sold',215054540,732948771,500216554,NULL,'2013-05-15 15:46:22','2013-05-15 15:46:22'),(267,0,'sold',52862384,145680447,1053930492,NULL,'2013-05-15 15:46:22','2013-05-15 15:46:22'),(268,0,'sold',52862384,145680447,1053930492,NULL,'2013-05-15 15:46:22','2013-05-15 15:46:22'),(269,0,'sold',215054540,741864942,440970793,NULL,'2013-05-15 15:46:22','2013-05-15 15:46:22'),(270,0,'sold',215054540,740660503,442158806,NULL,'2013-05-15 15:46:22','2013-05-15 15:46:22'),(271,0,'sold',215054540,740660503,442158806,NULL,'2013-05-15 15:46:22','2013-05-15 15:46:22'),(272,0,'sold',215054540,740660503,442158806,NULL,'2013-05-15 15:46:22','2013-05-15 15:46:22'),(273,0,'sold',215054540,740660503,442158806,NULL,'2013-05-15 15:46:22','2013-05-15 15:46:22'),(274,0,'sold',215054540,751848899,447682054,NULL,'2013-05-15 15:46:22','2013-05-15 15:46:22'),(275,0,'sold',215054540,751848899,447682054,NULL,'2013-05-15 15:46:22','2013-05-15 15:46:22'),(276,0,'sold',215054540,750923066,448624385,NULL,'2013-05-15 15:46:22','2013-05-15 15:46:22'),(277,0,'sold',215054540,601813305,631467759,NULL,'2013-05-15 15:46:22','2013-05-15 15:46:22'),(278,0,'sold',599112055,345435026,585740373,NULL,'2013-05-15 15:46:22','2013-05-15 15:46:22'),(279,0,'sold',599112055,345435026,585740373,NULL,'2013-05-15 15:46:22','2013-05-15 15:46:22'),(280,0,'sold',599112055,345435026,585740373,NULL,'2013-05-15 15:46:22','2013-05-15 15:46:22'),(281,0,'sold',504220342,1035625630,1002961742,NULL,'2013-05-15 15:46:22','2013-05-15 15:46:22'),(282,0,'sold',215054540,782154552,417456373,NULL,'2013-05-15 15:46:22','2013-05-15 15:46:22'),(283,0,'sold',215054540,780983247,418611208,NULL,'2013-05-15 15:46:22','2013-05-15 15:46:22'),(284,0,'sold',215054540,780983247,418611208,NULL,'2013-05-15 15:46:22','2013-05-15 15:46:22'),(285,0,'sold',215054540,780983247,418611208,NULL,'2013-05-15 15:46:22','2013-05-15 15:46:22'),(286,0,'sold',215054540,790021435,426352382,NULL,'2013-05-15 15:46:22','2013-05-15 15:46:22'),(287,0,'sold',215054540,790021435,426352382,NULL,'2013-05-15 15:46:22','2013-05-15 15:46:22'),(288,0,'sold',215054540,790021435,426352382,NULL,'2013-05-15 15:46:22','2013-05-15 15:46:22'),(289,0,'sold',599112055,383262055,547833508,NULL,'2013-05-15 15:46:22','2013-05-15 15:46:22'),(290,0,'sold',599112055,383262055,547833508,NULL,'2013-05-15 15:46:22','2013-05-15 15:46:22'),(291,0,'sold',599112055,383262055,547833508,NULL,'2013-05-15 15:46:22','2013-05-15 15:46:22'),(292,0,'sold',215054540,542594049,371722298,NULL,'2013-05-15 15:46:22','2013-05-15 15:46:22'),(293,0,'sold',215054540,542594049,371722298,NULL,'2013-05-15 15:46:22','2013-05-15 15:46:22'),(294,0,'sold',215054540,542594049,371722298,NULL,'2013-05-15 15:46:22','2013-05-15 15:46:22'),(295,0,'sold',504220342,862055596,891057020,NULL,'2013-05-15 15:46:22','2013-05-15 15:46:22'),(296,0,'sold',504220342,862055596,891057020,NULL,'2013-05-15 15:46:22','2013-05-15 15:46:22'),(297,0,'sold',215054540,568274416,396391991,NULL,'2013-05-15 15:46:22','2013-05-15 15:46:22'),(298,0,'sold',215054540,568274416,396391991,NULL,'2013-05-15 15:46:22','2013-05-15 15:46:22'),(299,0,'sold',215054540,567102733,397547216,NULL,'2013-05-15 15:46:22','2013-05-15 15:46:22'),(300,0,'sold',215054540,567102733,397547216,NULL,'2013-05-15 15:46:22','2013-05-15 15:46:22'),(301,0,'sold',215054540,567102733,397547216,NULL,'2013-05-15 15:46:22','2013-05-15 15:46:22'),(302,0,'sold',405540681,596761353,367952066,NULL,'2013-05-15 15:46:22','2013-05-15 15:46:22'),(303,0,'sold',405540681,596761353,367952066,NULL,'2013-05-15 15:46:22','2013-05-15 15:46:22'),(304,0,'sold',405540681,596761353,367952066,NULL,'2013-05-15 15:46:22','2013-05-15 15:46:22'),(305,0,'sold',215054540,587078949,344016612,NULL,'2013-05-15 15:46:22','2013-05-15 15:46:22'),(306,0,'sold',52862384,133136121,831530304,NULL,'2013-05-15 15:46:22','2013-05-15 15:46:22'),(307,0,'sold',52862384,133136121,831530304,NULL,'2013-05-15 15:46:22','2013-05-15 15:46:22'),(308,0,'sold',52862384,133136121,831530304,NULL,'2013-05-15 15:46:22','2013-05-15 15:46:22'),(309,0,'sold',52862384,133136121,831530304,NULL,'2013-05-15 15:46:22','2013-05-15 15:46:22'),(310,0,'sold',52862384,133136121,831530304,NULL,'2013-05-15 15:46:22','2013-05-15 15:46:22'),(311,0,'sold',52862384,133136121,831530304,NULL,'2013-05-15 15:46:22','2013-05-15 15:46:22'),(312,0,'sold',52862384,133136121,831530304,NULL,'2013-05-15 15:46:22','2013-05-15 15:46:22'),(313,0,'sold',52862384,133136121,831530304,NULL,'2013-05-15 15:46:22','2013-05-15 15:46:22'),(314,0,'sold',215054540,596761353,367952066,NULL,'2013-05-15 15:46:22','2013-05-15 15:46:22'),(315,0,'sold',52862384,8567520,922607911,NULL,'2013-05-15 15:46:22','2013-05-15 15:46:22'),(316,0,'sold',52862384,8567520,922607911,NULL,'2013-05-15 15:46:22','2013-05-15 15:46:22'),(317,0,'sold',52862384,8567520,922607911,NULL,'2013-05-15 15:46:22','2013-05-15 15:46:22'),(318,0,'sold',52862384,8567520,922607911,NULL,'2013-05-15 15:46:22','2013-05-15 15:46:22'),(319,0,'sold',52862384,8567520,922607911,NULL,'2013-05-15 15:46:22','2013-05-15 15:46:22'),(320,0,'sold',599112055,488679357,727710848,NULL,'2013-05-15 15:46:22','2013-05-15 15:46:22'),(321,0,'sold',599112055,488679357,727710848,NULL,'2013-05-15 15:46:22','2013-05-15 15:46:22'),(322,0,'sold',599112055,488679357,727710848,NULL,'2013-05-15 15:46:22','2013-05-15 15:46:22'),(323,0,'sold',215054540,620502818,310592731,NULL,'2013-05-15 15:46:22','2013-05-15 15:46:22'),(324,0,'sold',215054540,620502818,310592731,NULL,'2013-05-15 15:46:22','2013-05-15 15:46:22'),(325,0,'sold',215054540,620502818,310592731,NULL,'2013-05-15 15:46:22','2013-05-15 15:46:22'),(326,0,'sold',215054540,620502818,310592731,NULL,'2013-05-15 15:46:22','2013-05-15 15:46:22'),(327,0,'sold',405540681,620502818,310592731,NULL,'2013-05-15 15:46:22','2013-05-15 15:46:22'),(328,0,'sold',215054540,627442156,320428591,NULL,'2013-05-15 15:46:22','2013-05-15 15:46:22'),(329,0,'sold',215054540,627442156,320428591,NULL,'2013-05-15 15:46:22','2013-05-15 15:46:22'),(330,0,'sold',215054540,649259497,281915952,NULL,'2013-05-15 15:46:22','2013-05-15 15:46:22'),(331,0,'sold',215054540,649259497,281915952,NULL,'2013-05-15 15:46:22','2013-05-15 15:46:22'),(332,0,'sold',215054540,649259497,281915952,NULL,'2013-05-15 15:46:22','2013-05-15 15:46:22'),(333,0,'sold',215054540,648055060,283103959,NULL,'2013-05-15 15:46:22','2013-05-15 15:46:22'),(334,0,'sold',599112055,17482993,930455338,NULL,'2013-05-15 15:46:22','2013-05-15 15:46:22'),(335,0,'sold',599112055,17482993,930455338,NULL,'2013-05-15 15:46:22','2013-05-15 15:46:22'),(336,0,'sold',215054540,953580620,245966735,NULL,'2013-05-15 15:46:22','2013-05-15 15:46:22'),(337,0,'sold',215054540,953580620,245966735,NULL,'2013-05-15 15:46:22','2013-05-15 15:46:22'),(338,0,'sold',215054540,953580620,245966735,NULL,'2013-05-15 15:46:22','2013-05-15 15:46:22'),(339,0,'sold',215054540,953580620,245966735,NULL,'2013-05-15 15:46:22','2013-05-15 15:46:22'),(340,0,'sold',215054540,952376497,247154552,NULL,'2013-05-15 15:46:22','2013-05-15 15:46:22'),(341,0,'sold',215054540,961307330,255015291,NULL,'2013-05-15 15:46:22','2013-05-15 15:46:22'),(342,0,'sold',215054540,961307330,255015291,NULL,'2013-05-15 15:46:22','2013-05-15 15:46:22'),(343,0,'sold',215054540,961307330,255015291,NULL,'2013-05-15 15:46:22','2013-05-15 15:46:22'),(344,0,'sold',215054540,961307330,255015291,NULL,'2013-05-15 15:46:22','2013-05-15 15:46:22'),(345,0,'sold',405540681,953580620,245966735,NULL,'2013-05-15 15:46:22','2013-05-15 15:46:22'),(346,0,'sold',52862384,518401861,681145480,NULL,'2013-05-15 15:46:22','2013-05-15 15:46:22'),(347,0,'sold',52862384,518401861,681145480,NULL,'2013-05-15 15:46:22','2013-05-15 15:46:22'),(348,0,'sold',52862384,518401861,681145480,NULL,'2013-05-15 15:46:22','2013-05-15 15:46:22'),(349,0,'sold',215054540,983075517,216519034,NULL,'2013-05-15 15:46:22','2013-05-15 15:46:22'),(350,0,'sold',215054540,983075517,216519034,NULL,'2013-05-15 15:46:22','2013-05-15 15:46:22'),(351,0,'sold',215054540,983075517,216519034,NULL,'2013-05-15 15:46:22','2013-05-15 15:46:22'),(352,0,'sold',215054540,983075517,216519034,NULL,'2013-05-15 15:46:22','2013-05-15 15:46:22'),(353,0,'sold',405540681,983075517,216519034,NULL,'2013-05-15 15:46:22','2013-05-15 15:46:22'),(354,0,'sold',215054540,1004874852,228226979,NULL,'2013-05-15 15:46:22','2013-05-15 15:46:22'),(355,0,'sold',215054540,1004874852,228226979,NULL,'2013-05-15 15:46:22','2013-05-15 15:46:22'),(356,0,'sold',215054540,1004874852,228226979,NULL,'2013-05-15 15:46:22','2013-05-15 15:46:22'),(357,0,'sold',215054540,1004874852,228226979,NULL,'2013-05-15 15:46:22','2013-05-15 15:46:22'),(358,0,'sold',405540681,1039486630,193598819,NULL,'2013-05-15 15:46:22','2013-05-15 15:46:22'),(359,0,'sold',405540681,1039486630,193598819,NULL,'2013-05-15 15:46:22','2013-05-15 15:46:22'),(360,0,'sold',215054540,1014837421,167930736,NULL,'2013-05-15 15:46:22','2013-05-15 15:46:22'),(361,0,'sold',52862384,403830194,779005547,NULL,'2013-05-15 15:46:22','2013-05-15 15:46:22'),(362,0,'sold',52862384,403830194,779005547,NULL,'2013-05-15 15:46:22','2013-05-15 15:46:22'),(363,0,'sold',52862384,403830194,779005547,NULL,'2013-05-15 15:46:22','2013-05-15 15:46:22'),(364,0,'sold',52862384,403830194,779005547,NULL,'2013-05-15 15:46:22','2013-05-15 15:46:22'),(365,0,'sold',52862384,403830194,779005547,NULL,'2013-05-15 15:46:22','2013-05-15 15:46:22'),(366,0,'sold',52862384,403830194,779005547,NULL,'2013-05-15 15:46:22','2013-05-15 15:46:22'),(367,0,'sold',52862384,403830194,779005547,NULL,'2013-05-15 15:46:22','2013-05-15 15:46:22'),(368,0,'sold',52862384,403830194,779005547,NULL,'2013-05-15 15:46:22','2013-05-15 15:46:22'),(369,0,'sold',52862384,403830194,779005547,NULL,'2013-05-15 15:46:22','2013-05-15 15:46:22'),(370,0,'sold',52862384,428600156,804565151,NULL,'2013-05-15 15:46:22','2013-05-15 15:46:22'),(371,0,'sold',52862384,428600156,804565151,NULL,'2013-05-15 15:46:22','2013-05-15 15:46:22'),(372,0,'sold',52862384,428600156,804565151,NULL,'2013-05-15 15:46:22','2013-05-15 15:46:22'),(373,0,'sold',52862384,428600156,804565151,NULL,'2013-05-15 15:46:22','2013-05-15 15:46:22'),(374,0,'sold',52862384,428600156,804565151,NULL,'2013-05-15 15:46:22','2013-05-15 15:46:22'),(375,0,'sold',215054540,862055596,891057020,NULL,'2013-05-15 15:46:22','2013-05-15 15:46:22'),(376,0,'sold',215054540,1039486630,193598819,NULL,'2013-05-15 15:46:22','2013-05-15 15:46:22'),(377,0,'sold',215054540,1039486630,193598819,NULL,'2013-05-15 15:46:22','2013-05-15 15:46:22'),(378,0,'sold',215054540,1039486630,193598819,NULL,'2013-05-15 15:46:22','2013-05-15 15:46:22'),(379,0,'sold',215054540,1039486630,193598819,NULL,'2013-05-15 15:46:22','2013-05-15 15:46:22'),(380,0,'sold',215054540,1069267029,163898264,NULL,'2013-05-15 15:46:22','2013-05-15 15:46:22'),(381,0,'sold',215054540,1068095656,165053295,NULL,'2013-05-15 15:46:22','2013-05-15 15:46:22'),(382,0,'sold',215054540,821702295,109409616,NULL,'2013-05-15 15:46:22','2013-05-15 15:46:22'),(383,0,'sold',215054540,821702295,109409616,NULL,'2013-05-15 15:46:22','2013-05-15 15:46:22'),(384,0,'sold',215054540,821702295,109409616,NULL,'2013-05-15 15:46:22','2013-05-15 15:46:22'),(385,0,'sold',215054540,820530800,110564781,NULL,'2013-05-15 15:46:22','2013-05-15 15:46:22'),(386,0,'sold',504220342,601813305,631467759,NULL,'2013-05-15 15:46:22','2013-05-15 15:46:22'),(387,0,'sold',504220342,601813305,631467759,NULL,'2013-05-15 15:46:22','2013-05-15 15:46:22'),(388,0,'sold',599112055,146573512,1053020929,NULL,'2013-05-15 15:46:22','2013-05-15 15:46:22'),(389,0,'sold',599112055,146573512,1053020929,NULL,'2013-05-15 15:46:22','2013-05-15 15:46:22'),(390,0,'sold',215054540,844324943,70007694,NULL,'2013-05-15 15:46:22','2013-05-15 15:46:22'),(391,0,'sold',215054540,844324943,70007694,NULL,'2013-05-15 15:46:22','2013-05-15 15:46:22'),(392,0,'sold',215054540,844324943,70007694,NULL,'2013-05-15 15:46:22','2013-05-15 15:46:22'),(393,0,'sold',215054540,843120822,71195505,NULL,'2013-05-15 15:46:22','2013-05-15 15:46:22'),(394,0,'sold',215054540,843120822,71195505,NULL,'2013-05-15 15:46:22','2013-05-15 15:46:22'),(395,0,'sold',215054540,843120822,71195505,NULL,'2013-05-15 15:46:22','2013-05-15 15:46:22'),(396,0,'sold',215054540,843120822,71195505,NULL,'2013-05-15 15:46:22','2013-05-15 15:46:22'),(397,0,'sold',52862384,382369184,548742745,NULL,'2013-05-15 15:46:22','2013-05-15 15:46:22'),(398,0,'sold',52862384,382369184,548742745,NULL,'2013-05-15 15:46:22','2013-05-15 15:46:22'),(399,0,'sold',52862384,382369184,548742745,NULL,'2013-05-15 15:46:22','2013-05-15 15:46:22'),(400,0,'sold',52862384,382369184,548742745,NULL,'2013-05-15 15:46:22','2013-05-15 15:46:22'),(401,0,'sold',52862384,382369184,548742745,NULL,'2013-05-15 15:46:22','2013-05-15 15:46:22'),(402,0,'sold',215054540,850712674,80446377,NULL,'2013-05-15 15:46:22','2013-05-15 15:46:22'),(403,0,'sold',215054540,850712674,80446377,NULL,'2013-05-15 15:46:22','2013-05-15 15:46:22'),(404,0,'sold',215054540,850712674,80446377,NULL,'2013-05-15 15:46:22','2013-05-15 15:46:22'),(405,0,'sold',215054540,849787035,81388382,NULL,'2013-05-15 15:46:22','2013-05-15 15:46:22'),(406,0,'sold',215054540,849787035,81388382,NULL,'2013-05-15 15:46:22','2013-05-15 15:46:22'),(407,0,'sold',215054540,849787035,81388382,NULL,'2013-05-15 15:46:22','2013-05-15 15:46:22'),(408,0,'sold',215054540,1035625630,1002961742,NULL,'2013-05-15 15:46:22','2013-05-15 15:46:22'),(409,0,'sold',215054540,1035625630,1002961742,NULL,'2013-05-15 15:46:22','2013-05-15 15:46:22'),(410,0,'sold',215054540,1035625630,1002961742,NULL,'2013-05-15 15:46:22','2013-05-15 15:46:22'),(411,0,'sold',599112055,183664179,1015883258,NULL,'2013-05-15 15:46:22','2013-05-15 15:46:22'),(412,0,'sold',52862384,391144298,556742829,NULL,'2013-05-15 15:46:22','2013-05-15 15:46:22'),(413,0,'sold',52862384,391144298,556742829,NULL,'2013-05-15 15:46:22','2013-05-15 15:46:22'),(414,0,'sold',52862384,391144298,556742829,NULL,'2013-05-15 15:46:22','2013-05-15 15:46:22'),(415,0,'sold',52862384,391144298,556742829,NULL,'2013-05-15 15:46:22','2013-05-15 15:46:22'),(416,0,'sold',52862384,391144298,556742829,NULL,'2013-05-15 15:46:22','2013-05-15 15:46:22'),(417,0,'sold',52862384,391144298,556742829,NULL,'2013-05-15 15:46:22','2013-05-15 15:46:22'),(418,0,'sold',52862384,391144298,556742829,NULL,'2013-05-15 15:46:22','2013-05-15 15:46:22'),(419,0,'sold',52862384,391144298,556742829,NULL,'2013-05-15 15:46:22','2013-05-15 15:46:22'),(420,0,'sold',215054540,987209861,1017790295,NULL,'2013-05-15 15:46:22','2013-05-15 15:46:22'),(421,0,'sold',215054540,987209861,1017790295,NULL,'2013-05-15 15:46:22','2013-05-15 15:46:22'),(422,0,'sold',599112055,228571690,1004593649,NULL,'2013-05-15 15:46:22','2013-05-15 15:46:22'),(423,0,'sold',599112055,228571690,1004593649,NULL,'2013-05-15 15:46:22','2013-05-15 15:46:22'),(424,0,'sold',599112055,228571690,1004593649,NULL,'2013-05-15 15:46:22','2013-05-15 15:46:22'),(425,0,'sold',52862384,296204679,668525120,NULL,'2013-05-15 15:46:22','2013-05-15 15:46:22'),(426,0,'sold',52862384,296204679,668525120,NULL,'2013-05-15 15:46:22','2013-05-15 15:46:22'),(427,0,'sold',52862384,296204679,668525120,NULL,'2013-05-15 15:46:22','2013-05-15 15:46:22'),(428,0,'sold',52862384,296204679,668525120,NULL,'2013-05-15 15:46:22','2013-05-15 15:46:22'),(429,0,'sold',52862384,296204679,668525120,NULL,'2013-05-15 15:46:22','2013-05-15 15:46:22'),(430,0,'sold',52862384,296204679,668525120,NULL,'2013-05-15 15:46:23','2013-05-15 15:46:23'),(431,0,'sold',52862384,296204679,668525120,NULL,'2013-05-15 15:46:23','2013-05-15 15:46:23'),(432,0,'sold',215054540,893297750,54656917,NULL,'2013-05-15 15:46:23','2013-05-15 15:46:23'),(433,0,'sold',215054540,893297750,54656917,NULL,'2013-05-15 15:46:23','2013-05-15 15:46:23'),(434,0,'sold',215054540,893297750,54656917,NULL,'2013-05-15 15:46:23','2013-05-15 15:46:23'),(435,0,'sold',215054540,892126383,55811946,NULL,'2013-05-15 15:46:23','2013-05-15 15:46:23'),(436,0,'sold',215054540,892126383,55811946,NULL,'2013-05-15 15:46:23','2013-05-15 15:46:23'),(437,0,'sold',215054540,892126383,55811946,NULL,'2013-05-15 15:46:23','2013-05-15 15:46:23'),(438,0,'sold',215054540,903421051,61228994,NULL,'2013-05-15 15:46:23','2013-05-15 15:46:23'),(439,0,'sold',215054540,903421051,61228994,NULL,'2013-05-15 15:46:23','2013-05-15 15:46:23'),(440,0,'sold',215054540,902528130,62138181,NULL,'2013-05-15 15:46:23','2013-05-15 15:46:23'),(441,0,'sold',215054540,902528130,62138181,NULL,'2013-05-15 15:46:23','2013-05-15 15:46:23'),(442,0,'sold',215054540,902528130,62138181,NULL,'2013-05-15 15:46:23','2013-05-15 15:46:23'),(443,0,'sold',215054540,902528130,62138181,NULL,'2013-05-15 15:46:23','2013-05-15 15:46:23'),(444,0,'sold',215054540,906884218,7516093,NULL,'2013-05-15 15:46:23','2013-05-15 15:46:23'),(445,0,'sold',215054540,906884218,7516093,NULL,'2013-05-15 15:46:23','2013-05-15 15:46:23'),(446,0,'sold',599112055,265374943,967710488,NULL,'2013-05-15 15:46:23','2013-05-15 15:46:23'),(447,0,'sold',599112055,265374943,967710488,NULL,'2013-05-15 15:46:23','2013-05-15 15:46:23'),(448,0,'sold',599112055,265374943,967710488,NULL,'2013-05-15 15:46:23','2013-05-15 15:46:23'),(449,0,'sold',504220342,615724322,583969526,NULL,'2013-05-15 15:46:23','2013-05-15 15:46:23'),(450,0,'sold',215054540,932702864,32026953,NULL,'2013-05-15 15:46:23','2013-05-15 15:46:23'),(451,0,'sold',215054540,932702864,32026953,NULL,'2013-05-15 15:46:23','2013-05-15 15:46:23'),(452,0,'sold',215054540,932702864,32026953,NULL,'2013-05-15 15:46:23','2013-05-15 15:46:23'),(453,0,'sold',215054540,932702864,32026953,NULL,'2013-05-15 15:46:23','2013-05-15 15:46:23'),(454,0,'sold',215054540,931498615,33214900,NULL,'2013-05-15 15:46:23','2013-05-15 15:46:23'),(455,0,'sold',215054540,931498615,33214900,NULL,'2013-05-15 15:46:23','2013-05-15 15:46:23');
/*!40000 ALTER TABLE `spree_inventory_units` ENABLE KEYS */;
UNLOCK TABLES;

--
-- Table structure for table `spree_line_items`
--

DROP TABLE IF EXISTS `spree_line_items`;
/*!40101 SET @saved_cs_client     = @@character_set_client */;
/*!40101 SET character_set_client = utf8 */;
CREATE TABLE `spree_line_items` (
  `id` int(11) NOT NULL AUTO_INCREMENT,
  `variant_id` int(11) DEFAULT NULL,
  `order_id` int(11) DEFAULT NULL,
  `quantity` int(11) NOT NULL,
  `price` decimal(8,2) NOT NULL,
  `created_at` datetime NOT NULL,
  `updated_at` datetime NOT NULL,
  `currency` varchar(255) DEFAULT NULL,
  PRIMARY KEY (`id`),
  KEY `index_spree_line_items_on_order_id` (`order_id`),
  KEY `index_spree_line_items_on_variant_id` (`variant_id`)
) ENGINE=InnoDB AUTO_INCREMENT=1070870200 DEFAULT CHARSET=latin1;
/*!40101 SET character_set_client = @saved_cs_client */;

--
-- Dumping data for table `spree_line_items`
--

LOCK TABLES `spree_line_items` WRITE;
/*!40000 ALTER TABLE `spree_line_items` DISABLE KEYS */;
INSERT INTO `spree_line_items` VALUES (15543303,215054540,146573512,4,15.99,'2013-05-15 15:46:19','2013-05-15 15:46:19',NULL),(16731390,215054540,145680447,1,15.99,'2013-05-15 15:46:19','2013-05-15 15:46:19',NULL),(34846300,52862384,780983247,8,13.99,'2013-05-15 15:46:19','2013-05-15 15:46:19',NULL),(43228685,215054540,73849921,2,15.99,'2013-05-15 15:46:19','2013-05-15 15:46:19',NULL),(44292852,215054540,183664179,1,15.99,'2013-05-15 15:46:19','2013-05-15 15:46:19',NULL),(50744442,405540681,183664179,1,19.99,'2013-05-15 15:46:19','2013-05-15 15:46:19',NULL),(53191935,215054540,192544832,4,15.99,'2013-05-15 15:46:19','2013-05-15 15:46:19',NULL),(59353266,52862384,790021435,10,13.99,'2013-05-15 15:46:19','2013-05-15 15:46:19',NULL),(74156129,405540681,228571690,3,19.99,'2013-05-15 15:46:19','2013-05-15 15:46:19',NULL),(78886962,215054540,216145139,4,15.99,'2013-05-15 15:46:19','2013-05-15 15:46:19',NULL),(92172869,52862384,702619608,5,13.99,'2013-05-15 15:46:19','2013-05-15 15:46:19',NULL),(97394411,215054540,228571690,4,15.99,'2013-05-15 15:46:19','2013-05-15 15:46:19',NULL),(102430444,215054540,239817259,2,15.99,'2013-05-15 15:46:19','2013-05-15 15:46:19',NULL),(122003800,599112055,906884218,3,16.99,'2013-05-15 15:46:19','2013-05-15 15:46:19',NULL),(125888542,215054540,265374943,4,15.99,'2013-05-15 15:46:19','2013-05-15 15:46:19',NULL),(127043815,215054540,264449064,2,15.99,'2013-05-15 15:46:19','2013-05-15 15:46:19',NULL),(145281751,504220342,330565047,2,22.99,'2013-05-15 15:46:19','2013-05-15 15:46:19',NULL),(146453040,504220342,335228811,1,22.99,'2013-05-15 15:46:19','2013-05-15 15:46:19',NULL),(146898650,215054540,9493021,4,15.99,'2013-05-15 15:46:19','2013-05-15 15:46:19',NULL),(148053541,215054540,8567520,2,15.99,'2013-05-15 15:46:19','2013-05-15 15:46:19',NULL),(156983340,215054540,17482993,1,15.99,'2013-05-15 15:46:19','2013-05-15 15:46:19',NULL),(161360230,599112055,953580620,2,16.99,'2013-05-15 15:46:19','2013-05-15 15:46:19',NULL),(171959431,52862384,648055060,7,13.99,'2013-05-15 15:46:19','2013-05-15 15:46:19',NULL),(174600196,215054540,37328065,2,15.99,'2013-05-15 15:46:19','2013-05-15 15:46:19',NULL),(175788281,215054540,36435006,3,15.99,'2013-05-15 15:46:19','2013-05-15 15:46:19',NULL),(177178673,215054540,48114926,1,15.99,'2013-05-15 15:46:19','2013-05-15 15:46:19',NULL),(178120916,215054540,46943257,3,15.99,'2013-05-15 15:46:19','2013-05-15 15:46:19',NULL),(187028006,215054540,231772182,2,15.99,'2013-05-15 15:46:19','2013-05-15 15:46:19',NULL),(198238101,599112055,983075517,1,16.99,'2013-05-15 15:46:19','2013-05-15 15:46:19',NULL),(213719948,599112055,1039486630,1,16.99,'2013-05-15 15:46:19','2013-05-15 15:46:19',NULL),(214449770,52862384,542594049,1,13.99,'2013-05-15 15:46:19','2013-05-15 15:46:19',NULL),(218493981,215054540,89411802,4,15.99,'2013-05-15 15:46:19','2013-05-15 15:46:19',NULL),(219649248,215054540,88485925,1,15.99,'2013-05-15 15:46:19','2013-05-15 15:46:19',NULL),(223486112,52862384,567102733,9,13.99,'2013-05-15 15:46:19','2013-05-15 15:46:19',NULL),(232934456,215054540,95676661,2,15.99,'2013-05-15 15:46:19','2013-05-15 15:46:19',NULL),(233843917,215054540,94472210,1,15.99,'2013-05-15 15:46:19','2013-05-15 15:46:19',NULL),(250867069,599112055,1069267029,1,16.99,'2013-05-15 15:46:19','2013-05-15 15:46:19',NULL),(262978241,215054540,134028804,1,15.99,'2013-05-15 15:46:19','2013-05-15 15:46:19',NULL),(264165950,215054540,133136121,1,15.99,'2013-05-15 15:46:19','2013-05-15 15:46:19',NULL),(264574672,504220342,349815214,1,22.99,'2013-05-15 15:46:19','2013-05-15 15:46:19',NULL),(272650605,215054540,403830194,4,15.99,'2013-05-15 15:46:19','2013-05-15 15:46:19',NULL),(277157925,599112055,567102733,2,16.99,'2013-05-15 15:46:19','2013-05-15 15:46:19',NULL),(278362338,599112055,568274416,3,16.99,'2013-05-15 15:46:19','2013-05-15 15:46:19',NULL),(298332006,215054540,429493153,1,15.99,'2013-05-15 15:46:19','2013-05-15 15:46:19',NULL),(299519897,215054540,428600156,2,15.99,'2013-05-15 15:46:19','2013-05-15 15:46:19',NULL),(304907166,215054540,349815214,2,15.99,'2013-05-15 15:46:19','2013-05-15 15:46:19',NULL),(316247593,599112055,596761353,2,16.99,'2013-05-15 15:46:19','2013-05-15 15:46:19',NULL),(322352447,52862384,1068095656,1,13.99,'2013-05-15 15:46:19','2013-05-15 15:46:19',NULL),(325149112,215054540,456181117,3,15.99,'2013-05-15 15:46:19','2013-05-15 15:46:19',NULL),(326304069,215054540,455255426,3,15.99,'2013-05-15 15:46:19','2013-05-15 15:46:19',NULL),(327604629,215054540,467107162,4,15.99,'2013-05-15 15:46:19','2013-05-15 15:46:19',NULL),(328513904,215054540,465903021,3,15.99,'2013-05-15 15:46:19','2013-05-15 15:46:19',NULL),(336373153,215054540,475857254,3,15.99,'2013-05-15 15:46:19','2013-05-15 15:46:19',NULL),(337560924,215054540,474964377,3,15.99,'2013-05-15 15:46:19','2013-05-15 15:46:19',NULL),(341537064,52862384,952376497,8,13.99,'2013-05-15 15:46:19','2013-05-15 15:46:19',NULL),(349476340,405540681,488679357,1,19.99,'2013-05-15 15:46:19','2013-05-15 15:46:19',NULL),(350952844,215054540,481999185,1,15.99,'2013-05-15 15:46:19','2013-05-15 15:46:19',NULL),(351894905,215054540,480827830,4,15.99,'2013-05-15 15:46:19','2013-05-15 15:46:19',NULL),(356599687,215054540,330565047,4,15.99,'2013-05-15 15:46:19','2013-05-15 15:46:19',NULL),(359727994,215054540,488679357,4,15.99,'2013-05-15 15:46:19','2013-05-15 15:46:19',NULL),(361688498,215054540,539762571,4,15.99,'2013-05-15 15:46:19','2013-05-15 15:46:19',NULL),(364137008,599112055,620502818,3,16.99,'2013-05-15 15:46:19','2013-05-15 15:46:19',NULL),(379972477,215054540,519327672,2,15.99,'2013-05-15 15:46:19','2013-05-15 15:46:19',NULL),(381127554,215054540,518401861,3,15.99,'2013-05-15 15:46:19','2013-05-15 15:46:19',NULL),(382486392,504220342,231772182,1,22.99,'2013-05-15 15:46:19','2013-05-15 15:46:19',NULL),(402308297,599112055,649259497,1,16.99,'2013-05-15 15:46:19','2013-05-15 15:46:19',NULL),(434404799,215054540,297130368,4,15.99,'2013-05-15 15:46:19','2013-05-15 15:46:19',NULL),(435559750,215054540,296204679,4,15.99,'2013-05-15 15:46:19','2013-05-15 15:46:19',NULL),(437198278,405540681,335228811,2,19.99,'2013-05-15 15:46:19','2013-05-15 15:46:19',NULL),(439391678,215054540,308359551,1,15.99,'2013-05-15 15:46:19','2013-05-15 15:46:19',NULL),(453543709,52862384,932702864,5,13.99,'2013-05-15 15:46:19','2013-05-15 15:46:19',NULL),(454748128,52862384,931498615,10,13.99,'2013-05-15 15:46:19','2013-05-15 15:46:19',NULL),(460308994,599112055,707237680,3,16.99,'2013-05-15 15:46:19','2013-05-15 15:46:19',NULL),(464161612,215054540,335228811,1,15.99,'2013-05-15 15:46:19','2013-05-15 15:46:19',NULL),(477570041,52862384,820530800,5,13.99,'2013-05-15 15:46:19','2013-05-15 15:46:19',NULL),(482824019,215054540,345435026,4,15.99,'2013-05-15 15:46:19','2013-05-15 15:46:19',NULL),(493017565,405540681,345435026,1,19.99,'2013-05-15 15:46:19','2013-05-15 15:46:19',NULL),(497584499,215054540,368651700,3,15.99,'2013-05-15 15:46:19','2013-05-15 15:46:19',NULL),(512342438,215054540,383262055,3,15.99,'2013-05-15 15:46:19','2013-05-15 15:46:19',NULL),(513530207,215054540,382369184,1,15.99,'2013-05-15 15:46:19','2013-05-15 15:46:19',NULL),(520210347,215054540,391144298,3,15.99,'2013-05-15 15:46:19','2013-05-15 15:46:19',NULL),(528092001,504220342,73849921,1,22.99,'2013-05-15 15:46:19','2013-05-15 15:46:19',NULL),(553487442,599112055,297130368,3,16.99,'2013-05-15 15:46:19','2013-05-15 15:46:19',NULL),(564321262,215054540,703823663,4,15.99,'2013-05-15 15:46:19','2013-05-15 15:46:19',NULL),(565230359,215054540,702619608,1,15.99,'2013-05-15 15:46:19','2013-05-15 15:46:19',NULL),(566982629,504220342,987209861,2,22.99,'2013-05-15 15:46:19','2013-05-15 15:46:19',NULL),(575043350,215054540,615724322,3,15.99,'2013-05-15 15:46:19','2013-05-15 15:46:19',NULL),(578171887,215054540,707237680,4,15.99,'2013-05-15 15:46:19','2013-05-15 15:46:19',NULL),(582187687,599112055,335228811,1,16.99,'2013-05-15 15:46:19','2013-05-15 15:46:19',NULL),(587961656,215054540,727331319,4,15.99,'2013-05-15 15:46:19','2013-05-15 15:46:19',NULL),(588903887,215054540,726159630,3,15.99,'2013-05-15 15:46:19','2013-05-15 15:46:19',NULL),(593248689,52862384,264449064,2,13.99,'2013-05-15 15:46:19','2013-05-15 15:46:19',NULL),(601073001,405540681,707237680,2,19.99,'2013-05-15 15:46:19','2013-05-15 15:46:19',NULL),(602680603,215054540,733841882,1,15.99,'2013-05-15 15:46:19','2013-05-15 15:46:19',NULL),(603868644,215054540,732948771,1,15.99,'2013-05-15 15:46:19','2013-05-15 15:46:19',NULL),(607225256,52862384,145680447,2,13.99,'2013-05-15 15:46:19','2013-05-15 15:46:19',NULL),(610685231,215054540,741864942,1,15.99,'2013-05-15 15:46:19','2013-05-15 15:46:19',NULL),(611594712,215054540,740660503,4,15.99,'2013-05-15 15:46:19','2013-05-15 15:46:19',NULL),(612493572,215054540,751848899,2,15.99,'2013-05-15 15:46:19','2013-05-15 15:46:19',NULL),(613648891,215054540,750923066,1,15.99,'2013-05-15 15:46:19','2013-05-15 15:46:19',NULL),(623620877,215054540,601813305,1,15.99,'2013-05-15 15:46:19','2013-05-15 15:46:19',NULL),(635354816,599112055,345435026,3,16.99,'2013-05-15 15:46:19','2013-05-15 15:46:19',NULL),(648459260,504220342,1035625630,1,22.99,'2013-05-15 15:46:19','2013-05-15 15:46:19',NULL),(651108343,215054540,782154552,1,15.99,'2013-05-15 15:46:19','2013-05-15 15:46:19',NULL),(652050190,215054540,780983247,3,15.99,'2013-05-15 15:46:19','2013-05-15 15:46:19',NULL),(658989564,215054540,790021435,3,15.99,'2013-05-15 15:46:19','2013-05-15 15:46:19',NULL),(663767115,599112055,383262055,3,16.99,'2013-05-15 15:46:19','2013-05-15 15:46:19',NULL),(671545148,215054540,542594049,3,15.99,'2013-05-15 15:46:19','2013-05-15 15:46:19',NULL),(679295946,504220342,862055596,2,22.99,'2013-05-15 15:46:19','2013-05-15 15:46:19',NULL),(697207093,215054540,568274416,2,15.99,'2013-05-15 15:46:19','2013-05-15 15:46:19',NULL),(698149322,215054540,567102733,3,15.99,'2013-05-15 15:46:19','2013-05-15 15:46:19',NULL),(711321934,405540681,596761353,3,19.99,'2013-05-15 15:46:19','2013-05-15 15:46:19',NULL),(716159466,215054540,587078949,1,15.99,'2013-05-15 15:46:19','2013-05-15 15:46:19',NULL),(728765296,52862384,133136121,8,13.99,'2013-05-15 15:46:19','2013-05-15 15:46:19',NULL),(734035908,215054540,596761353,1,15.99,'2013-05-15 15:46:19','2013-05-15 15:46:19',NULL),(740153207,52862384,8567520,5,13.99,'2013-05-15 15:46:19','2013-05-15 15:46:19',NULL),(745075349,599112055,488679357,3,16.99,'2013-05-15 15:46:19','2013-05-15 15:46:19',NULL),(749583325,215054540,620502818,4,15.99,'2013-05-15 15:46:19','2013-05-15 15:46:19',NULL),(755510615,405540681,620502818,1,19.99,'2013-05-15 15:46:19','2013-05-15 15:46:19',NULL),(758621481,215054540,627442156,2,15.99,'2013-05-15 15:46:19','2013-05-15 15:46:19',NULL),(786648366,215054540,649259497,3,15.99,'2013-05-15 15:46:19','2013-05-15 15:46:19',NULL),(787557841,215054540,648055060,1,15.99,'2013-05-15 15:46:19','2013-05-15 15:46:19',NULL),(809669057,599112055,17482993,2,16.99,'2013-05-15 15:46:19','2013-05-15 15:46:19',NULL),(814209161,215054540,953580620,4,15.99,'2013-05-15 15:46:19','2013-05-15 15:46:19',NULL),(815118454,215054540,952376497,1,15.99,'2013-05-15 15:46:19','2013-05-15 15:46:19',NULL),(824034941,215054540,961307330,4,15.99,'2013-05-15 15:46:19','2013-05-15 15:46:19',NULL),(824331779,405540681,953580620,1,19.99,'2013-05-15 15:46:19','2013-05-15 15:46:19',NULL),(846807768,52862384,518401861,3,13.99,'2013-05-15 15:46:19','2013-05-15 15:46:19',NULL),(852045440,215054540,983075517,4,15.99,'2013-05-15 15:46:19','2013-05-15 15:46:19',NULL),(862763254,405540681,983075517,1,19.99,'2013-05-15 15:46:19','2013-05-15 15:46:19',NULL),(867469481,215054540,1004874852,4,15.99,'2013-05-15 15:46:19','2013-05-15 15:46:19',NULL),(872512751,405540681,1039486630,2,19.99,'2013-05-15 15:46:19','2013-05-15 15:46:19',NULL),(875336810,215054540,1014837421,1,15.99,'2013-05-15 15:46:19','2013-05-15 15:46:19',NULL),(881760315,52862384,403830194,9,13.99,'2013-05-15 15:46:19','2013-05-15 15:46:19',NULL),(890537679,52862384,428600156,5,13.99,'2013-05-15 15:46:19','2013-05-15 15:46:19',NULL),(898936476,215054540,862055596,1,15.99,'2013-05-15 15:46:19','2013-05-15 15:46:19',NULL),(900000361,215054540,1039486630,4,15.99,'2013-05-15 15:46:19','2013-05-15 15:46:19',NULL),(938089618,215054540,1069267029,1,15.99,'2013-05-15 15:46:19','2013-05-15 15:46:19',NULL),(939031661,215054540,1068095656,1,15.99,'2013-05-15 15:46:19','2013-05-15 15:46:19',NULL),(950766166,215054540,821702295,3,15.99,'2013-05-15 15:46:19','2013-05-15 15:46:19',NULL),(951708335,215054540,820530800,1,15.99,'2013-05-15 15:46:19','2013-05-15 15:46:19',NULL),(952247897,504220342,601813305,2,22.99,'2013-05-15 15:46:19','2013-05-15 15:46:19',NULL),(972348906,599112055,146573512,2,16.99,'2013-05-15 15:46:19','2013-05-15 15:46:19',NULL),(973259920,215054540,844324943,3,15.99,'2013-05-15 15:46:19','2013-05-15 15:46:19',NULL),(974169207,215054540,843120822,4,15.99,'2013-05-15 15:46:19','2013-05-15 15:46:19',NULL),(978653197,52862384,382369184,5,13.99,'2013-05-15 15:46:19','2013-05-15 15:46:19',NULL),(988118179,215054540,850712674,3,15.99,'2013-05-15 15:46:19','2013-05-15 15:46:19',NULL),(989273180,215054540,849787035,3,15.99,'2013-05-15 15:46:19','2013-05-15 15:46:19',NULL),(995042986,215054540,1035625630,3,15.99,'2013-05-15 15:46:19','2013-05-15 15:46:19',NULL),(1002056479,599112055,183664179,1,16.99,'2013-05-15 15:46:19','2013-05-15 15:46:19',NULL),(1003425537,52862384,391144298,8,13.99,'2013-05-15 15:46:19','2013-05-15 15:46:19',NULL),(1008919217,215054540,987209861,2,15.99,'2013-05-15 15:46:19','2013-05-15 15:46:19',NULL),(1020784392,599112055,228571690,3,16.99,'2013-05-15 15:46:19','2013-05-15 15:46:19',NULL),(1027134484,52862384,296204679,7,13.99,'2013-05-15 15:46:19','2013-05-15 15:46:19',NULL),(1030684823,215054540,893297750,3,15.99,'2013-05-15 15:46:19','2013-05-15 15:46:19',NULL),(1031626864,215054540,892126383,3,15.99,'2013-05-15 15:46:19','2013-05-15 15:46:19',NULL),(1032370364,215054540,903421051,2,15.99,'2013-05-15 15:46:19','2013-05-15 15:46:19',NULL),(1033558083,215054540,902528130,4,15.99,'2013-05-15 15:46:19','2013-05-15 15:46:19',NULL),(1046237371,215054540,906884218,2,15.99,'2013-05-15 15:46:19','2013-05-15 15:46:19',NULL),(1050221043,599112055,265374943,3,16.99,'2013-05-15 15:46:19','2013-05-15 15:46:19',NULL),(1068491328,504220342,615724322,1,22.99,'2013-05-15 15:46:19','2013-05-15 15:46:19',NULL),(1069960783,215054540,932702864,4,15.99,'2013-05-15 15:46:19','2013-05-15 15:46:19',NULL),(1070870198,215054540,931498615,2,15.99,'2013-05-15 15:46:19','2013-05-15 15:46:19',NULL),(1070870199,438855057,1069267030,1,15.99,'2013-05-15 18:10:13','2013-05-15 18:10:13','USD');
/*!40000 ALTER TABLE `spree_line_items` ENABLE KEYS */;
UNLOCK TABLES;

--
-- Table structure for table `spree_log_entries`
--

DROP TABLE IF EXISTS `spree_log_entries`;
/*!40101 SET @saved_cs_client     = @@character_set_client */;
/*!40101 SET character_set_client = utf8 */;
CREATE TABLE `spree_log_entries` (
  `id` int(11) NOT NULL AUTO_INCREMENT,
  `source_id` int(11) DEFAULT NULL,
  `source_type` varchar(255) DEFAULT NULL,
  `details` text,
  `created_at` datetime NOT NULL,
  `updated_at` datetime NOT NULL,
  PRIMARY KEY (`id`)
) ENGINE=InnoDB DEFAULT CHARSET=latin1;
/*!40101 SET character_set_client = @saved_cs_client */;

--
-- Dumping data for table `spree_log_entries`
--

LOCK TABLES `spree_log_entries` WRITE;
/*!40000 ALTER TABLE `spree_log_entries` DISABLE KEYS */;
/*!40000 ALTER TABLE `spree_log_entries` ENABLE KEYS */;
UNLOCK TABLES;

--
-- Table structure for table `spree_mail_methods`
--

DROP TABLE IF EXISTS `spree_mail_methods`;
/*!40101 SET @saved_cs_client     = @@character_set_client */;
/*!40101 SET character_set_client = utf8 */;
CREATE TABLE `spree_mail_methods` (
  `id` int(11) NOT NULL AUTO_INCREMENT,
  `environment` varchar(255) DEFAULT NULL,
  `active` tinyint(1) DEFAULT '1',
  `created_at` datetime NOT NULL,
  `updated_at` datetime NOT NULL,
  PRIMARY KEY (`id`)
) ENGINE=InnoDB DEFAULT CHARSET=latin1;
/*!40101 SET character_set_client = @saved_cs_client */;

--
-- Dumping data for table `spree_mail_methods`
--

LOCK TABLES `spree_mail_methods` WRITE;
/*!40000 ALTER TABLE `spree_mail_methods` DISABLE KEYS */;
/*!40000 ALTER TABLE `spree_mail_methods` ENABLE KEYS */;
UNLOCK TABLES;

--
-- Table structure for table `spree_option_types`
--

DROP TABLE IF EXISTS `spree_option_types`;
/*!40101 SET @saved_cs_client     = @@character_set_client */;
/*!40101 SET character_set_client = utf8 */;
CREATE TABLE `spree_option_types` (
  `id` int(11) NOT NULL AUTO_INCREMENT,
  `name` varchar(100) DEFAULT NULL,
  `presentation` varchar(100) DEFAULT NULL,
  `position` int(11) NOT NULL DEFAULT '0',
  `created_at` datetime NOT NULL,
  `updated_at` datetime NOT NULL,
  PRIMARY KEY (`id`)
) ENGINE=InnoDB AUTO_INCREMENT=935339118 DEFAULT CHARSET=latin1;
/*!40101 SET character_set_client = @saved_cs_client */;

--
-- Dumping data for table `spree_option_types`
--

LOCK TABLES `spree_option_types` WRITE;
/*!40000 ALTER TABLE `spree_option_types` DISABLE KEYS */;
INSERT INTO `spree_option_types` VALUES (643188970,'tshirt-color','Color',2,'2013-05-15 15:46:19','2013-05-15 15:46:19'),(935339117,'tshirt-size','Size',1,'2013-05-15 15:46:19','2013-05-15 15:46:19');
/*!40000 ALTER TABLE `spree_option_types` ENABLE KEYS */;
UNLOCK TABLES;

--
-- Table structure for table `spree_option_types_prototypes`
--

DROP TABLE IF EXISTS `spree_option_types_prototypes`;
/*!40101 SET @saved_cs_client     = @@character_set_client */;
/*!40101 SET character_set_client = utf8 */;
CREATE TABLE `spree_option_types_prototypes` (
  `prototype_id` int(11) DEFAULT NULL,
  `option_type_id` int(11) DEFAULT NULL
) ENGINE=InnoDB DEFAULT CHARSET=latin1;
/*!40101 SET character_set_client = @saved_cs_client */;

--
-- Dumping data for table `spree_option_types_prototypes`
--

LOCK TABLES `spree_option_types_prototypes` WRITE;
/*!40000 ALTER TABLE `spree_option_types_prototypes` DISABLE KEYS */;
/*!40000 ALTER TABLE `spree_option_types_prototypes` ENABLE KEYS */;
UNLOCK TABLES;

--
-- Table structure for table `spree_option_values`
--

DROP TABLE IF EXISTS `spree_option_values`;
/*!40101 SET @saved_cs_client     = @@character_set_client */;
/*!40101 SET character_set_client = utf8 */;
CREATE TABLE `spree_option_values` (
  `id` int(11) NOT NULL AUTO_INCREMENT,
  `position` int(11) DEFAULT NULL,
  `name` varchar(255) DEFAULT NULL,
  `presentation` varchar(255) DEFAULT NULL,
  `option_type_id` int(11) DEFAULT NULL,
  `created_at` datetime NOT NULL,
  `updated_at` datetime NOT NULL,
  PRIMARY KEY (`id`)
) ENGINE=InnoDB AUTO_INCREMENT=979459987 DEFAULT CHARSET=latin1;
/*!40101 SET character_set_client = @saved_cs_client */;

--
-- Dumping data for table `spree_option_values`
--

LOCK TABLES `spree_option_values` WRITE;
/*!40000 ALTER TABLE `spree_option_values` DISABLE KEYS */;
INSERT INTO `spree_option_values` VALUES (278588964,2,'Green','Green',643188970,'2013-05-15 15:46:19','2013-05-15 15:46:19'),(369541888,3,'Large','L',935339117,'2013-05-15 15:46:19','2013-05-15 15:46:19'),(453955339,1,'Small','S',935339117,'2013-05-15 15:46:19','2013-05-15 15:46:19'),(506907318,3,'Blue','Blue',643188970,'2013-05-15 15:46:19','2013-05-15 15:46:19'),(553775723,2,'Medium','M',935339117,'2013-05-15 15:46:19','2013-05-15 15:46:19'),(574344309,4,'Extra Large','XL',935339117,'2013-05-15 15:46:19','2013-05-15 15:46:19'),(979459986,1,'Red','Red',643188970,'2013-05-15 15:46:19','2013-05-15 15:46:19');
/*!40000 ALTER TABLE `spree_option_values` ENABLE KEYS */;
UNLOCK TABLES;

--
-- Table structure for table `spree_option_values_variants`
--

DROP TABLE IF EXISTS `spree_option_values_variants`;
/*!40101 SET @saved_cs_client     = @@character_set_client */;
/*!40101 SET character_set_client = utf8 */;
CREATE TABLE `spree_option_values_variants` (
  `variant_id` int(11) DEFAULT NULL,
  `option_value_id` int(11) DEFAULT NULL,
  KEY `index_option_values_variants_on_variant_id_and_option_value_id` (`variant_id`,`option_value_id`),
  KEY `index_spree_option_values_variants_on_variant_id` (`variant_id`)
) ENGINE=InnoDB DEFAULT CHARSET=latin1;
/*!40101 SET character_set_client = @saved_cs_client */;

--
-- Dumping data for table `spree_option_values_variants`
--

LOCK TABLES `spree_option_values_variants` WRITE;
/*!40000 ALTER TABLE `spree_option_values_variants` DISABLE KEYS */;
INSERT INTO `spree_option_values_variants` VALUES (11550984,453955339),(97292824,278588964),(97292824,553775723),(205047256,574344309),(205047256,979459986),(265742438,278588964),(265742438,369541888),(284430812,369541888),(325821322,453955339),(325821322,979459986),(405540681,369541888),(405540681,506907318),(451832754,553775723),(529709246,278588964),(529709246,453955339),(568516732,369541888),(568516732,979459986),(664770399,506907318),(664770399,553775723),(947339321,553775723),(947339321,979459986),(1013589412,453955339),(1013589412,506907318);
/*!40000 ALTER TABLE `spree_option_values_variants` ENABLE KEYS */;
UNLOCK TABLES;

--
-- Table structure for table `spree_orders`
--

DROP TABLE IF EXISTS `spree_orders`;
/*!40101 SET @saved_cs_client     = @@character_set_client */;
/*!40101 SET character_set_client = utf8 */;
CREATE TABLE `spree_orders` (
  `id` int(11) NOT NULL AUTO_INCREMENT,
  `number` varchar(15) DEFAULT NULL,
  `item_total` decimal(8,2) NOT NULL DEFAULT '0.00',
  `total` decimal(8,2) NOT NULL DEFAULT '0.00',
  `state` varchar(255) DEFAULT NULL,
  `adjustment_total` decimal(8,2) NOT NULL DEFAULT '0.00',
  `user_id` int(11) DEFAULT NULL,
  `completed_at` datetime DEFAULT NULL,
  `bill_address_id` int(11) DEFAULT NULL,
  `ship_address_id` int(11) DEFAULT NULL,
  `payment_total` decimal(8,2) DEFAULT '0.00',
  `shipping_method_id` int(11) DEFAULT NULL,
  `shipment_state` varchar(255) DEFAULT NULL,
  `payment_state` varchar(255) DEFAULT NULL,
  `email` varchar(255) DEFAULT NULL,
  `special_instructions` text,
  `created_at` datetime NOT NULL,
  `updated_at` datetime NOT NULL,
  `currency` varchar(255) DEFAULT NULL,
  `last_ip_address` varchar(255) DEFAULT NULL,
  PRIMARY KEY (`id`),
  KEY `index_spree_orders_on_number` (`number`)
) ENGINE=InnoDB AUTO_INCREMENT=1069267032 DEFAULT CHARSET=latin1;
/*!40101 SET character_set_client = @saved_cs_client */;

--
-- Dumping data for table `spree_orders`
--

LOCK TABLES `spree_orders` WRITE;
/*!40000 ALTER TABLE `spree_orders` DISABLE KEYS */;
INSERT INTO `spree_orders` VALUES (8567520,'R643305311',101.93,103.53,'complete',1.60,712180813,'2013-05-04 11:46:19',379059436,574376536,0.00,NULL,'pending','balance_due','adelia.christiansen@christiansendaniel.us',NULL,'2013-05-04 11:46:19','2013-05-15 15:46:19',NULL,NULL),(9493021,'R236234684',63.96,67.16,'complete',3.20,711025848,'2013-05-02 17:46:19',377854995,573450925,0.00,NULL,'pending','balance_due','icie@eichmannhansen.biz',NULL,'2013-05-02 17:46:19','2013-05-15 15:46:19',NULL,NULL),(17482993,'R816682680',49.97,50.77,'complete',0.80,737901126,'2013-05-07 17:46:19',387941095,599012441,0.00,NULL,'pending','balance_due','alek.kuhic@moore.info',NULL,'2013-05-07 17:46:19','2013-05-15 15:46:19',NULL,NULL),(36435006,'R633828865',47.97,50.37,'complete',2.40,685394585,'2013-04-23 11:46:19',339653170,546636942,0.00,NULL,'pending','balance_due','waino.grady@moen.biz',NULL,'2013-04-23 11:46:19','2013-05-15 15:46:19',NULL,NULL),(37328065,'R163601218',31.98,33.58,'complete',1.60,684206702,'2013-04-26 11:46:19',338481867,545743993,0.00,NULL,'pending','balance_due','darlene.heaney@dare.biz',NULL,'2013-04-26 11:46:19','2013-05-15 15:46:19',NULL,NULL),(46943257,'R152872213',47.97,50.37,'complete',2.40,675148478,'2013-04-27 15:46:19',349768223,544390305,0.00,NULL,'pending','balance_due','berenice@sanford.biz',NULL,'2013-04-27 15:46:19','2013-05-15 15:46:19',NULL,NULL),(48114926,'R512311607',15.99,16.79,'complete',0.80,674206273,'2013-04-28 22:46:19',348875494,543218782,0.00,NULL,'pending','balance_due','ottilie.dietrich@runolfsdottir.name',NULL,'2013-04-28 22:46:19','2013-05-15 15:46:19',NULL,NULL),(73849921,'R708202440',54.97,57.72,'complete',2.75,452191684,'2013-05-13 06:46:19',126041504,501684253,0.00,NULL,'pending','balance_due','andres.sporer@schulist.us',NULL,'2013-05-13 06:46:19','2013-05-15 15:46:19',NULL,NULL),(88485925,'R485605123',15.99,16.79,'complete',0.80,800558738,'2013-04-22 14:46:19',324236843,670613653,0.00,NULL,'pending','balance_due','rasheed@senger.biz',NULL,'2013-04-22 14:46:19','2013-05-15 15:46:19',NULL,NULL),(89411802,'R677087412',63.96,67.16,'complete',3.20,799403637,'2013-04-25 06:46:19',323032786,669687922,0.00,NULL,'pending','balance_due','romaine@romaguera.uk',NULL,'2013-04-25 06:46:19','2013-05-15 15:46:19',NULL,NULL),(94472210,'R005101073',15.99,16.79,'complete',0.80,793786021,'2013-04-28 10:46:19',330616326,656373946,0.00,NULL,'pending','balance_due','maegan_crooks@yundt.com',NULL,'2013-04-28 10:46:19','2013-05-15 15:46:19',NULL,NULL),(95676661,'R052261625',31.98,33.58,'complete',1.60,792876634,'2013-04-29 16:46:19',329690879,655169605,0.00,NULL,'pending','balance_due','jamel@yost.ca',NULL,'2013-04-29 16:46:19','2013-05-15 15:46:19',NULL,NULL),(133136121,'R255281727',127.91,128.71,'complete',0.80,756990036,'2013-05-03 20:46:19',301611251,626101841,0.00,NULL,'pending','balance_due','solon@kilbackhaag.info',NULL,'2013-05-03 20:46:19','2013-05-15 15:46:19',NULL,NULL),(134028804,'R413354756',15.99,16.79,'complete',0.80,755802289,'2013-05-01 14:46:19',300439564,625209012,0.00,NULL,'pending','balance_due','adell_homenick@kuhn.us',NULL,'2013-05-01 14:46:19','2013-05-15 15:46:19',NULL,NULL),(145680447,'R844674264',43.97,44.77,'complete',0.80,576673428,'2013-05-06 05:46:19',515616313,705697931,0.00,NULL,'pending','balance_due','marcellus@hacketthaley.info',NULL,'2013-05-06 05:46:19','2013-05-15 15:46:19',NULL,NULL),(146573512,'R550616828',97.94,101.14,'complete',3.20,575485547,'2013-05-08 18:46:19',514445004,704804980,0.00,NULL,'pending','balance_due','christop@mraz.biz',NULL,'2013-05-08 18:46:19','2013-05-15 15:46:19',NULL,NULL),(183664179,'R640383410',52.97,54.77,'complete',1.80,537116830,'2013-05-11 20:46:19',484915261,676105863,0.00,NULL,'pending','balance_due','kaley_gleason@nicolas.us',NULL,'2013-05-11 20:46:19','2013-05-15 15:46:19',NULL,NULL),(192544832,'R004418072',63.96,67.16,'complete',3.20,562806419,'2013-04-26 21:46:19',493831732,700772492,0.00,NULL,'pending','balance_due','kevin@king.info',NULL,'2013-04-26 21:46:19','2013-05-15 15:46:19',NULL,NULL),(216145139,'R414642642',63.96,67.16,'complete',3.20,638820960,'2013-04-24 19:46:19',452418301,777841735,0.00,NULL,'pending','balance_due','logan@gottliebmaggio.uk',NULL,'2013-04-24 19:46:19','2013-05-15 15:46:19',NULL,NULL),(228571690,'R028247601',174.90,181.10,'complete',6.20,661521543,'2013-05-11 01:46:19',462093350,790710942,0.00,NULL,'pending','balance_due','dallas.crona@rogahn.us',NULL,'2013-05-11 01:46:19','2013-05-15 15:46:19',NULL,NULL),(231772182,'R310440111',54.97,57.72,'complete',2.75,323332591,'2013-05-14 16:46:19',238383541,340874296,0.00,NULL,'pending','balance_due','ali@dachschneider.com',NULL,'2013-05-14 16:46:19','2013-05-15 15:46:19',NULL,NULL),(239817259,'R073441852',31.98,33.58,'complete',1.60,616230022,'2013-05-01 00:46:19',408818721,754295455,0.00,NULL,'pending','balance_due','roger.eichmann@lebsack.co.uk',NULL,'2013-05-01 00:46:19','2013-05-15 15:46:19',NULL,NULL),(264449064,'R610287582',59.96,61.56,'complete',1.60,624071307,'2013-05-06 21:46:19',433482288,763223188,0.00,NULL,'pending','balance_due','hollis@prohaska.info',NULL,'2013-05-06 21:46:19','2013-05-15 15:46:19',NULL,NULL),(265374943,'R143350108',114.93,118.13,'complete',3.20,622916212,'2013-05-09 23:46:19',432278229,762297451,0.00,NULL,'pending','balance_due','talia.cassin@turnergleason.uk',NULL,'2013-05-09 23:46:19','2013-05-15 15:46:19',NULL,NULL),(296204679,'R755115631',161.89,165.09,'complete',3.20,995493676,'2013-05-06 11:46:19',129171341,857295155,0.00,NULL,'pending','balance_due','brielle@schimmel.info',NULL,'2013-05-06 11:46:19','2013-05-15 15:46:19',NULL,NULL),(297130368,'R248788111',114.93,118.13,'complete',3.20,994338771,'2013-05-08 07:46:19',127967096,856369612,0.00,NULL,'pending','balance_due','aliyah.bailey@bashirian.ca',NULL,'2013-05-08 07:46:19','2013-05-15 15:46:19',NULL,NULL),(308359551,'R756611634',15.99,16.79,'complete',0.80,948998100,'2013-04-28 20:46:19',74741621,819970507,0.00,NULL,'pending','balance_due','isom_jaskolski@boyle.co.uk',NULL,'2013-04-28 20:46:19','2013-05-15 15:46:19',NULL,NULL),(330565047,'R411703340',109.94,115.44,'complete',5.50,220281934,'2013-05-14 22:46:19',273802266,171295127,0.00,NULL,'pending','balance_due','colby@schultzkoch.name',NULL,'2013-05-14 22:46:19','2013-05-15 15:46:19',NULL,NULL),(335228811,'R183761277',95.95,99.90,'complete',3.95,956993830,'2013-05-12 14:46:19',99510657,826662719,0.00,NULL,'pending','balance_due','shyann_heidenreich@cruickshank.ca',NULL,'2013-05-12 14:46:19','2013-05-15 15:46:19',NULL,NULL),(345435026,'R588051315',134.92,139.12,'complete',4.20,1046959423,'2013-05-11 17:46:19',42184090,908598054,0.00,NULL,'pending','balance_due','jalyn.mclaughlin@russelcole.biz',NULL,'2013-05-11 17:46:19','2013-05-15 15:46:19',NULL,NULL),(349815214,'R575082347',54.97,57.72,'complete',2.75,172816471,'2013-05-13 16:46:19',389816337,223872400,0.00,NULL,'pending','balance_due','rozella@rempelbednar.name',NULL,'2013-05-13 16:46:19','2013-05-15 15:46:19',NULL,NULL),(368651700,'R848726073',47.97,50.37,'complete',2.40,1057526559,'2013-04-22 06:46:19',65825724,927456520,0.00,NULL,'pending','balance_due','albertha.kub@hudson.biz',NULL,'2013-04-22 06:46:19','2013-05-15 15:46:19',NULL,NULL),(382369184,'R282334068',85.94,86.74,'complete',0.80,1010549555,'2013-05-07 07:46:19',14629780,880053548,0.00,NULL,'pending','balance_due','frank@torpschumm.co.uk',NULL,'2013-05-07 07:46:19','2013-05-15 15:46:19',NULL,NULL),(383262055,'R005027316',98.94,101.34,'complete',2.40,1009361868,'2013-05-09 14:46:19',13458289,879160787,0.00,NULL,'pending','balance_due','grady@blanda.ca',NULL,'2013-05-09 14:46:19','2013-05-15 15:46:19',NULL,NULL),(391144298,'R100676605',159.89,162.29,'complete',2.40,1034018247,'2013-05-02 23:46:19',21308770,904827870,0.00,NULL,'pending','balance_due','waldo@sawayn.uk',NULL,'2013-05-02 23:46:19','2013-05-15 15:46:19',NULL,NULL),(403830194,'R424268318',189.87,193.07,'complete',3.20,853560069,'2013-05-05 05:46:19',235189158,984548634,0.00,NULL,'pending','balance_due','amiya.green@hammesjohns.ca',NULL,'2013-05-05 05:46:19','2013-05-15 15:46:19',NULL,NULL),(428600156,'R402006276',101.93,103.53,'complete',1.60,863655417,'2013-05-04 16:46:19',262057300,993336300,0.00,NULL,'pending','balance_due','cassidy@sawayn.info',NULL,'2013-05-04 16:46:19','2013-05-15 15:46:19',NULL,NULL),(429493153,'R335562581',15.99,16.79,'complete',0.80,862467340,'2013-05-02 11:46:19',260885931,992443161,0.00,NULL,'pending','balance_due','fermin@bosco.uk',NULL,'2013-05-02 11:46:19','2013-05-15 15:46:19',NULL,NULL),(455255426,'R604187263',47.97,50.37,'complete',2.40,835918637,'2013-04-24 06:46:19',221766538,966546746,0.00,NULL,'pending','balance_due','amelie@hilpertshields.info',NULL,'2013-04-24 06:46:19','2013-05-15 15:46:19',NULL,NULL),(456181117,'R260508707',47.97,50.37,'complete',2.40,834763738,'2013-04-25 12:46:19',220562291,965621197,0.00,NULL,'pending','balance_due','lucas.waters@keeling.name',NULL,'2013-04-25 12:46:19','2013-05-15 15:46:19',NULL,NULL),(465903021,'R018488868',47.97,50.37,'complete',2.40,825533186,'2013-04-26 23:46:19',231758759,964422941,0.00,NULL,'pending','balance_due','ferne@tromp.name',NULL,'2013-04-26 23:46:19','2013-05-15 15:46:19',NULL,NULL),(467107162,'R722566860',63.96,67.16,'complete',3.20,824624125,'2013-04-29 14:46:19',230832990,963218914,0.00,NULL,'pending','balance_due','delmer@ogaskiles.uk',NULL,'2013-04-29 14:46:19','2013-05-15 15:46:19',NULL,NULL),(474964377,'R022382781',47.97,50.37,'complete',2.40,918478646,'2013-04-23 01:46:19',173680531,1056018737,0.00,NULL,'pending','balance_due','bryon.lehner@vonrueden.ca',NULL,'2013-04-23 01:46:19','2013-05-15 15:46:19',NULL,NULL),(475857254,'R617653333',47.97,50.37,'complete',2.40,917290961,'2013-04-24 19:46:19',172509034,1055125974,0.00,NULL,'pending','balance_due','hiram@mayer.co.uk',NULL,'2013-04-24 19:46:19','2013-05-15 15:46:19',NULL,NULL),(480827830,'R588506822',63.96,67.16,'complete',3.20,911828761,'2013-04-27 15:46:19',180199358,1041639686,0.00,NULL,'pending','balance_due','elwin@muellerberge.ca',NULL,'2013-04-27 15:46:19','2013-05-15 15:46:19',NULL,NULL),(481999185,'R257610800',15.99,16.79,'complete',0.80,910886886,'2013-04-30 15:46:19',179306311,1040468473,0.00,NULL,'pending','balance_due','jamie@luettgen.com',NULL,'2013-04-30 15:46:19','2013-05-15 15:46:19',NULL,NULL),(488679357,'R253861576',134.92,139.12,'complete',4.20,936450328,'2013-05-10 16:46:19',188080563,1067341581,0.00,NULL,'pending','balance_due','cedrick_wilkinson@rogahn.name',NULL,'2013-05-10 16:46:19','2013-05-15 15:46:19',NULL,NULL),(518401861,'R748125156',89.94,92.34,'complete',2.40,873959920,'2013-05-04 01:46:19',150169931,1012457461,0.00,NULL,'pending','balance_due','karen.harber@hermann.biz',NULL,'2013-05-04 01:46:19','2013-05-15 15:46:19',NULL,NULL),(519327672,'R010674561',31.98,33.58,'complete',1.60,872804629,'2013-05-01 10:46:19',148965812,1011531536,0.00,NULL,'pending','balance_due','vickie@wiza.com',NULL,'2013-05-01 10:46:19','2013-05-15 15:46:19',NULL,NULL),(539762571,'R286318414',63.96,67.16,'complete',3.20,140587364,'2013-04-21 16:46:19',421966440,42776516,0.00,NULL,'pending','balance_due','nellie@rosenbaum.name',NULL,'2013-04-21 16:46:19','2013-05-15 15:46:19',NULL,NULL),(542594049,'R875186770',61.96,64.36,'complete',2.40,178711894,'2013-05-03 08:46:19',910300663,48866121,0.00,NULL,'pending','balance_due','kian.wehner@abernathy.info',NULL,'2013-05-03 08:46:19','2013-05-15 15:46:19',NULL,NULL),(567102733,'R240825724',207.86,210.26,'complete',2.40,188543912,'2013-05-07 12:46:19',936905475,57916861,0.00,NULL,'pending','balance_due','landen@ferry.info',NULL,'2013-05-07 12:46:19','2013-05-15 15:46:19',NULL,NULL),(568274416,'R801612437',82.95,84.55,'complete',1.60,187601757,'2013-05-09 07:46:19',936012796,56745288,0.00,NULL,'pending','balance_due','easter_farrell@schulistmills.uk',NULL,'2013-05-09 07:46:19','2013-05-15 15:46:19',NULL,NULL),(587078949,'R117077454',15.99,16.79,'complete',0.80,135242632,'2013-04-22 00:46:19',887839535,4255125,0.00,NULL,'pending','balance_due','raymond@nienow.uk',NULL,'2013-04-22 00:46:19','2013-05-15 15:46:19',NULL,NULL),(596761353,'R257053507',109.94,113.74,'complete',3.80,157312430,'2013-05-11 11:46:19',897883407,19868593,0.00,NULL,'pending','balance_due','meredith_collier@ogadare.biz',NULL,'2013-05-11 11:46:19','2013-05-15 15:46:19',NULL,NULL),(601813305,'R485176342',61.97,65.07,'complete',3.10,1028376774,'2013-05-13 21:46:19',540741786,979318045,0.00,NULL,'pending','balance_due','brionna.effertz@howell.com',NULL,'2013-05-13 21:46:19','2013-05-15 15:46:19',NULL,NULL),(615724322,'R088007514',70.96,74.51,'complete',3.55,975572189,'2013-05-15 02:46:19',660001923,1026748676,0.00,NULL,'pending','balance_due','crawford_lind@hintz.co.uk',NULL,'2013-05-15 02:46:19','2013-05-15 15:46:19',NULL,NULL),(620502818,'R714723108',134.92,139.12,'complete',4.20,235774389,'2013-05-12 03:46:19',854153494,105050026,0.00,NULL,'pending','balance_due','maureen@conroy.info',NULL,'2013-05-12 03:46:19','2013-05-15 15:46:19',NULL,NULL),(627442156,'R711157238',31.98,33.58,'complete',1.60,261603145,'2013-04-28 10:46:19',863193060,131658076,0.00,NULL,'pending','balance_due','wilton_mayer@kunze.uk',NULL,'2013-04-28 10:46:19','2013-05-15 15:46:19',NULL,NULL),(648055060,'R375203547',113.92,114.72,'complete',0.80,206649281,'2013-05-06 13:46:19',817221404,69106084,0.00,NULL,'pending','balance_due','rosalia_mann@kunze.info',NULL,'2013-05-06 13:46:19','2013-05-15 15:46:19',NULL,NULL),(649259497,'R463887170',64.96,67.36,'complete',2.40,205739844,'2013-05-08 05:46:19',816295907,67901793,0.00,NULL,'pending','balance_due','jaden@lindgrenquigley.uk',NULL,'2013-05-08 05:46:19','2013-05-15 15:46:19',NULL,NULL),(702619608,'R218250218',85.94,86.74,'complete',0.80,51421563,'2013-05-04 01:46:19',1072978396,190836580,0.00,NULL,'pending','balance_due','king@murray.info',NULL,'2013-05-04 01:46:19','2013-05-15 15:46:19',NULL,NULL),(703823663,'R514318063',63.96,67.16,'complete',3.20,50512260,'2013-05-01 06:46:19',1072052521,189632411,0.00,NULL,'pending','balance_due','adolph@okon.com',NULL,'2013-05-01 06:46:19','2013-05-15 15:46:19',NULL,NULL),(707237680,'R714482620',154.91,160.11,'complete',5.20,14035331,'2013-05-10 11:46:19',1009963300,144271260,0.00,NULL,'pending','balance_due','lillian.terry@kautzer.us',NULL,'2013-05-10 11:46:19','2013-05-15 15:46:19',NULL,NULL),(726159630,'R613371603',47.97,50.37,'complete',2.40,28962723,'2013-04-23 00:46:19',1029510922,167158202,0.00,NULL,'pending','balance_due','marcelle@mcglynn.co.uk',NULL,'2013-04-23 00:46:19','2013-05-15 15:46:19',NULL,NULL),(727331319,'R184353062',63.96,67.16,'complete',3.20,28020570,'2013-04-24 22:46:19',1028618237,165986627,0.00,NULL,'pending','balance_due','vivianne.champlin@morissette.name',NULL,'2013-04-24 22:46:19','2013-05-15 15:46:19',NULL,NULL),(732948771,'R772406425',15.99,16.79,'complete',0.80,22960014,'2013-04-27 23:46:19',1035644717,152115607,0.00,NULL,'pending','balance_due','guadalupe@beahan.us',NULL,'2013-04-27 23:46:19','2013-05-15 15:46:19',NULL,NULL),(733841882,'R847337535',15.99,16.79,'complete',0.80,21772151,'2013-04-30 06:46:19',1034473426,151222638,0.00,NULL,'pending','balance_due','vern@davis.uk',NULL,'2013-04-30 06:46:19','2013-05-15 15:46:19',NULL,NULL),(740660503,'R847033852',63.96,67.16,'complete',3.20,114568122,'2013-04-24 00:46:19',976278305,245065123,0.00,NULL,'pending','balance_due','jamison@nitzscheterry.co.uk',NULL,'2013-04-24 00:46:19','2013-05-15 15:46:19',NULL,NULL),(741864942,'R641832231',15.99,16.79,'complete',0.80,113658691,'2013-04-25 21:46:19',975352806,243860826,0.00,NULL,'pending','balance_due','harrison_kautzer@howe.ca',NULL,'2013-04-25 21:46:19','2013-05-15 15:46:19',NULL,NULL),(750923066,'R232454857',15.99,16.79,'complete',0.80,104043415,'2013-04-27 07:46:19',987196214,243064206,0.00,NULL,'pending','balance_due','molly.harvey@herzog.co.uk',NULL,'2013-04-27 07:46:19','2013-05-15 15:46:19',NULL,NULL),(751848899,'R615362240',31.98,33.58,'complete',1.60,102888302,'2013-04-29 05:46:19',985992137,242138487,0.00,NULL,'pending','balance_due','otha@predovicpowlowski.us',NULL,'2013-04-29 05:46:19','2013-05-15 15:46:19',NULL,NULL),(780983247,'R206111582',159.89,162.29,'complete',2.40,75326820,'2013-05-04 19:46:19',949591493,204614523,0.00,NULL,'pending','balance_due','jayce@runolfsdottir.uk',NULL,'2013-05-04 19:46:19','2013-05-15 15:46:19',NULL,NULL),(782154552,'R302442736',15.99,16.79,'complete',0.80,74384795,'2013-05-02 02:46:19',948698432,203443076,0.00,NULL,'pending','balance_due','devante_mraz@murazik.us',NULL,'2013-05-02 02:46:19','2013-05-15 15:46:19',NULL,NULL),(790021435,'R116527560',187.87,190.27,'complete',2.40,99056534,'2013-05-05 15:46:19',956531505,229127567,0.00,NULL,'pending','balance_due','jerrell@donnellyvandervort.name',NULL,'2013-05-05 15:46:19','2013-05-15 15:46:19',NULL,NULL),(820530800,'R065818432',85.94,86.74,'complete',0.80,437907651,'2013-05-03 15:46:19',654116968,307674844,0.00,NULL,'pending','balance_due','maggie@waelchiyost.co.uk',NULL,'2013-05-03 15:46:19','2013-05-15 15:46:19',NULL,NULL),(821702295,'R270123443',47.97,50.37,'complete',2.40,436965436,'2013-05-01 17:46:19',653224093,306503203,0.00,NULL,'pending','balance_due','rose_rau@carterabbott.co.uk',NULL,'2013-05-01 17:46:19','2013-05-15 15:46:19',NULL,NULL),(843120822,'R253685082',63.96,67.16,'complete',3.20,414236187,'2013-04-22 23:46:19',609502910,285208578,0.00,NULL,'pending','balance_due','haleigh.ernser@lindgren.us',NULL,'2013-04-22 23:46:19','2013-05-15 15:46:19',NULL,NULL),(844324943,'R040375271',47.97,50.37,'complete',2.40,413327074,'2013-04-25 06:46:19',608577097,284004603,0.00,NULL,'pending','balance_due','jazmin@prosaccolesch.biz',NULL,'2013-04-25 06:46:19','2013-05-15 15:46:19',NULL,NULL),(849787035,'R130761834',47.97,50.37,'complete',2.40,408356406,'2013-04-28 10:46:19',615775889,270026799,0.00,NULL,'pending','balance_due','justine.eichmann@erdman.co.uk',NULL,'2013-04-28 10:46:19','2013-05-15 15:46:19',NULL,NULL),(850712674,'R275242727',47.97,50.37,'complete',2.40,407201487,'2013-04-30 02:46:19',614571630,269101270,0.00,NULL,'pending','balance_due','yoshiko@collins.ca',NULL,'2013-04-30 02:46:19','2013-05-15 15:46:19',NULL,NULL),(862055596,'R034830843',61.97,65.07,'complete',3.10,771020115,'2013-05-12 20:46:19',813960457,719333514,0.00,NULL,'pending','balance_due','mozelle.reinger@halvorsonullrich.com',NULL,'2013-05-12 20:46:19','2013-05-15 15:46:19',NULL,NULL),(892126383,'R530503206',47.97,50.37,'complete',2.40,534608386,'2013-04-23 15:46:19',590971557,395457563,0.00,NULL,'pending','balance_due','marquis.eichmann@ernser.ca',NULL,'2013-04-23 15:46:19','2013-05-15 15:46:19',NULL,NULL),(893297750,'R521238885',47.97,50.37,'complete',2.40,533666555,'2013-04-26 00:46:19',590078562,394286306,0.00,NULL,'pending','balance_due','emmanuel@renner.biz',NULL,'2013-04-26 00:46:19','2013-05-15 15:46:19',NULL,NULL),(902528130,'R661618278',63.96,67.16,'complete',3.20,523944495,'2013-04-27 13:46:19',601766538,393579574,0.00,NULL,'pending','balance_due','isadore@krajcik.info',NULL,'2013-04-27 13:46:19','2013-05-15 15:46:19',NULL,NULL),(903421051,'R386247641',31.98,33.58,'complete',1.60,522756822,'2013-04-28 22:46:19',600595061,392686799,0.00,NULL,'pending','balance_due','juanita@murphy.co.uk',NULL,'2013-04-28 22:46:19','2013-05-15 15:46:19',NULL,NULL),(906884218,'R405108423',82.95,84.55,'complete',1.60,486296279,'2013-05-07 21:46:19',538489458,347276494,0.00,NULL,'pending','balance_due','christa@lubowitz.com',NULL,'2013-05-07 21:46:19','2013-05-15 15:46:19',NULL,NULL),(931498615,'R277640460',171.88,173.48,'complete',1.60,494154972,'2013-05-04 01:46:19',563137665,356219587,0.00,NULL,'pending','balance_due','esta@mcdermottwehner.uk',NULL,'2013-05-04 01:46:19','2013-05-15 15:46:19',NULL,NULL),(932702864,'R157307205',133.91,137.11,'complete',3.20,493245475,'2013-05-02 20:46:19',562211972,355015228,0.00,NULL,'pending','balance_due','eli.zboncak@bradtkekris.us',NULL,'2013-05-02 20:46:19','2013-05-15 15:46:19',NULL,NULL),(952376497,'R680751066',127.91,128.71,'complete',0.80,305504796,'2013-05-06 14:46:19',785472187,444263433,0.00,NULL,'pending','balance_due','miller.rippin@eichmann.us',NULL,'2013-05-06 14:46:19','2013-05-15 15:46:19',NULL,NULL),(953580620,'R060337201',117.93,122.13,'complete',4.20,304595689,'2013-05-10 10:46:19',784546372,443059452,0.00,NULL,'pending','balance_due','carson.roberts@sanford.co.uk',NULL,'2013-05-10 10:46:19','2013-05-15 15:46:19',NULL,NULL),(961307330,'R844662551',63.96,67.16,'complete',3.20,331209749,'2013-05-01 00:46:19',794371254,468881930,0.00,NULL,'pending','balance_due','kariane@ward.co.uk',NULL,'2013-05-01 00:46:19','2013-05-15 15:46:19',NULL,NULL),(983075517,'R500781183',100.94,105.14,'complete',4.20,275330066,'2013-05-11 06:46:19',747490487,405174797,0.00,NULL,'pending','balance_due','casimir@ratke.com',NULL,'2013-05-11 06:46:19','2013-05-15 15:46:19',NULL,NULL),(987209861,'R104015203',77.96,81.86,'complete',3.90,608344442,'2013-05-14 06:46:19',959594786,592864417,0.00,NULL,'pending','balance_due','gaston@rippinblick.uk',NULL,'2013-05-14 06:46:19','2013-05-15 15:46:19',NULL,NULL),(1004874852,'R208284554',63.96,67.16,'complete',3.20,286560969,'2013-04-24 15:46:19',770730608,425450708,0.00,NULL,'pending','balance_due','ludie.nicolas@rolfson.com',NULL,'2013-04-24 15:46:19','2013-05-15 15:46:19',NULL,NULL),(1014837421,'R161067533',15.99,16.79,'complete',0.80,378310152,'2013-04-26 17:46:19',711489187,516145181,0.00,NULL,'pending','balance_due','dorothea_jenkins@luettgen.biz',NULL,'2013-04-26 17:46:19','2013-05-15 15:46:19',NULL,NULL),(1035625630,'R077725545',70.96,74.51,'complete',3.55,590306657,'2013-05-15 07:46:19',1046447419,607887544,0.00,NULL,'pending','balance_due','queen.keebler@halvorsondicki.us',NULL,'2013-05-15 07:46:19','2013-05-15 15:46:19',NULL,NULL),(1039486630,'R333634283',120.93,126.13,'complete',5.20,386199561,'2013-05-12 03:46:19',736102574,525057558,0.00,NULL,'pending','balance_due','ron.moen@crona.com',NULL,'2013-05-12 03:46:19','2013-05-15 15:46:19',NULL,NULL),(1068095656,'R555042673',29.98,30.78,'complete',0.80,358114821,'2013-05-05 18:46:19',700227236,488056864,0.00,NULL,'pending','balance_due','bethany@framireichert.com',NULL,'2013-05-05 18:46:19','2013-05-15 15:46:19',NULL,NULL),(1069267029,'R702708054',32.98,33.78,'complete',0.80,357172992,'2013-05-09 05:46:19',699334235,486885605,0.00,NULL,'pending','balance_due','alysson_fritsch@lehner.us',NULL,'2013-05-09 05:46:19','2013-05-15 15:46:19',NULL,NULL),(1069267030,'R601704621',15.99,15.99,'cart',0.00,NULL,NULL,NULL,NULL,0.00,NULL,NULL,'balance_due',NULL,NULL,'2013-05-15 18:10:12','2013-05-15 18:10:12','USD',NULL),(1069267031,'R170238008',0.00,0.00,'cart',0.00,1,NULL,NULL,NULL,0.00,NULL,NULL,NULL,'spree@example.com',NULL,'2013-05-16 00:23:54','2013-05-16 00:23:54','USD',NULL);
/*!40000 ALTER TABLE `spree_orders` ENABLE KEYS */;
UNLOCK TABLES;

--
-- Table structure for table `spree_pages`
--

DROP TABLE IF EXISTS `spree_pages`;
/*!40101 SET @saved_cs_client     = @@character_set_client */;
/*!40101 SET character_set_client = utf8 */;
CREATE TABLE `spree_pages` (
  `id` int(11) NOT NULL AUTO_INCREMENT,
  `title` varchar(255) DEFAULT NULL,
  `body` text,
  `slug` varchar(255) DEFAULT NULL,
  `created_at` datetime NOT NULL,
  `updated_at` datetime NOT NULL,
  `show_in_header` tinyint(1) NOT NULL DEFAULT '0',
  `show_in_footer` tinyint(1) NOT NULL DEFAULT '0',
  `foreign_link` varchar(255) DEFAULT NULL,
  `position` int(11) NOT NULL DEFAULT '1',
  `visible` tinyint(1) DEFAULT '1',
  `meta_keywords` varchar(255) DEFAULT NULL,
  `meta_description` varchar(255) DEFAULT NULL,
  `layout` varchar(255) DEFAULT NULL,
  `show_in_sidebar` tinyint(1) NOT NULL DEFAULT '0',
  `meta_title` varchar(255) DEFAULT NULL,
  `render_layout_as_partial` tinyint(1) DEFAULT '0',
  PRIMARY KEY (`id`),
  KEY `index_pages_on_slug` (`slug`)
) ENGINE=InnoDB AUTO_INCREMENT=6 DEFAULT CHARSET=latin1;
/*!40101 SET character_set_client = @saved_cs_client */;

--
-- Dumping data for table `spree_pages`
--

LOCK TABLES `spree_pages` WRITE;
/*!40000 ALTER TABLE `spree_pages` DISABLE KEYS */;
INSERT INTO `spree_pages` VALUES (1,'About Us','<p>This is your about page...... and now we can add some cool <strong>formatting</strong></p><p>This is much better... because the original text input didn\'t understand line breaks either...</p>','aboutus','2013-05-16 00:30:18','2013-05-16 00:47:32',1,1,'',0,1,'','','',0,'',0),(2,'Shipping','Shipping Information','shipping','2013-05-16 00:37:18','2013-05-21 02:20:10',1,1,'',2,1,'','','',0,'',0),(5,'Home Page Sidebar','<p>This is some content we put into the side bar.</p>','home-side-info','2013-05-21 15:11:31','2013-05-21 15:11:31',0,0,'',3,1,'','','',0,'',0);
/*!40000 ALTER TABLE `spree_pages` ENABLE KEYS */;
UNLOCK TABLES;

--
-- Table structure for table `spree_payment_methods`
--

DROP TABLE IF EXISTS `spree_payment_methods`;
/*!40101 SET @saved_cs_client     = @@character_set_client */;
/*!40101 SET character_set_client = utf8 */;
CREATE TABLE `spree_payment_methods` (
  `id` int(11) NOT NULL AUTO_INCREMENT,
  `type` varchar(255) DEFAULT NULL,
  `name` varchar(255) DEFAULT NULL,
  `description` text,
  `active` tinyint(1) DEFAULT '1',
  `environment` varchar(255) DEFAULT 'development',
  `deleted_at` datetime DEFAULT NULL,
  `created_at` datetime NOT NULL,
  `updated_at` datetime NOT NULL,
  `display_on` varchar(255) DEFAULT NULL,
  PRIMARY KEY (`id`)
) ENGINE=InnoDB AUTO_INCREMENT=931422122 DEFAULT CHARSET=latin1;
/*!40101 SET character_set_client = @saved_cs_client */;

--
-- Dumping data for table `spree_payment_methods`
--

LOCK TABLES `spree_payment_methods` WRITE;
/*!40000 ALTER TABLE `spree_payment_methods` DISABLE KEYS */;
INSERT INTO `spree_payment_methods` VALUES (193416319,'Spree::Gateway::Bogus','Credit Card','Bogus payment gateway for development.',1,'development',NULL,'2013-05-15 15:46:20','2013-05-15 15:46:20',NULL),(535962117,'Spree::Gateway::Bogus','Credit Card','Bogus payment gateway for test.',1,'test',NULL,'2013-05-15 15:46:20','2013-05-15 15:46:20',NULL),(732545999,'Spree::PaymentMethod::Check','Check','Pay by check.',1,'development',NULL,'2013-05-15 15:46:20','2013-05-15 15:46:20',NULL),(842616223,'Spree::Gateway::Bogus','Credit Card','Bogus payment gateway for production.',1,'production',NULL,'2013-05-15 15:46:20','2013-05-15 15:46:20',NULL),(931422120,'Spree::Gateway::Bogus','Credit Card','Bogus payment gateway for staging.',1,'staging',NULL,'2013-05-15 15:46:20','2013-05-15 15:46:20',NULL),(931422121,'Spree::BillingIntegration::PaypalExpress','Paypal','Payment by Paypal',1,'development',NULL,'2013-05-16 00:24:37','2013-05-16 00:24:37','');
/*!40000 ALTER TABLE `spree_payment_methods` ENABLE KEYS */;
UNLOCK TABLES;

--
-- Table structure for table `spree_payments`
--

DROP TABLE IF EXISTS `spree_payments`;
/*!40101 SET @saved_cs_client     = @@character_set_client */;
/*!40101 SET character_set_client = utf8 */;
CREATE TABLE `spree_payments` (
  `id` int(11) NOT NULL AUTO_INCREMENT,
  `amount` decimal(8,2) NOT NULL DEFAULT '0.00',
  `order_id` int(11) DEFAULT NULL,
  `source_id` int(11) DEFAULT NULL,
  `source_type` varchar(255) DEFAULT NULL,
  `payment_method_id` int(11) DEFAULT NULL,
  `state` varchar(255) DEFAULT NULL,
  `response_code` varchar(255) DEFAULT NULL,
  `avs_response` varchar(255) DEFAULT NULL,
  `created_at` datetime NOT NULL,
  `updated_at` datetime NOT NULL,
  `identifier` varchar(255) DEFAULT NULL,
  PRIMARY KEY (`id`)
) ENGINE=InnoDB AUTO_INCREMENT=101 DEFAULT CHARSET=latin1;
/*!40101 SET character_set_client = @saved_cs_client */;

--
-- Dumping data for table `spree_payments`
--

LOCK TABLES `spree_payments` WRITE;
/*!40000 ALTER TABLE `spree_payments` DISABLE KEYS */;
INSERT INTO `spree_payments` VALUES (1,103.53,8567520,1,'Spree::CreditCard',193416319,'pending','12345',NULL,'2013-05-15 15:46:23','2013-05-15 15:46:23','XHDT52Q8'),(2,67.16,9493021,1,'Spree::CreditCard',193416319,'pending','12345',NULL,'2013-05-15 15:46:23','2013-05-15 15:46:23','FRH3MQR5'),(3,50.77,17482993,1,'Spree::CreditCard',193416319,'pending','12345',NULL,'2013-05-15 15:46:23','2013-05-15 15:46:23','8P53EW8D'),(4,50.37,36435006,1,'Spree::CreditCard',193416319,'pending','12345',NULL,'2013-05-15 15:46:23','2013-05-15 15:46:23','MYGJ9W6R'),(5,33.58,37328065,1,'Spree::CreditCard',193416319,'pending','12345',NULL,'2013-05-15 15:46:23','2013-05-15 15:46:23','KNXN7HPH'),(6,50.37,46943257,1,'Spree::CreditCard',193416319,'pending','12345',NULL,'2013-05-15 15:46:23','2013-05-15 15:46:23','3WUE9E2X'),(7,16.79,48114926,1,'Spree::CreditCard',193416319,'pending','12345',NULL,'2013-05-15 15:46:23','2013-05-15 15:46:23','QFFDUSU3'),(8,57.72,73849921,1,'Spree::CreditCard',193416319,'pending','12345',NULL,'2013-05-15 15:46:23','2013-05-15 15:46:23','VV5Y3BNC'),(9,16.79,88485925,1,'Spree::CreditCard',193416319,'pending','12345',NULL,'2013-05-15 15:46:24','2013-05-15 15:46:24','SC92FJN5'),(10,67.16,89411802,1,'Spree::CreditCard',193416319,'pending','12345',NULL,'2013-05-15 15:46:24','2013-05-15 15:46:24','438XTCUU'),(11,16.79,94472210,1,'Spree::CreditCard',193416319,'pending','12345',NULL,'2013-05-15 15:46:24','2013-05-15 15:46:24','99UD6M6N'),(12,33.58,95676661,1,'Spree::CreditCard',193416319,'pending','12345',NULL,'2013-05-15 15:46:24','2013-05-15 15:46:24','E4DFV53H'),(13,128.71,133136121,1,'Spree::CreditCard',193416319,'pending','12345',NULL,'2013-05-15 15:46:24','2013-05-15 15:46:24','5PX9CV7B'),(14,16.79,134028804,1,'Spree::CreditCard',193416319,'pending','12345',NULL,'2013-05-15 15:46:24','2013-05-15 15:46:24','QW4PW59N'),(15,44.77,145680447,1,'Spree::CreditCard',193416319,'pending','12345',NULL,'2013-05-15 15:46:24','2013-05-15 15:46:24','HDHKFZP8'),(16,101.14,146573512,1,'Spree::CreditCard',193416319,'pending','12345',NULL,'2013-05-15 15:46:24','2013-05-15 15:46:24','V78NJJ35'),(17,54.77,183664179,1,'Spree::CreditCard',193416319,'pending','12345',NULL,'2013-05-15 15:46:24','2013-05-15 15:46:24','VJX3DFRW'),(18,67.16,192544832,1,'Spree::CreditCard',193416319,'pending','12345',NULL,'2013-05-15 15:46:24','2013-05-15 15:46:24','8BD5E52E'),(19,67.16,216145139,1,'Spree::CreditCard',193416319,'pending','12345',NULL,'2013-05-15 15:46:24','2013-05-15 15:46:24','7HRAXLB2'),(20,181.10,228571690,1,'Spree::CreditCard',193416319,'pending','12345',NULL,'2013-05-15 15:46:24','2013-05-15 15:46:24','SWQDT76C'),(21,57.72,231772182,1,'Spree::CreditCard',193416319,'pending','12345',NULL,'2013-05-15 15:46:25','2013-05-15 15:46:25','HQDLDT3V'),(22,33.58,239817259,1,'Spree::CreditCard',193416319,'pending','12345',NULL,'2013-05-15 15:46:25','2013-05-15 15:46:25','9CRYCDCN'),(23,61.56,264449064,1,'Spree::CreditCard',193416319,'pending','12345',NULL,'2013-05-15 15:46:25','2013-05-15 15:46:25','V6M39CYQ'),(24,118.13,265374943,1,'Spree::CreditCard',193416319,'pending','12345',NULL,'2013-05-15 15:46:25','2013-05-15 15:46:25','NSV5ASW7'),(25,165.09,296204679,1,'Spree::CreditCard',193416319,'pending','12345',NULL,'2013-05-15 15:46:25','2013-05-15 15:46:25','FFJ8ESU4'),(26,118.13,297130368,1,'Spree::CreditCard',193416319,'pending','12345',NULL,'2013-05-15 15:46:25','2013-05-15 15:46:25','53G7ZAPP'),(27,16.79,308359551,1,'Spree::CreditCard',193416319,'pending','12345',NULL,'2013-05-15 15:46:25','2013-05-15 15:46:25','U8BAXJ6Q'),(28,115.44,330565047,1,'Spree::CreditCard',193416319,'pending','12345',NULL,'2013-05-15 15:46:25','2013-05-15 15:46:25','NPHUUSYR'),(29,99.90,335228811,1,'Spree::CreditCard',193416319,'pending','12345',NULL,'2013-05-15 15:46:25','2013-05-15 15:46:25','SW6J5Y2A'),(30,139.12,345435026,1,'Spree::CreditCard',193416319,'pending','12345',NULL,'2013-05-15 15:46:25','2013-05-15 15:46:25','563UR8NG'),(31,57.72,349815214,1,'Spree::CreditCard',193416319,'pending','12345',NULL,'2013-05-15 15:46:25','2013-05-15 15:46:25','B52KHEHL'),(32,50.37,368651700,1,'Spree::CreditCard',193416319,'pending','12345',NULL,'2013-05-15 15:46:25','2013-05-15 15:46:25','G32CP3WV'),(33,86.74,382369184,1,'Spree::CreditCard',193416319,'pending','12345',NULL,'2013-05-15 15:46:26','2013-05-15 15:46:26','QW32DKZH'),(34,101.34,383262055,1,'Spree::CreditCard',193416319,'pending','12345',NULL,'2013-05-15 15:46:26','2013-05-15 15:46:26','PEH5C9KT'),(35,162.29,391144298,1,'Spree::CreditCard',193416319,'pending','12345',NULL,'2013-05-15 15:46:26','2013-05-15 15:46:26','GSSH2K4W'),(36,193.07,403830194,1,'Spree::CreditCard',193416319,'pending','12345',NULL,'2013-05-15 15:46:26','2013-05-15 15:46:26','ABSWP63D'),(37,103.53,428600156,1,'Spree::CreditCard',193416319,'pending','12345',NULL,'2013-05-15 15:46:26','2013-05-15 15:46:26','L3P2BJDN'),(38,16.79,429493153,1,'Spree::CreditCard',193416319,'pending','12345',NULL,'2013-05-15 15:46:26','2013-05-15 15:46:26','WWQDVJPN'),(39,50.37,455255426,1,'Spree::CreditCard',193416319,'pending','12345',NULL,'2013-05-15 15:46:26','2013-05-15 15:46:26','DEQ2R2KB'),(40,50.37,456181117,1,'Spree::CreditCard',193416319,'pending','12345',NULL,'2013-05-15 15:46:26','2013-05-15 15:46:26','XQWC7RNR'),(41,50.37,465903021,1,'Spree::CreditCard',193416319,'pending','12345',NULL,'2013-05-15 15:46:26','2013-05-15 15:46:26','WX946DHF'),(42,67.16,467107162,1,'Spree::CreditCard',193416319,'pending','12345',NULL,'2013-05-15 15:46:26','2013-05-15 15:46:26','B3444TWV'),(43,50.37,474964377,1,'Spree::CreditCard',193416319,'pending','12345',NULL,'2013-05-15 15:46:26','2013-05-15 15:46:26','NAMH4Z3H'),(44,50.37,475857254,1,'Spree::CreditCard',193416319,'pending','12345',NULL,'2013-05-15 15:46:26','2013-05-15 15:46:26','8X7HWN7G'),(45,67.16,480827830,1,'Spree::CreditCard',193416319,'pending','12345',NULL,'2013-05-15 15:46:26','2013-05-15 15:46:26','WD8EM27T'),(46,16.79,481999185,1,'Spree::CreditCard',193416319,'pending','12345',NULL,'2013-05-15 15:46:27','2013-05-15 15:46:27','Y6ENVJXK'),(47,139.12,488679357,1,'Spree::CreditCard',193416319,'pending','12345',NULL,'2013-05-15 15:46:27','2013-05-15 15:46:27','C2DG99JJ'),(48,92.34,518401861,1,'Spree::CreditCard',193416319,'pending','12345',NULL,'2013-05-15 15:46:27','2013-05-15 15:46:27','PYQH7W57'),(49,33.58,519327672,1,'Spree::CreditCard',193416319,'pending','12345',NULL,'2013-05-15 15:46:27','2013-05-15 15:46:27','NJBARFE6'),(50,67.16,539762571,1,'Spree::CreditCard',193416319,'pending','12345',NULL,'2013-05-15 15:46:27','2013-05-15 15:46:27','GZ8BZZZM'),(51,64.36,542594049,1,'Spree::CreditCard',193416319,'pending','12345',NULL,'2013-05-15 15:46:27','2013-05-15 15:46:27','LD236Q5W'),(52,210.26,567102733,1,'Spree::CreditCard',193416319,'pending','12345',NULL,'2013-05-15 15:46:27','2013-05-15 15:46:27','P35EZN63'),(53,84.55,568274416,1,'Spree::CreditCard',193416319,'pending','12345',NULL,'2013-05-15 15:46:27','2013-05-15 15:46:27','2SEJBZKL'),(54,16.79,587078949,1,'Spree::CreditCard',193416319,'pending','12345',NULL,'2013-05-15 15:46:27','2013-05-15 15:46:27','EC2Q2DC4'),(55,113.74,596761353,1,'Spree::CreditCard',193416319,'pending','12345',NULL,'2013-05-15 15:46:27','2013-05-15 15:46:27','9CZG6PLZ'),(56,65.07,601813305,1,'Spree::CreditCard',193416319,'pending','12345',NULL,'2013-05-15 15:46:27','2013-05-15 15:46:27','Q93U5M8Q'),(57,74.51,615724322,1,'Spree::CreditCard',193416319,'pending','12345',NULL,'2013-05-15 15:46:28','2013-05-15 15:46:28','7R7UK9FT'),(58,139.12,620502818,1,'Spree::CreditCard',193416319,'pending','12345',NULL,'2013-05-15 15:46:28','2013-05-15 15:46:28','BPTL5QHK'),(59,33.58,627442156,1,'Spree::CreditCard',193416319,'pending','12345',NULL,'2013-05-15 15:46:28','2013-05-15 15:46:28','SM3FGDT3'),(60,114.72,648055060,1,'Spree::CreditCard',193416319,'pending','12345',NULL,'2013-05-15 15:46:28','2013-05-15 15:46:28','KRYUZ6DV'),(61,67.36,649259497,1,'Spree::CreditCard',193416319,'pending','12345',NULL,'2013-05-15 15:46:28','2013-05-15 15:46:28','RPL865HB'),(62,86.74,702619608,1,'Spree::CreditCard',193416319,'pending','12345',NULL,'2013-05-15 15:46:28','2013-05-15 15:46:28','RTG74KPK'),(63,67.16,703823663,1,'Spree::CreditCard',193416319,'pending','12345',NULL,'2013-05-15 15:46:28','2013-05-15 15:46:28','3FK33QE2'),(64,160.11,707237680,1,'Spree::CreditCard',193416319,'pending','12345',NULL,'2013-05-15 15:46:28','2013-05-15 15:46:28','LTUBR2ET'),(65,50.37,726159630,1,'Spree::CreditCard',193416319,'pending','12345',NULL,'2013-05-15 15:46:28','2013-05-15 15:46:28','RQ4UDKDQ'),(66,67.16,727331319,1,'Spree::CreditCard',193416319,'pending','12345',NULL,'2013-05-15 15:46:28','2013-05-15 15:46:28','SRRQ2EA5'),(67,16.79,732948771,1,'Spree::CreditCard',193416319,'pending','12345',NULL,'2013-05-15 15:46:28','2013-05-15 15:46:28','BYUXV7VE'),(68,16.79,733841882,1,'Spree::CreditCard',193416319,'pending','12345',NULL,'2013-05-15 15:46:28','2013-05-15 15:46:28','2QLP38XQ'),(69,67.16,740660503,1,'Spree::CreditCard',193416319,'pending','12345',NULL,'2013-05-15 15:46:29','2013-05-15 15:46:29','ZURDFA6N'),(70,16.79,741864942,1,'Spree::CreditCard',193416319,'pending','12345',NULL,'2013-05-15 15:46:29','2013-05-15 15:46:29','2DDSF2LW'),(71,16.79,750923066,1,'Spree::CreditCard',193416319,'pending','12345',NULL,'2013-05-15 15:46:29','2013-05-15 15:46:29','QKL5L3SY'),(72,33.58,751848899,1,'Spree::CreditCard',193416319,'pending','12345',NULL,'2013-05-15 15:46:29','2013-05-15 15:46:29','SGT3FLWU'),(73,162.29,780983247,1,'Spree::CreditCard',193416319,'pending','12345',NULL,'2013-05-15 15:46:29','2013-05-15 15:46:29','57XDNHSB'),(74,16.79,782154552,1,'Spree::CreditCard',193416319,'pending','12345',NULL,'2013-05-15 15:46:29','2013-05-15 15:46:29','TREMBXZ5'),(75,190.27,790021435,1,'Spree::CreditCard',193416319,'pending','12345',NULL,'2013-05-15 15:46:29','2013-05-15 15:46:29','MCG5CXR6'),(76,86.74,820530800,1,'Spree::CreditCard',193416319,'pending','12345',NULL,'2013-05-15 15:46:29','2013-05-15 15:46:29','6BPG5Z8T'),(77,50.37,821702295,1,'Spree::CreditCard',193416319,'pending','12345',NULL,'2013-05-15 15:46:29','2013-05-15 15:46:29','GBL5SCZ9'),(78,67.16,843120822,1,'Spree::CreditCard',193416319,'pending','12345',NULL,'2013-05-15 15:46:29','2013-05-15 15:46:29','PTVNLUCB'),(79,50.37,844324943,1,'Spree::CreditCard',193416319,'pending','12345',NULL,'2013-05-15 15:46:29','2013-05-15 15:46:29','7GLTCTUV'),(80,50.37,849787035,1,'Spree::CreditCard',193416319,'pending','12345',NULL,'2013-05-15 15:46:29','2013-05-15 15:46:29','T78PFH9A'),(81,50.37,850712674,1,'Spree::CreditCard',193416319,'pending','12345',NULL,'2013-05-15 15:46:30','2013-05-15 15:46:30','GAMXDN8G'),(82,65.07,862055596,1,'Spree::CreditCard',193416319,'pending','12345',NULL,'2013-05-15 15:46:30','2013-05-15 15:46:30','5HCQAD5N'),(83,50.37,892126383,1,'Spree::CreditCard',193416319,'pending','12345',NULL,'2013-05-15 15:46:30','2013-05-15 15:46:30','Q979MZS5'),(84,50.37,893297750,1,'Spree::CreditCard',193416319,'pending','12345',NULL,'2013-05-15 15:46:30','2013-05-15 15:46:30','2CQ67M7P'),(85,67.16,902528130,1,'Spree::CreditCard',193416319,'pending','12345',NULL,'2013-05-15 15:46:30','2013-05-15 15:46:30','KFB7Q5ZN'),(86,33.58,903421051,1,'Spree::CreditCard',193416319,'pending','12345',NULL,'2013-05-15 15:46:30','2013-05-15 15:46:30','76YH9RPN'),(87,84.55,906884218,1,'Spree::CreditCard',193416319,'pending','12345',NULL,'2013-05-15 15:46:30','2013-05-15 15:46:30','QSX84RAB'),(88,173.48,931498615,1,'Spree::CreditCard',193416319,'pending','12345',NULL,'2013-05-15 15:46:30','2013-05-15 15:46:30','R9E9BJGT'),(89,137.11,932702864,1,'Spree::CreditCard',193416319,'pending','12345',NULL,'2013-05-15 15:46:30','2013-05-15 15:46:30','G3UTABBJ'),(90,128.71,952376497,1,'Spree::CreditCard',193416319,'pending','12345',NULL,'2013-05-15 15:46:30','2013-05-15 15:46:30','2GJ2GRDL'),(91,122.13,953580620,1,'Spree::CreditCard',193416319,'pending','12345',NULL,'2013-05-15 15:46:30','2013-05-15 15:46:30','652LN5LX'),(92,67.16,961307330,1,'Spree::CreditCard',193416319,'pending','12345',NULL,'2013-05-15 15:46:30','2013-05-15 15:46:30','QKNNQ2JK'),(93,105.14,983075517,1,'Spree::CreditCard',193416319,'pending','12345',NULL,'2013-05-15 15:46:31','2013-05-15 15:46:31','63NZ3BDY'),(94,81.86,987209861,1,'Spree::CreditCard',193416319,'pending','12345',NULL,'2013-05-15 15:46:31','2013-05-15 15:46:31','6BX4FK5V'),(95,67.16,1004874852,1,'Spree::CreditCard',193416319,'pending','12345',NULL,'2013-05-15 15:46:31','2013-05-15 15:46:31','JK88ZLME'),(96,16.79,1014837421,1,'Spree::CreditCard',193416319,'pending','12345',NULL,'2013-05-15 15:46:31','2013-05-15 15:46:31','VTJAZ7VB'),(97,74.51,1035625630,1,'Spree::CreditCard',193416319,'pending','12345',NULL,'2013-05-15 15:46:31','2013-05-15 15:46:31','VL7T89KK'),(98,126.13,1039486630,1,'Spree::CreditCard',193416319,'pending','12345',NULL,'2013-05-15 15:46:31','2013-05-15 15:46:31','K3KQ26C4'),(99,30.78,1068095656,1,'Spree::CreditCard',193416319,'pending','12345',NULL,'2013-05-15 15:46:31','2013-05-15 15:46:31','MX2ML25M'),(100,33.78,1069267029,1,'Spree::CreditCard',193416319,'pending','12345',NULL,'2013-05-15 15:46:31','2013-05-15 15:46:31','SGBZYVE2');
/*!40000 ALTER TABLE `spree_payments` ENABLE KEYS */;
UNLOCK TABLES;

--
-- Table structure for table `spree_paypal_accounts`
--

DROP TABLE IF EXISTS `spree_paypal_accounts`;
/*!40101 SET @saved_cs_client     = @@character_set_client */;
/*!40101 SET character_set_client = utf8 */;
CREATE TABLE `spree_paypal_accounts` (
  `id` int(11) NOT NULL AUTO_INCREMENT,
  `email` varchar(255) DEFAULT NULL,
  `payer_id` varchar(255) DEFAULT NULL,
  `payer_country` varchar(255) DEFAULT NULL,
  `payer_status` varchar(255) DEFAULT NULL,
  PRIMARY KEY (`id`)
) ENGINE=InnoDB DEFAULT CHARSET=latin1;
/*!40101 SET character_set_client = @saved_cs_client */;

--
-- Dumping data for table `spree_paypal_accounts`
--

LOCK TABLES `spree_paypal_accounts` WRITE;
/*!40000 ALTER TABLE `spree_paypal_accounts` DISABLE KEYS */;
/*!40000 ALTER TABLE `spree_paypal_accounts` ENABLE KEYS */;
UNLOCK TABLES;

--
-- Table structure for table `spree_preferences`
--

DROP TABLE IF EXISTS `spree_preferences`;
/*!40101 SET @saved_cs_client     = @@character_set_client */;
/*!40101 SET character_set_client = utf8 */;
CREATE TABLE `spree_preferences` (
  `id` int(11) NOT NULL AUTO_INCREMENT,
  `value` text,
  `key` varchar(255) DEFAULT NULL,
  `value_type` varchar(255) DEFAULT NULL,
  `created_at` datetime NOT NULL,
  `updated_at` datetime NOT NULL,
  PRIMARY KEY (`id`),
  UNIQUE KEY `index_spree_preferences_on_key` (`key`)
) ENGINE=InnoDB AUTO_INCREMENT=14 DEFAULT CHARSET=latin1;
/*!40101 SET character_set_client = @saved_cs_client */;

--
-- Dumping data for table `spree_preferences`
--

LOCK TABLES `spree_preferences` WRITE;
/*!40000 ALTER TABLE `spree_preferences` DISABLE KEYS */;
INSERT INTO `spree_preferences` VALUES (1,'5.0','spree/calculator/flat_rate/amount/909221584','decimal','2013-05-15 15:46:31','2013-05-15 15:46:31'),(2,'USD','spree/calculator/flat_rate/currency/909221584','string','2013-05-15 15:46:31','2013-05-15 15:46:31'),(3,'5.0','spree/calculator/flat_rate/amount/144256889','decimal','2013-05-15 15:46:31','2013-05-15 15:46:31'),(4,'EUR','spree/calculator/flat_rate/currency/144256889','string','2013-05-15 15:46:31','2013-05-15 15:46:31'),(5,'15.0','spree/calculator/flat_rate/amount/273448578','decimal','2013-05-15 15:46:31','2013-05-15 15:46:31'),(6,'USD','spree/calculator/flat_rate/currency/273448578','string','2013-05-15 15:46:31','2013-05-15 15:46:31'),(7,'10.0','spree/calculator/flat_rate/amount/319692212','decimal','2013-05-15 15:46:31','2013-05-15 15:46:31'),(8,'USD','spree/calculator/flat_rate/currency/319692212','string','2013-05-15 15:46:31','2013-05-15 15:46:31'),(9,'82733','spree/dash_configuration/app_id','string','2013-05-15 18:10:33','2013-05-15 18:10:33'),(10,'f673f6e1209711d2c4ff5543a2d93a5f','spree/dash_configuration/app_token','string','2013-05-15 18:10:33','2013-05-15 18:10:33'),(11,'123343','spree/dash_configuration/site_id','string','2013-05-15 18:10:33','2013-05-15 18:10:33'),(12,'8255c6eda783532e59c3c43f084f043a','spree/dash_configuration/token','string','2013-05-15 18:10:33','2013-05-15 18:10:33'),(13,'0','spree/app_configuration/allow_ssl_in_production','boolean','2013-05-23 00:41:57','2013-06-03 22:40:56');
/*!40000 ALTER TABLE `spree_preferences` ENABLE KEYS */;
UNLOCK TABLES;

--
-- Table structure for table `spree_prices`
--

DROP TABLE IF EXISTS `spree_prices`;
/*!40101 SET @saved_cs_client     = @@character_set_client */;
/*!40101 SET character_set_client = utf8 */;
CREATE TABLE `spree_prices` (
  `id` int(11) NOT NULL AUTO_INCREMENT,
  `variant_id` int(11) NOT NULL,
  `amount` decimal(8,2) DEFAULT NULL,
  `currency` varchar(255) DEFAULT NULL,
  PRIMARY KEY (`id`)
) ENGINE=InnoDB AUTO_INCREMENT=1068543134 DEFAULT CHARSET=latin1;
/*!40101 SET character_set_client = @saved_cs_client */;

--
-- Dumping data for table `spree_prices`
--

LOCK TABLES `spree_prices` WRITE;
/*!40000 ALTER TABLE `spree_prices` DISABLE KEYS */;
INSERT INTO `spree_prices` VALUES (2517396,1001480408,14.00,'EUR'),(18357566,726086391,16.00,'EUR'),(61986752,336514991,16.00,'EUR'),(64271180,438855057,15.99,'USD'),(65279169,748173072,13.99,'USD'),(164980614,265742438,19.99,'USD'),(170519322,504220342,22.99,'USD'),(183974601,489273655,19.99,'USD'),(186625456,664770399,16.00,'EUR'),(205884165,78660486,19.99,'USD'),(208845432,284430812,19.99,'USD'),(252669690,219452125,16.00,'EUR'),(262515488,205047256,18.50,'EUR'),(275247412,568516732,19.99,'USD'),(311118159,215054540,14.00,'EUR'),(316354732,11550984,19.99,'USD'),(317166453,97292824,19.99,'USD'),(383440372,833839126,19.00,'EUR'),(390028348,954827632,17.99,'USD'),(390090371,451832754,19.99,'USD'),(394063194,529709246,19.99,'USD'),(399956308,947339321,16.00,'EUR'),(417167385,599112055,16.99,'USD'),(435025847,405540681,19.99,'USD'),(468308702,429921481,16.50,'EUR'),(521351289,157039898,19.99,'USD'),(521611867,52862384,12.00,'EUR'),(565936608,157039898,16.00,'EUR'),(566205440,52862384,13.99,'USD'),(625042301,429921481,19.99,'USD'),(645253570,599112055,14.00,'EUR'),(658851346,405540681,16.00,'EUR'),(678585431,833839126,22.99,'USD'),(696150261,947339321,19.99,'USD'),(697822623,954827632,15.00,'EUR'),(701783297,529709246,16.00,'EUR'),(703135528,451832754,16.00,'EUR'),(740554988,215054540,15.99,'USD'),(743383766,97292824,16.00,'EUR'),(745767183,11550984,16.00,'EUR'),(785334421,568516732,16.00,'EUR'),(822942395,205047256,21.99,'USD'),(833085279,219452125,19.99,'USD'),(853150673,284430812,16.00,'EUR'),(854407846,78660486,16.00,'EUR'),(865487983,325821322,19.99,'USD'),(878676834,489273655,16.00,'EUR'),(880892593,504220342,19.00,'EUR'),(894525183,1013589412,16.00,'EUR'),(901192715,664770399,19.99,'USD'),(930993699,265742438,16.00,'EUR'),(1025074715,336514991,19.99,'USD'),(1028433178,748173072,12.00,'EUR'),(1031537389,438855057,14.00,'EUR'),(1049548855,1001480408,16.99,'USD'),(1068543133,726086391,19.99,'USD');
/*!40000 ALTER TABLE `spree_prices` ENABLE KEYS */;
UNLOCK TABLES;

--
-- Table structure for table `spree_product_option_types`
--

DROP TABLE IF EXISTS `spree_product_option_types`;
/*!40101 SET @saved_cs_client     = @@character_set_client */;
/*!40101 SET character_set_client = utf8 */;
CREATE TABLE `spree_product_option_types` (
  `id` int(11) NOT NULL AUTO_INCREMENT,
  `position` int(11) DEFAULT NULL,
  `product_id` int(11) DEFAULT NULL,
  `option_type_id` int(11) DEFAULT NULL,
  `created_at` datetime NOT NULL,
  `updated_at` datetime NOT NULL,
  PRIMARY KEY (`id`)
) ENGINE=InnoDB AUTO_INCREMENT=770483856 DEFAULT CHARSET=latin1;
/*!40101 SET character_set_client = @saved_cs_client */;

--
-- Dumping data for table `spree_product_option_types`
--

LOCK TABLES `spree_product_option_types` WRITE;
/*!40000 ALTER TABLE `spree_product_option_types` DISABLE KEYS */;
INSERT INTO `spree_product_option_types` VALUES (33286406,4,528469905,643188970,'2013-05-15 15:46:20','2013-05-15 15:46:20'),(120260595,3,528469905,935339117,'2013-05-15 15:46:20','2013-05-15 15:46:20'),(409080753,2,1025786064,643188970,'2013-05-15 15:46:20','2013-05-15 15:46:20'),(770483855,1,1025786064,935339117,'2013-05-15 15:46:20','2013-05-15 15:46:20');
/*!40000 ALTER TABLE `spree_product_option_types` ENABLE KEYS */;
UNLOCK TABLES;

--
-- Table structure for table `spree_product_properties`
--

DROP TABLE IF EXISTS `spree_product_properties`;
/*!40101 SET @saved_cs_client     = @@character_set_client */;
/*!40101 SET character_set_client = utf8 */;
CREATE TABLE `spree_product_properties` (
  `id` int(11) NOT NULL AUTO_INCREMENT,
  `value` varchar(255) DEFAULT NULL,
  `product_id` int(11) DEFAULT NULL,
  `property_id` int(11) DEFAULT NULL,
  `created_at` datetime NOT NULL,
  `updated_at` datetime NOT NULL,
  `position` int(11) DEFAULT '0',
  PRIMARY KEY (`id`),
  KEY `index_product_properties_on_product_id` (`product_id`)
) ENGINE=InnoDB AUTO_INCREMENT=1073273137 DEFAULT CHARSET=latin1;
/*!40101 SET character_set_client = @saved_cs_client */;

--
-- Dumping data for table `spree_product_properties`
--

LOCK TABLES `spree_product_properties` WRITE;
/*!40000 ALTER TABLE `spree_product_properties` DISABLE KEYS */;
INSERT INTO `spree_product_properties` VALUES (20058462,'100% Cotton',528469905,209471856,'2013-05-15 15:46:20','2013-05-15 15:46:20',0),(23187048,'Jr Spaghetti T',398400663,905834902,'2013-05-15 15:46:20','2013-05-15 15:46:20',0),(35541550,'100% Vellum',187438981,209471856,'2013-05-15 15:46:20','2013-05-15 15:46:20',0),(49364048,'Men\'s',528469905,730553315,'2013-05-15 15:46:20','2013-05-15 15:46:20',0),(53010788,'6.75\" tall, 3.75\" dia. base, 3\" dia. rim',302032070,704092869,'2013-05-15 15:46:20','2013-05-15 15:46:20',0),(86292430,'form',398400663,793908548,'2013-05-15 15:46:20','2013-05-15 15:46:20',0),(94685118,'TL9002',187438981,39476074,'2013-05-15 15:46:20','2013-05-15 15:46:20',0),(107151082,'15\" x 18\" x 6\"',176895127,591802549,'2013-05-15 15:46:20','2013-05-15 15:46:20',0),(172457766,'Women\'s',1060500592,730553315,'2013-05-15 15:46:20','2013-05-15 15:46:20',0),(183653538,'Baseball Jersey',1025786064,905834902,'2013-05-15 15:46:20','2013-05-15 15:46:20',0),(198421197,'Jerseys',1060500592,560029305,'2013-05-15 15:46:20','2013-05-15 15:46:20',0),(213548534,'TL174',398400663,39476074,'2013-05-15 15:46:20','2013-05-15 15:46:20',0),(219455744,'Stein',302032070,317319559,'2013-05-15 15:46:20','2013-05-15 15:46:20',0),(221505552,'Messenger',107377505,408437751,'2013-05-15 15:46:20','2013-05-15 15:46:20',0),(222368812,'Wannabe Sports',528469905,161337574,'2013-05-15 15:46:20','2013-05-15 15:46:20',0),(234140569,'short',500501192,305002717,'2013-05-15 15:46:20','2013-05-15 15:46:20',0),(243202933,'600 Denier Polyester',723959550,901906169,'2013-05-15 15:46:20','2013-05-15 15:46:20',0),(301381635,'Jerseys',500501192,560029305,'2013-05-15 15:46:20','2013-05-15 15:46:20',0),(316341113,'Wilson',1025786064,560029305,'2013-05-15 15:46:20','2013-05-15 15:46:20',0),(323890842,'Men\'s',1025786064,730553315,'2013-05-15 15:46:20','2013-05-15 15:46:20',0),(335217946,'Jr Spaghetti T',1060500592,905834902,'2013-05-15 15:46:20','2013-05-15 15:46:20',0),(337506628,'Mug',596960057,317319559,'2013-05-15 15:46:20','2013-05-15 15:46:20',0),(339392948,'Tote',176895127,408437751,'2013-05-15 15:46:20','2013-05-15 15:46:20',0),(340280728,'Resilance',398400663,161337574,'2013-05-15 15:46:20','2013-05-15 15:46:20',0),(364063818,'JK1002',528469905,39476074,'2013-05-15 15:46:20','2013-05-15 15:46:20',0),(393718481,'Canvas',459084718,901906169,'2013-05-15 15:46:20','2013-05-15 15:46:20',0),(406536418,'90% Cotton, 10% Nylon',398400663,209471856,'2013-05-15 15:46:20','2013-05-15 15:46:20',0),(409509844,'Baseball Jersey',528469905,905834902,'2013-05-15 15:46:20','2013-05-15 15:46:20',0),(438415584,'4.5\" tall, 3.25\" dia.',596960057,704092869,'2013-05-15 15:46:20','2013-05-15 15:46:20',0),(469265912,'Women\'s',398400663,730553315,'2013-05-15 15:46:20','2013-05-15 15:46:20',0),(472770166,'loose',528469905,793908548,'2013-05-15 15:46:20','2013-05-15 15:46:20',0),(474718531,'short',187438981,305002717,'2013-05-15 15:46:20','2013-05-15 15:46:20',0),(492240860,'Conditioned',187438981,161337574,'2013-05-15 15:46:20','2013-05-15 15:46:20',0),(520201478,'loose',187438981,793908548,'2013-05-15 15:46:20','2013-05-15 15:46:20',0),(527150930,'14 1/2\" x 12\" x 5\"',107377505,591802549,'2013-05-15 15:46:20','2013-05-15 15:46:20',0),(592409859,'Conditioned',500501192,161337574,'2013-05-15 15:46:20','2013-05-15 15:46:20',0),(603640506,'long',528469905,305002717,'2013-05-15 15:46:20','2013-05-15 15:46:20',0),(620508557,'Ringer T',187438981,905834902,'2013-05-15 15:46:20','2013-05-15 15:46:20',0),(646472421,'4.5\" tall, 3.25\" dia.',248786582,704092869,'2013-05-15 15:46:20','2013-05-15 15:46:20',0),(649013781,'15\" x 18\" x 6\"',459084718,591802549,'2013-05-15 15:46:20','2013-05-15 15:46:20',0),(653363348,'Jerseys',398400663,560029305,'2013-05-15 15:46:20','2013-05-15 15:46:20',0),(671520151,'form',1060500592,793908548,'2013-05-15 15:46:20','2013-05-15 15:46:20',0),(710004557,'Resilance',1060500592,161337574,'2013-05-15 15:46:20','2013-05-15 15:46:20',0),(726438360,'none',1060500592,305002717,'2013-05-15 15:46:20','2013-05-15 15:46:20',0),(732604053,'JK1002',1025786064,39476074,'2013-05-15 15:46:20','2013-05-15 15:46:20',0),(739259141,'100% Cotton',1025786064,209471856,'2013-05-15 15:46:20','2013-05-15 15:46:20',0),(754933093,'Men\'s',500501192,730553315,'2013-05-15 15:46:20','2013-05-15 15:46:20',0),(769225731,'Stein',1035865702,317319559,'2013-05-15 15:46:20','2013-05-15 15:46:20',0),(771636467,'Messenger',723959550,408437751,'2013-05-15 15:46:20','2013-05-15 15:46:20',0),(792490103,'100% Vellum',500501192,209471856,'2013-05-15 15:46:20','2013-05-15 15:46:20',0),(823116847,'loose',1025786064,793908548,'2013-05-15 15:46:20','2013-05-15 15:46:20',0),(841189213,'loose',500501192,793908548,'2013-05-15 15:46:20','2013-05-15 15:46:20',0),(843432044,'long',1025786064,305002717,'2013-05-15 15:46:20','2013-05-15 15:46:20',0),(849606441,'TL174',1060500592,39476074,'2013-05-15 15:46:20','2013-05-15 15:46:20',0),(861445881,'Wannabe Sports',1025786064,161337574,'2013-05-15 15:46:20','2013-05-15 15:46:20',0),(886056379,'Mug',248786582,317319559,'2013-05-15 15:46:20','2013-05-15 15:46:20',0),(888630603,'Tote',459084718,408437751,'2013-05-15 15:46:20','2013-05-15 15:46:20',0),(890856121,'90% Cotton, 10% Nylon',1060500592,209471856,'2013-05-15 15:46:20','2013-05-15 15:46:20',0),(912719615,'Ringer T',500501192,905834902,'2013-05-15 15:46:20','2013-05-15 15:46:20',0),(989037314,'none',398400663,305002717,'2013-05-15 15:46:20','2013-05-15 15:46:20',0),(1002261863,'TL9002',500501192,39476074,'2013-05-15 15:46:20','2013-05-15 15:46:20',0),(1020566108,'Jerseys',187438981,560029305,'2013-05-15 15:46:20','2013-05-15 15:46:20',0),(1027624887,'Men\'s',187438981,730553315,'2013-05-15 15:46:20','2013-05-15 15:46:20',0),(1065431905,'6.75\" tall, 3.75\" dia. base, 3\" dia. rim',1035865702,704092869,'2013-05-15 15:46:20','2013-05-15 15:46:20',0),(1067875249,'14 1/2\" x 12\" x 5\"',723959550,591802549,'2013-05-15 15:46:20','2013-05-15 15:46:20',0),(1073273136,'Wilson',528469905,560029305,'2013-05-15 15:46:20','2013-05-15 15:46:20',0);
/*!40000 ALTER TABLE `spree_product_properties` ENABLE KEYS */;
UNLOCK TABLES;

--
-- Table structure for table `spree_products`
--

DROP TABLE IF EXISTS `spree_products`;
/*!40101 SET @saved_cs_client     = @@character_set_client */;
/*!40101 SET character_set_client = utf8 */;
CREATE TABLE `spree_products` (
  `id` int(11) NOT NULL AUTO_INCREMENT,
  `name` varchar(255) NOT NULL DEFAULT '',
  `description` text,
  `available_on` datetime DEFAULT NULL,
  `deleted_at` datetime DEFAULT NULL,
  `permalink` varchar(255) DEFAULT NULL,
  `meta_description` varchar(255) DEFAULT NULL,
  `meta_keywords` varchar(255) DEFAULT NULL,
  `tax_category_id` int(11) DEFAULT NULL,
  `shipping_category_id` int(11) DEFAULT NULL,
  `count_on_hand` int(11) DEFAULT '0',
  `created_at` datetime NOT NULL,
  `updated_at` datetime NOT NULL,
  `on_demand` tinyint(1) DEFAULT '0',
  PRIMARY KEY (`id`),
  KEY `index_spree_products_on_available_on` (`available_on`),
  KEY `index_spree_products_on_deleted_at` (`deleted_at`),
  KEY `index_spree_products_on_name` (`name`),
  KEY `index_spree_products_on_permalink` (`permalink`)
) ENGINE=InnoDB AUTO_INCREMENT=1060500593 DEFAULT CHARSET=latin1;
/*!40101 SET character_set_client = @saved_cs_client */;

--
-- Dumping data for table `spree_products`
--

LOCK TABLES `spree_products` WRITE;
/*!40000 ALTER TABLE `spree_products` DISABLE KEYS */;
INSERT INTO `spree_products` VALUES (107377505,'Spree Bag','Lorem ipsum dolor sit amet, consectetuer adipiscing elit. Nulla nonummy aliquet mi. Proin lacus. Ut placerat. Proin consequat, justo sit amet tempus consequat, elit est adipiscing odio, ut egestas pede eros in diam. Proin varius, lacus vitae suscipit varius, ipsum eros convallis nisi, sit amet sodales lectus pede non est. Duis augue. Suspendisse hendrerit pharetra metus. Pellentesque habitant morbi tristique senectus et netus et malesuada fames ac turpis egestas. Curabitur nec pede. Quisque volutpat, neque ac porttitor sodales, sem lacus rutrum nulla, ullamcorper placerat ante tortor ac odio. Suspendisse vel libero. Nullam volutpat magna vel ligula. Suspendisse sit amet metus. Nunc quis massa. Nulla facilisi. In enim. In venenatis nisi id eros. Lorem ipsum dolor sit amet, consectetuer adipiscing elit. Nunc sit amet felis sed lectus tincidunt egestas. Mauris nibh.','2013-05-15 15:46:20',NULL,'spree-bag',NULL,NULL,25484906,NULL,10,'2013-05-15 15:46:20','2013-05-15 15:46:20',0),(176895127,'Spree Tote','Lorem ipsum dolor sit amet, consectetuer adipiscing elit. Nulla nonummy aliquet mi. Proin lacus. Ut placerat. Proin consequat, justo sit amet tempus consequat, elit est adipiscing odio, ut egestas pede eros in diam. Proin varius, lacus vitae suscipit varius, ipsum eros convallis nisi, sit amet sodales lectus pede non est. Duis augue. Suspendisse hendrerit pharetra metus. Pellentesque habitant morbi tristique senectus et netus et malesuada fames ac turpis egestas. Curabitur nec pede. Quisque volutpat, neque ac porttitor sodales, sem lacus rutrum nulla, ullamcorper placerat ante tortor ac odio. Suspendisse vel libero. Nullam volutpat magna vel ligula. Suspendisse sit amet metus. Nunc quis massa. Nulla facilisi. In enim. In venenatis nisi id eros. Lorem ipsum dolor sit amet, consectetuer adipiscing elit. Nunc sit amet felis sed lectus tincidunt egestas. Mauris nibh.','2013-05-15 15:46:20',NULL,'spree-tote',NULL,NULL,25484906,NULL,10,'2013-05-15 15:46:20','2013-05-15 15:46:20',0),(187438981,'Ruby on Rails Ringer T-Shirt','Lorem ipsum dolor sit amet, consectetuer adipiscing elit. Nulla nonummy aliquet mi. Proin lacus. Ut placerat. Proin consequat, justo sit amet tempus consequat, elit est adipiscing odio, ut egestas pede eros in diam. Proin varius, lacus vitae suscipit varius, ipsum eros convallis nisi, sit amet sodales lectus pede non est. Duis augue. Suspendisse hendrerit pharetra metus. Pellentesque habitant morbi tristique senectus et netus et malesuada fames ac turpis egestas. Curabitur nec pede. Quisque volutpat, neque ac porttitor sodales, sem lacus rutrum nulla, ullamcorper placerat ante tortor ac odio. Suspendisse vel libero. Nullam volutpat magna vel ligula. Suspendisse sit amet metus. Nunc quis massa. Nulla facilisi. In enim. In venenatis nisi id eros. Lorem ipsum dolor sit amet, consectetuer adipiscing elit. Nunc sit amet felis sed lectus tincidunt egestas. Mauris nibh.','2013-05-15 15:46:20',NULL,'ruby-on-rails-ringer-t-shirt',NULL,NULL,25484906,NULL,10,'2013-05-15 15:46:20','2013-05-15 15:46:20',0),(248786582,'Ruby on Rails Mug','Lorem ipsum dolor sit amet, consectetuer adipiscing elit. Nulla nonummy aliquet mi. Proin lacus. Ut placerat. Proin consequat, justo sit amet tempus consequat, elit est adipiscing odio, ut egestas pede eros in diam. Proin varius, lacus vitae suscipit varius, ipsum eros convallis nisi, sit amet sodales lectus pede non est. Duis augue. Suspendisse hendrerit pharetra metus. Pellentesque habitant morbi tristique senectus et netus et malesuada fames ac turpis egestas. Curabitur nec pede. Quisque volutpat, neque ac porttitor sodales, sem lacus rutrum nulla, ullamcorper placerat ante tortor ac odio. Suspendisse vel libero. Nullam volutpat magna vel ligula. Suspendisse sit amet metus. Nunc quis massa. Nulla facilisi. In enim. In venenatis nisi id eros. Lorem ipsum dolor sit amet, consectetuer adipiscing elit. Nunc sit amet felis sed lectus tincidunt egestas. Mauris nibh.','2013-05-15 15:46:20',NULL,'ruby-on-rails-mug',NULL,NULL,NULL,NULL,10,'2013-05-15 15:46:20','2013-05-15 15:46:20',0),(302032070,'Spree Stein','Lorem ipsum dolor sit amet, consectetuer adipiscing elit. Nulla nonummy aliquet mi. Proin lacus. Ut placerat. Proin consequat, justo sit amet tempus consequat, elit est adipiscing odio, ut egestas pede eros in diam. Proin varius, lacus vitae suscipit varius, ipsum eros convallis nisi, sit amet sodales lectus pede non est. Duis augue. Suspendisse hendrerit pharetra metus. Pellentesque habitant morbi tristique senectus et netus et malesuada fames ac turpis egestas. Curabitur nec pede. Quisque volutpat, neque ac porttitor sodales, sem lacus rutrum nulla, ullamcorper placerat ante tortor ac odio. Suspendisse vel libero. Nullam volutpat magna vel ligula. Suspendisse sit amet metus. Nunc quis massa. Nulla facilisi. In enim. In venenatis nisi id eros. Lorem ipsum dolor sit amet, consectetuer adipiscing elit. Nunc sit amet felis sed lectus tincidunt egestas. Mauris nibh.','2013-05-15 15:46:20',NULL,'spree-stein',NULL,NULL,NULL,NULL,10,'2013-05-15 15:46:20','2013-05-15 15:46:20',0),(398400663,'Spree Jr. Spaghetti','Lorem ipsum dolor sit amet, consectetuer adipiscing elit. Nulla nonummy aliquet mi. Proin lacus. Ut placerat. Proin consequat, justo sit amet tempus consequat, elit est adipiscing odio, ut egestas pede eros in diam. Proin varius, lacus vitae suscipit varius, ipsum eros convallis nisi, sit amet sodales lectus pede non est. Duis augue. Suspendisse hendrerit pharetra metus. Pellentesque habitant morbi tristique senectus et netus et malesuada fames ac turpis egestas. Curabitur nec pede. Quisque volutpat, neque ac porttitor sodales, sem lacus rutrum nulla, ullamcorper placerat ante tortor ac odio. Suspendisse vel libero. Nullam volutpat magna vel ligula. Suspendisse sit amet metus. Nunc quis massa. Nulla facilisi. In enim. In venenatis nisi id eros. Lorem ipsum dolor sit amet, consectetuer adipiscing elit. Nunc sit amet felis sed lectus tincidunt egestas. Mauris nibh.','2013-05-15 15:46:20',NULL,'spree-jr-spaghetti',NULL,NULL,25484906,NULL,10,'2013-05-15 15:46:20','2013-05-15 15:46:20',0),(459084718,'Ruby on Rails Tote','Lorem ipsum dolor sit amet, consectetuer adipiscing elit. Nulla nonummy aliquet mi. Proin lacus. Ut placerat. Proin consequat, justo sit amet tempus consequat, elit est adipiscing odio, ut egestas pede eros in diam. Proin varius, lacus vitae suscipit varius, ipsum eros convallis nisi, sit amet sodales lectus pede non est. Duis augue. Suspendisse hendrerit pharetra metus. Pellentesque habitant morbi tristique senectus et netus et malesuada fames ac turpis egestas. Curabitur nec pede. Quisque volutpat, neque ac porttitor sodales, sem lacus rutrum nulla, ullamcorper placerat ante tortor ac odio. Suspendisse vel libero. Nullam volutpat magna vel ligula. Suspendisse sit amet metus. Nunc quis massa. Nulla facilisi. In enim. In venenatis nisi id eros. Lorem ipsum dolor sit amet, consectetuer adipiscing elit. Nunc sit amet felis sed lectus tincidunt egestas. Mauris nibh.','2013-05-15 15:46:20',NULL,'ruby-on-rails-tote',NULL,NULL,25484906,NULL,10,'2013-05-15 15:46:20','2013-05-15 15:46:20',0),(500501192,'Spree Ringer T-Shirt','Lorem ipsum dolor sit amet, consectetuer adipiscing elit. Nulla nonummy aliquet mi. Proin lacus. Ut placerat. Proin consequat, justo sit amet tempus consequat, elit est adipiscing odio, ut egestas pede eros in diam. Proin varius, lacus vitae suscipit varius, ipsum eros convallis nisi, sit amet sodales lectus pede non est. Duis augue. Suspendisse hendrerit pharetra metus. Pellentesque habitant morbi tristique senectus et netus et malesuada fames ac turpis egestas. Curabitur nec pede. Quisque volutpat, neque ac porttitor sodales, sem lacus rutrum nulla, ullamcorper placerat ante tortor ac odio. Suspendisse vel libero. Nullam volutpat magna vel ligula. Suspendisse sit amet metus. Nunc quis massa. Nulla facilisi. In enim. In venenatis nisi id eros. Lorem ipsum dolor sit amet, consectetuer adipiscing elit. Nunc sit amet felis sed lectus tincidunt egestas. Mauris nibh.','2013-05-15 15:46:20',NULL,'spree-ringer-t-shirt',NULL,NULL,25484906,NULL,10,'2013-05-15 15:46:20','2013-05-15 15:46:20',0),(528469905,'Spree Baseball Jersey','Lorem ipsum dolor sit amet, consectetuer adipiscing elit. Nulla nonummy aliquet mi. Proin lacus. Ut placerat. Proin consequat, justo sit amet tempus consequat, elit est adipiscing odio, ut egestas pede eros in diam. Proin varius, lacus vitae suscipit varius, ipsum eros convallis nisi, sit amet sodales lectus pede non est. Duis augue. Suspendisse hendrerit pharetra metus. Pellentesque habitant morbi tristique senectus et netus et malesuada fames ac turpis egestas. Curabitur nec pede. Quisque volutpat, neque ac porttitor sodales, sem lacus rutrum nulla, ullamcorper placerat ante tortor ac odio. Suspendisse vel libero. Nullam volutpat magna vel ligula. Suspendisse sit amet metus. Nunc quis massa. Nulla facilisi. In enim. In venenatis nisi id eros. Lorem ipsum dolor sit amet, consectetuer adipiscing elit. Nunc sit amet felis sed lectus tincidunt egestas. Mauris nibh.','2013-05-15 15:46:20',NULL,'spree-baseball-jersey',NULL,NULL,25484906,NULL,30,'2013-05-15 15:46:20','2013-05-15 15:46:20',0),(569012001,'Ruby Baseball Jersey','Lorem ipsum dolor sit amet, consectetuer adipiscing elit. Nulla nonummy aliquet mi. Proin lacus. Ut placerat. Proin consequat, justo sit amet tempus consequat, elit est adipiscing odio, ut egestas pede eros in diam. Proin varius, lacus vitae suscipit varius, ipsum eros convallis nisi, sit amet sodales lectus pede non est. Duis augue. Suspendisse hendrerit pharetra metus. Pellentesque habitant morbi tristique senectus et netus et malesuada fames ac turpis egestas. Curabitur nec pede. Quisque volutpat, neque ac porttitor sodales, sem lacus rutrum nulla, ullamcorper placerat ante tortor ac odio. Suspendisse vel libero. Nullam volutpat magna vel ligula. Suspendisse sit amet metus. Nunc quis massa. Nulla facilisi. In enim. In venenatis nisi id eros. Lorem ipsum dolor sit amet, consectetuer adipiscing elit. Nunc sit amet felis sed lectus tincidunt egestas. Mauris nibh.','2013-05-15 15:46:20',NULL,'ruby-baseball-jersey',NULL,NULL,25484906,NULL,10,'2013-05-15 15:46:20','2013-05-15 15:46:20',0),(596960057,'Spree Mug','Lorem ipsum dolor sit amet, consectetuer adipiscing elit. Nulla nonummy aliquet mi. Proin lacus. Ut placerat. Proin consequat, justo sit amet tempus consequat, elit est adipiscing odio, ut egestas pede eros in diam. Proin varius, lacus vitae suscipit varius, ipsum eros convallis nisi, sit amet sodales lectus pede non est. Duis augue. Suspendisse hendrerit pharetra metus. Pellentesque habitant morbi tristique senectus et netus et malesuada fames ac turpis egestas. Curabitur nec pede. Quisque volutpat, neque ac porttitor sodales, sem lacus rutrum nulla, ullamcorper placerat ante tortor ac odio. Suspendisse vel libero. Nullam volutpat magna vel ligula. Suspendisse sit amet metus. Nunc quis massa. Nulla facilisi. In enim. In venenatis nisi id eros. Lorem ipsum dolor sit amet, consectetuer adipiscing elit. Nunc sit amet felis sed lectus tincidunt egestas. Mauris nibh.','2013-05-15 15:46:20',NULL,'spree-mug',NULL,NULL,NULL,NULL,10,'2013-05-15 15:46:20','2013-05-15 15:46:20',0),(706676762,'Apache Baseball Jersey','Lorem ipsum dolor sit amet, consectetuer adipiscing elit. Nulla nonummy aliquet mi. Proin lacus. Ut placerat. Proin consequat, justo sit amet tempus consequat, elit est adipiscing odio, ut egestas pede eros in diam. Proin varius, lacus vitae suscipit varius, ipsum eros convallis nisi, sit amet sodales lectus pede non est. Duis augue. Suspendisse hendrerit pharetra metus. Pellentesque habitant morbi tristique senectus et netus et malesuada fames ac turpis egestas. Curabitur nec pede. Quisque volutpat, neque ac porttitor sodales, sem lacus rutrum nulla, ullamcorper placerat ante tortor ac odio. Suspendisse vel libero. Nullam volutpat magna vel ligula. Suspendisse sit amet metus. Nunc quis massa. Nulla facilisi. In enim. In venenatis nisi id eros. Lorem ipsum dolor sit amet, consectetuer adipiscing elit. Nunc sit amet felis sed lectus tincidunt egestas. Mauris nibh.','2013-05-15 15:46:20',NULL,'apache-baseball-jersey',NULL,NULL,25484906,NULL,10,'2013-05-15 15:46:20','2013-05-15 15:46:20',0),(723959550,'Ruby on Rails Bag','Lorem ipsum dolor sit amet, consectetuer adipiscing elit. Nulla nonummy aliquet mi. Proin lacus. Ut placerat. Proin consequat, justo sit amet tempus consequat, elit est adipiscing odio, ut egestas pede eros in diam. Proin varius, lacus vitae suscipit varius, ipsum eros convallis nisi, sit amet sodales lectus pede non est. Duis augue. Suspendisse hendrerit pharetra metus. Pellentesque habitant morbi tristique senectus et netus et malesuada fames ac turpis egestas. Curabitur nec pede. Quisque volutpat, neque ac porttitor sodales, sem lacus rutrum nulla, ullamcorper placerat ante tortor ac odio. Suspendisse vel libero. Nullam volutpat magna vel ligula. Suspendisse sit amet metus. Nunc quis massa. Nulla facilisi. In enim. In venenatis nisi id eros. Lorem ipsum dolor sit amet, consectetuer adipiscing elit. Nunc sit amet felis sed lectus tincidunt egestas. Mauris nibh.','2013-05-15 15:46:20',NULL,'ruby-on-rails-bag',NULL,NULL,25484906,NULL,10,'2013-05-15 15:46:20','2013-05-15 15:46:20',0),(1025786064,'Ruby on Rails Baseball Jersey','Lorem ipsum dolor sit amet, consectetuer adipiscing elit. Nulla nonummy aliquet mi. Proin lacus. Ut placerat. Proin consequat, justo sit amet tempus consequat, elit est adipiscing odio, ut egestas pede eros in diam. Proin varius, lacus vitae suscipit varius, ipsum eros convallis nisi, sit amet sodales lectus pede non est. Duis augue. Suspendisse hendrerit pharetra metus. Pellentesque habitant morbi tristique senectus et netus et malesuada fames ac turpis egestas. Curabitur nec pede. Quisque volutpat, neque ac porttitor sodales, sem lacus rutrum nulla, ullamcorper placerat ante tortor ac odio. Suspendisse vel libero. Nullam volutpat magna vel ligula. Suspendisse sit amet metus. Nunc quis massa. Nulla facilisi. In enim. In venenatis nisi id eros. Lorem ipsum dolor sit amet, consectetuer adipiscing elit. Nunc sit amet felis sed lectus tincidunt egestas. Mauris nibh.','2013-05-15 15:46:20',NULL,'ruby-on-rails-baseball-jersey',NULL,NULL,25484906,NULL,88,'2013-05-15 15:46:20','2013-05-15 15:46:20',0),(1035865702,'Ruby on Rails Stein','Lorem ipsum dolor sit amet, consectetuer adipiscing elit. Nulla nonummy aliquet mi. Proin lacus. Ut placerat. Proin consequat, justo sit amet tempus consequat, elit est adipiscing odio, ut egestas pede eros in diam. Proin varius, lacus vitae suscipit varius, ipsum eros convallis nisi, sit amet sodales lectus pede non est. Duis augue. Suspendisse hendrerit pharetra metus. Pellentesque habitant morbi tristique senectus et netus et malesuada fames ac turpis egestas. Curabitur nec pede. Quisque volutpat, neque ac porttitor sodales, sem lacus rutrum nulla, ullamcorper placerat ante tortor ac odio. Suspendisse vel libero. Nullam volutpat magna vel ligula. Suspendisse sit amet metus. Nunc quis massa. Nulla facilisi. In enim. In venenatis nisi id eros. Lorem ipsum dolor sit amet, consectetuer adipiscing elit. Nunc sit amet felis sed lectus tincidunt egestas. Mauris nibh.','2013-05-15 15:46:20',NULL,'ruby-on-rails-stein',NULL,NULL,NULL,NULL,10,'2013-05-15 15:46:20','2013-05-15 15:46:20',0),(1060500592,'Ruby on Rails Jr. Spaghetti','Lorem ipsum dolor sit amet, consectetuer adipiscing elit. Nulla nonummy aliquet mi. Proin lacus. Ut placerat. Proin consequat, justo sit amet tempus consequat, elit est adipiscing odio, ut egestas pede eros in diam. Proin varius, lacus vitae suscipit varius, ipsum eros convallis nisi, sit amet sodales lectus pede non est. Duis augue. Suspendisse hendrerit pharetra metus. Pellentesque habitant morbi tristique senectus et netus et malesuada fames ac turpis egestas. Curabitur nec pede. Quisque volutpat, neque ac porttitor sodales, sem lacus rutrum nulla, ullamcorper placerat ante tortor ac odio. Suspendisse vel libero. Nullam volutpat magna vel ligula. Suspendisse sit amet metus. Nunc quis massa. Nulla facilisi. In enim. In venenatis nisi id eros. Lorem ipsum dolor sit amet, consectetuer adipiscing elit. Nunc sit amet felis sed lectus tincidunt egestas. Mauris nibh.','2013-05-15 15:46:20',NULL,'ruby-on-rails-jr-spaghetti',NULL,NULL,25484906,NULL,10,'2013-05-15 15:46:20','2013-05-15 15:46:20',0);
/*!40000 ALTER TABLE `spree_products` ENABLE KEYS */;
UNLOCK TABLES;

--
-- Table structure for table `spree_products_promotion_rules`
--

DROP TABLE IF EXISTS `spree_products_promotion_rules`;
/*!40101 SET @saved_cs_client     = @@character_set_client */;
/*!40101 SET character_set_client = utf8 */;
CREATE TABLE `spree_products_promotion_rules` (
  `product_id` int(11) DEFAULT NULL,
  `promotion_rule_id` int(11) DEFAULT NULL,
  KEY `index_products_promotion_rules_on_product_id` (`product_id`),
  KEY `index_products_promotion_rules_on_promotion_rule_id` (`promotion_rule_id`)
) ENGINE=InnoDB DEFAULT CHARSET=latin1;
/*!40101 SET character_set_client = @saved_cs_client */;

--
-- Dumping data for table `spree_products_promotion_rules`
--

LOCK TABLES `spree_products_promotion_rules` WRITE;
/*!40000 ALTER TABLE `spree_products_promotion_rules` DISABLE KEYS */;
/*!40000 ALTER TABLE `spree_products_promotion_rules` ENABLE KEYS */;
UNLOCK TABLES;

--
-- Table structure for table `spree_products_taxons`
--

DROP TABLE IF EXISTS `spree_products_taxons`;
/*!40101 SET @saved_cs_client     = @@character_set_client */;
/*!40101 SET character_set_client = utf8 */;
CREATE TABLE `spree_products_taxons` (
  `product_id` int(11) DEFAULT NULL,
  `taxon_id` int(11) DEFAULT NULL,
  KEY `index_spree_products_taxons_on_product_id` (`product_id`),
  KEY `index_spree_products_taxons_on_taxon_id` (`taxon_id`)
) ENGINE=InnoDB DEFAULT CHARSET=latin1;
/*!40101 SET character_set_client = @saved_cs_client */;

--
-- Dumping data for table `spree_products_taxons`
--

LOCK TABLES `spree_products_taxons` WRITE;
/*!40000 ALTER TABLE `spree_products_taxons` DISABLE KEYS */;
INSERT INTO `spree_products_taxons` VALUES (459084718,1002),(723959550,1002),(176895127,1002),(107377505,1002),(248786582,1003),(1035865702,1003),(302032070,1003),(596960057,1003),(1060500592,2000),(398400663,2000),(1025786064,3000),(187438981,3000),(706676762,3000),(569012001,3000),(528469905,3000),(500501192,3000),(569012001,207281424),(1025786064,31989848),(1060500592,31989848),(187438981,31989848),(1035865702,31989848),(723959550,31989848),(459084718,31989848),(248786582,31989848),(706676762,307170551),(528469905,558398358),(302032070,558398358),(398400663,558398358),(596960057,558398358),(500501192,558398358),(176895127,558398358),(107377505,558398358);
/*!40000 ALTER TABLE `spree_products_taxons` ENABLE KEYS */;
UNLOCK TABLES;

--
-- Table structure for table `spree_promotion_action_line_items`
--

DROP TABLE IF EXISTS `spree_promotion_action_line_items`;
/*!40101 SET @saved_cs_client     = @@character_set_client */;
/*!40101 SET character_set_client = utf8 */;
CREATE TABLE `spree_promotion_action_line_items` (
  `id` int(11) NOT NULL AUTO_INCREMENT,
  `promotion_action_id` int(11) DEFAULT NULL,
  `variant_id` int(11) DEFAULT NULL,
  `quantity` int(11) DEFAULT '1',
  PRIMARY KEY (`id`)
) ENGINE=InnoDB DEFAULT CHARSET=latin1;
/*!40101 SET character_set_client = @saved_cs_client */;

--
-- Dumping data for table `spree_promotion_action_line_items`
--

LOCK TABLES `spree_promotion_action_line_items` WRITE;
/*!40000 ALTER TABLE `spree_promotion_action_line_items` DISABLE KEYS */;
/*!40000 ALTER TABLE `spree_promotion_action_line_items` ENABLE KEYS */;
UNLOCK TABLES;

--
-- Table structure for table `spree_promotion_actions`
--

DROP TABLE IF EXISTS `spree_promotion_actions`;
/*!40101 SET @saved_cs_client     = @@character_set_client */;
/*!40101 SET character_set_client = utf8 */;
CREATE TABLE `spree_promotion_actions` (
  `id` int(11) NOT NULL AUTO_INCREMENT,
  `activator_id` int(11) DEFAULT NULL,
  `position` int(11) DEFAULT NULL,
  `type` varchar(255) DEFAULT NULL,
  PRIMARY KEY (`id`)
) ENGINE=InnoDB DEFAULT CHARSET=latin1;
/*!40101 SET character_set_client = @saved_cs_client */;

--
-- Dumping data for table `spree_promotion_actions`
--

LOCK TABLES `spree_promotion_actions` WRITE;
/*!40000 ALTER TABLE `spree_promotion_actions` DISABLE KEYS */;
/*!40000 ALTER TABLE `spree_promotion_actions` ENABLE KEYS */;
UNLOCK TABLES;

--
-- Table structure for table `spree_promotion_rules`
--

DROP TABLE IF EXISTS `spree_promotion_rules`;
/*!40101 SET @saved_cs_client     = @@character_set_client */;
/*!40101 SET character_set_client = utf8 */;
CREATE TABLE `spree_promotion_rules` (
  `id` int(11) NOT NULL AUTO_INCREMENT,
  `activator_id` int(11) DEFAULT NULL,
  `user_id` int(11) DEFAULT NULL,
  `product_group_id` int(11) DEFAULT NULL,
  `type` varchar(255) DEFAULT NULL,
  `created_at` datetime NOT NULL,
  `updated_at` datetime NOT NULL,
  PRIMARY KEY (`id`),
  KEY `index_promotion_rules_on_product_group_id` (`product_group_id`),
  KEY `index_promotion_rules_on_user_id` (`user_id`)
) ENGINE=InnoDB DEFAULT CHARSET=latin1;
/*!40101 SET character_set_client = @saved_cs_client */;

--
-- Dumping data for table `spree_promotion_rules`
--

LOCK TABLES `spree_promotion_rules` WRITE;
/*!40000 ALTER TABLE `spree_promotion_rules` DISABLE KEYS */;
/*!40000 ALTER TABLE `spree_promotion_rules` ENABLE KEYS */;
UNLOCK TABLES;

--
-- Table structure for table `spree_promotion_rules_users`
--

DROP TABLE IF EXISTS `spree_promotion_rules_users`;
/*!40101 SET @saved_cs_client     = @@character_set_client */;
/*!40101 SET character_set_client = utf8 */;
CREATE TABLE `spree_promotion_rules_users` (
  `user_id` int(11) DEFAULT NULL,
  `promotion_rule_id` int(11) DEFAULT NULL,
  KEY `index_promotion_rules_users_on_promotion_rule_id` (`promotion_rule_id`),
  KEY `index_promotion_rules_users_on_user_id` (`user_id`)
) ENGINE=InnoDB DEFAULT CHARSET=latin1;
/*!40101 SET character_set_client = @saved_cs_client */;

--
-- Dumping data for table `spree_promotion_rules_users`
--

LOCK TABLES `spree_promotion_rules_users` WRITE;
/*!40000 ALTER TABLE `spree_promotion_rules_users` DISABLE KEYS */;
/*!40000 ALTER TABLE `spree_promotion_rules_users` ENABLE KEYS */;
UNLOCK TABLES;

--
-- Table structure for table `spree_properties`
--

DROP TABLE IF EXISTS `spree_properties`;
/*!40101 SET @saved_cs_client     = @@character_set_client */;
/*!40101 SET character_set_client = utf8 */;
CREATE TABLE `spree_properties` (
  `id` int(11) NOT NULL AUTO_INCREMENT,
  `name` varchar(255) DEFAULT NULL,
  `presentation` varchar(255) NOT NULL,
  `created_at` datetime NOT NULL,
  `updated_at` datetime NOT NULL,
  PRIMARY KEY (`id`)
) ENGINE=InnoDB AUTO_INCREMENT=905834903 DEFAULT CHARSET=latin1;
/*!40101 SET character_set_client = @saved_cs_client */;

--
-- Dumping data for table `spree_properties`
--

LOCK TABLES `spree_properties` WRITE;
/*!40000 ALTER TABLE `spree_properties` DISABLE KEYS */;
INSERT INTO `spree_properties` VALUES (39476074,'model','Model','2013-05-15 15:46:20','2013-05-15 15:46:20'),(161337574,'brand','Brand','2013-05-15 15:46:20','2013-05-15 15:46:20'),(209471856,'shirt_fabric','Fabric','2013-05-15 15:46:20','2013-05-15 15:46:20'),(305002717,'shirt_sleeve_length','Sleeve','2013-05-15 15:46:20','2013-05-15 15:46:20'),(317319559,'mug_type','Type','2013-05-15 15:46:20','2013-05-15 15:46:20'),(408437751,'bag_type','Type','2013-05-15 15:46:20','2013-05-15 15:46:20'),(560029305,'manufacturer','Manufacturer','2013-05-15 15:46:20','2013-05-15 15:46:20'),(591802549,'bag_size','Size','2013-05-15 15:46:20','2013-05-15 15:46:20'),(704092869,'mug_size','Size','2013-05-15 15:46:20','2013-05-15 15:46:20'),(730553315,'gender','Gender','2013-05-15 15:46:20','2013-05-15 15:46:20'),(793908548,'shirt_fit','fit','2013-05-15 15:46:20','2013-05-15 15:46:20'),(901906169,'bag_material','Material','2013-05-15 15:46:20','2013-05-15 15:46:20'),(905834902,'shirt_type','Type','2013-05-15 15:46:20','2013-05-15 15:46:20');
/*!40000 ALTER TABLE `spree_properties` ENABLE KEYS */;
UNLOCK TABLES;

--
-- Table structure for table `spree_properties_prototypes`
--

DROP TABLE IF EXISTS `spree_properties_prototypes`;
/*!40101 SET @saved_cs_client     = @@character_set_client */;
/*!40101 SET character_set_client = utf8 */;
CREATE TABLE `spree_properties_prototypes` (
  `prototype_id` int(11) DEFAULT NULL,
  `property_id` int(11) DEFAULT NULL
) ENGINE=InnoDB DEFAULT CHARSET=latin1;
/*!40101 SET character_set_client = @saved_cs_client */;

--
-- Dumping data for table `spree_properties_prototypes`
--

LOCK TABLES `spree_properties_prototypes` WRITE;
/*!40000 ALTER TABLE `spree_properties_prototypes` DISABLE KEYS */;
INSERT INTO `spree_properties_prototypes` VALUES (534024676,560029305),(534024676,161337574),(534024676,39476074),(534024676,905834902),(534024676,305002717),(534024676,209471856),(534024676,793908548),(534024676,730553315),(571598464,408437751),(571598464,1925472),(571598464,901906169),(559807879,704092869),(559807879,317319559);
/*!40000 ALTER TABLE `spree_properties_prototypes` ENABLE KEYS */;
UNLOCK TABLES;

--
-- Table structure for table `spree_prototypes`
--

DROP TABLE IF EXISTS `spree_prototypes`;
/*!40101 SET @saved_cs_client     = @@character_set_client */;
/*!40101 SET character_set_client = utf8 */;
CREATE TABLE `spree_prototypes` (
  `id` int(11) NOT NULL AUTO_INCREMENT,
  `name` varchar(255) DEFAULT NULL,
  `created_at` datetime NOT NULL,
  `updated_at` datetime NOT NULL,
  PRIMARY KEY (`id`)
) ENGINE=InnoDB AUTO_INCREMENT=571598465 DEFAULT CHARSET=latin1;
/*!40101 SET character_set_client = @saved_cs_client */;

--
-- Dumping data for table `spree_prototypes`
--

LOCK TABLES `spree_prototypes` WRITE;
/*!40000 ALTER TABLE `spree_prototypes` DISABLE KEYS */;
INSERT INTO `spree_prototypes` VALUES (534024676,'Shirt','2013-05-15 15:46:20','2013-05-15 15:46:20'),(559807879,'Mug','2013-05-15 15:46:20','2013-05-15 15:46:20'),(571598464,'Bag','2013-05-15 15:46:20','2013-05-15 15:46:20');
/*!40000 ALTER TABLE `spree_prototypes` ENABLE KEYS */;
UNLOCK TABLES;

--
-- Table structure for table `spree_return_authorizations`
--

DROP TABLE IF EXISTS `spree_return_authorizations`;
/*!40101 SET @saved_cs_client     = @@character_set_client */;
/*!40101 SET character_set_client = utf8 */;
CREATE TABLE `spree_return_authorizations` (
  `id` int(11) NOT NULL AUTO_INCREMENT,
  `number` varchar(255) DEFAULT NULL,
  `state` varchar(255) DEFAULT NULL,
  `amount` decimal(8,2) NOT NULL DEFAULT '0.00',
  `order_id` int(11) DEFAULT NULL,
  `reason` text,
  `created_at` datetime NOT NULL,
  `updated_at` datetime NOT NULL,
  PRIMARY KEY (`id`)
) ENGINE=InnoDB DEFAULT CHARSET=latin1;
/*!40101 SET character_set_client = @saved_cs_client */;

--
-- Dumping data for table `spree_return_authorizations`
--

LOCK TABLES `spree_return_authorizations` WRITE;
/*!40000 ALTER TABLE `spree_return_authorizations` DISABLE KEYS */;
/*!40000 ALTER TABLE `spree_return_authorizations` ENABLE KEYS */;
UNLOCK TABLES;

--
-- Table structure for table `spree_roles`
--

DROP TABLE IF EXISTS `spree_roles`;
/*!40101 SET @saved_cs_client     = @@character_set_client */;
/*!40101 SET character_set_client = utf8 */;
CREATE TABLE `spree_roles` (
  `id` int(11) NOT NULL AUTO_INCREMENT,
  `name` varchar(255) DEFAULT NULL,
  PRIMARY KEY (`id`)
) ENGINE=InnoDB AUTO_INCREMENT=930089100 DEFAULT CHARSET=latin1;
/*!40101 SET character_set_client = @saved_cs_client */;

--
-- Dumping data for table `spree_roles`
--

LOCK TABLES `spree_roles` WRITE;
/*!40000 ALTER TABLE `spree_roles` DISABLE KEYS */;
INSERT INTO `spree_roles` VALUES (770229923,'user'),(930089099,'admin');
/*!40000 ALTER TABLE `spree_roles` ENABLE KEYS */;
UNLOCK TABLES;

--
-- Table structure for table `spree_roles_users`
--

DROP TABLE IF EXISTS `spree_roles_users`;
/*!40101 SET @saved_cs_client     = @@character_set_client */;
/*!40101 SET character_set_client = utf8 */;
CREATE TABLE `spree_roles_users` (
  `role_id` int(11) DEFAULT NULL,
  `user_id` int(11) DEFAULT NULL,
  KEY `index_spree_roles_users_on_role_id` (`role_id`),
  KEY `index_spree_roles_users_on_user_id` (`user_id`)
) ENGINE=InnoDB DEFAULT CHARSET=latin1;
/*!40101 SET character_set_client = @saved_cs_client */;

--
-- Dumping data for table `spree_roles_users`
--

LOCK TABLES `spree_roles_users` WRITE;
/*!40000 ALTER TABLE `spree_roles_users` DISABLE KEYS */;
INSERT INTO `spree_roles_users` VALUES (930089099,1),(930089099,1);
/*!40000 ALTER TABLE `spree_roles_users` ENABLE KEYS */;
UNLOCK TABLES;

--
-- Table structure for table `spree_shipments`
--

DROP TABLE IF EXISTS `spree_shipments`;
/*!40101 SET @saved_cs_client     = @@character_set_client */;
/*!40101 SET character_set_client = utf8 */;
CREATE TABLE `spree_shipments` (
  `id` int(11) NOT NULL AUTO_INCREMENT,
  `tracking` varchar(255) DEFAULT NULL,
  `number` varchar(255) DEFAULT NULL,
  `cost` decimal(8,2) DEFAULT NULL,
  `shipped_at` datetime DEFAULT NULL,
  `order_id` int(11) DEFAULT NULL,
  `shipping_method_id` int(11) DEFAULT NULL,
  `address_id` int(11) DEFAULT NULL,
  `state` varchar(255) DEFAULT NULL,
  `created_at` datetime NOT NULL,
  `updated_at` datetime NOT NULL,
  PRIMARY KEY (`id`),
  KEY `index_shipments_on_number` (`number`)
) ENGINE=InnoDB AUTO_INCREMENT=1053930493 DEFAULT CHARSET=latin1;
/*!40101 SET character_set_client = @saved_cs_client */;

--
-- Dumping data for table `spree_shipments`
--

LOCK TABLES `spree_shipments` WRITE;
/*!40000 ALTER TABLE `spree_shipments` DISABLE KEYS */;
INSERT INTO `spree_shipments` VALUES (7516093,NULL,'H485901107805',NULL,NULL,906884218,909221584,347276494,'pending','2013-05-15 15:46:20','2013-05-15 15:46:20'),(32026953,NULL,'H63919621228',NULL,NULL,932702864,909221584,355015228,'pending','2013-05-15 15:46:20','2013-05-15 15:46:20'),(33214900,NULL,'H9410523244106',NULL,NULL,931498615,909221584,356219587,'pending','2013-05-15 15:46:20','2013-05-15 15:46:20'),(35341291,NULL,'H131637944102',NULL,NULL,73849921,909221584,501684253,'pending','2013-05-15 15:46:20','2013-05-15 15:46:20'),(54656917,NULL,'H8010111025688',NULL,NULL,893297750,909221584,394286306,'pending','2013-05-15 15:46:20','2013-05-15 15:46:20'),(55811946,NULL,'H510473248510',NULL,NULL,892126383,909221584,395457563,'pending','2013-05-15 15:46:20','2013-05-15 15:46:20'),(61228994,NULL,'H97585500289',NULL,NULL,903421051,909221584,392686799,'pending','2013-05-15 15:46:20','2013-05-15 15:46:20'),(62138181,NULL,'H402108151357',NULL,NULL,902528130,909221584,393579574,'pending','2013-05-15 15:46:20','2013-05-15 15:46:20'),(70007694,NULL,'H7106771087246',NULL,NULL,844324943,909221584,284004603,'pending','2013-05-15 15:46:20','2013-05-15 15:46:20'),(71195505,NULL,'H803778101026',NULL,NULL,843120822,909221584,285208578,'pending','2013-05-15 15:46:20','2013-05-15 15:46:20'),(80446377,NULL,'H96810620591',NULL,NULL,850712674,909221584,269101270,'pending','2013-05-15 15:46:20','2013-05-15 15:46:20'),(81388382,NULL,'H984291006848',NULL,NULL,849787035,909221584,270026799,'pending','2013-05-15 15:46:20','2013-05-15 15:46:20'),(109409616,NULL,'H640210638225',NULL,NULL,821702295,909221584,306503203,'pending','2013-05-15 15:46:20','2013-05-15 15:46:20'),(110564781,NULL,'H870057282310',NULL,NULL,820530800,909221584,307674844,'pending','2013-05-15 15:46:20','2013-05-15 15:46:20'),(163898264,NULL,'H4032103757310',NULL,NULL,1069267029,909221584,486885605,'pending','2013-05-15 15:46:20','2013-05-15 15:46:20'),(165053295,NULL,'H5969510851100',NULL,NULL,1068095656,909221584,488056864,'pending','2013-05-15 15:46:20','2013-05-15 15:46:20'),(167930736,NULL,'H81905372100',NULL,NULL,1014837421,909221584,516145181,'pending','2013-05-15 15:46:20','2013-05-15 15:46:20'),(193598819,NULL,'H552861021103',NULL,NULL,1039486630,909221584,525057558,'pending','2013-05-15 15:46:20','2013-05-15 15:46:20'),(195891138,NULL,'H300108981036',NULL,NULL,231772182,909221584,340874296,'pending','2013-05-15 15:46:20','2013-05-15 15:46:20'),(216519034,NULL,'H003105887920',NULL,NULL,983075517,909221584,405174797,'pending','2013-05-15 15:46:20','2013-05-15 15:46:20'),(228226979,NULL,'H90040635287',NULL,NULL,1004874852,909221584,425450708,'pending','2013-05-15 15:46:20','2013-05-15 15:46:20'),(245966735,NULL,'H061006434053',NULL,NULL,953580620,909221584,443059452,'pending','2013-05-15 15:46:20','2013-05-15 15:46:20'),(247154552,NULL,'H20805854071',NULL,NULL,952376497,909221584,444263433,'pending','2013-05-15 15:46:20','2013-05-15 15:46:20'),(255015291,NULL,'H95312852967',NULL,NULL,961307330,909221584,468881930,'pending','2013-05-15 15:46:20','2013-05-15 15:46:20'),(281915952,NULL,'H11241393596',NULL,NULL,649259497,909221584,67901793,'pending','2013-05-15 15:46:20','2013-05-15 15:46:20'),(283103959,NULL,'H1001971561014',NULL,NULL,648055060,909221584,69106084,'pending','2013-05-15 15:46:20','2013-05-15 15:46:20'),(310592731,NULL,'H445414815100',NULL,NULL,620502818,909221584,105050026,'pending','2013-05-15 15:46:20','2013-05-15 15:46:20'),(312761982,NULL,'H9100103474794',NULL,NULL,349815214,909221584,223872400,'pending','2013-05-15 15:46:20','2013-05-15 15:46:20'),(320428591,NULL,'H44959259362',NULL,NULL,627442156,909221584,131658076,'pending','2013-05-15 15:46:20','2013-05-15 15:46:20'),(344016612,NULL,'H30255636874',NULL,NULL,587078949,909221584,4255125,'pending','2013-05-15 15:46:20','2013-05-15 15:46:20'),(365533797,NULL,'H878001022986',NULL,NULL,330565047,909221584,171295127,'pending','2013-05-15 15:46:20','2013-05-15 15:46:20'),(367952066,NULL,'H34831564184',NULL,NULL,596761353,909221584,19868593,'pending','2013-05-15 15:46:20','2013-05-15 15:46:20'),(371722298,NULL,'H658190104442',NULL,NULL,542594049,909221584,48866121,'pending','2013-05-15 15:46:20','2013-05-15 15:46:20'),(396391991,NULL,'H102472983411',NULL,NULL,568274416,909221584,56745288,'pending','2013-05-15 15:46:20','2013-05-15 15:46:20'),(397547216,NULL,'H63098803649',NULL,NULL,567102733,909221584,57916861,'pending','2013-05-15 15:46:20','2013-05-15 15:46:20'),(417456373,NULL,'H41863063126',NULL,NULL,782154552,909221584,203443076,'pending','2013-05-15 15:46:20','2013-05-15 15:46:20'),(418611208,NULL,'H398588710727',NULL,NULL,780983247,909221584,204614523,'pending','2013-05-15 15:46:20','2013-05-15 15:46:20'),(426352382,NULL,'H3610110962284',NULL,NULL,790021435,909221584,229127567,'pending','2013-05-15 15:46:20','2013-05-15 15:46:20'),(440970793,NULL,'H101910108104151',NULL,NULL,741864942,909221584,243860826,'pending','2013-05-15 15:46:20','2013-05-15 15:46:20'),(442158806,NULL,'H50966597352',NULL,NULL,740660503,909221584,245065123,'pending','2013-05-15 15:46:20','2013-05-15 15:46:20'),(447682054,NULL,'H10224101671100',NULL,NULL,751848899,909221584,242138487,'pending','2013-05-15 15:46:20','2013-05-15 15:46:20'),(448624385,NULL,'H1079042510384',NULL,NULL,750923066,909221584,243064206,'pending','2013-05-15 15:46:20','2013-05-15 15:46:20'),(475581673,NULL,'H4650911039610',NULL,NULL,707237680,909221584,144271260,'pending','2013-05-15 15:46:20','2013-05-15 15:46:20'),(488991282,NULL,'H810953755475',NULL,NULL,727331319,909221584,165986627,'pending','2013-05-15 15:46:20','2013-05-15 15:46:20'),(490146509,NULL,'H715831883100',NULL,NULL,726159630,909221584,167158202,'pending','2013-05-15 15:46:20','2013-05-15 15:46:20'),(499307037,NULL,'H387108653908',NULL,NULL,733841882,909221584,151222638,'pending','2013-05-15 15:46:20','2013-05-15 15:46:20'),(500216554,NULL,'H10106614910800',NULL,NULL,732948771,909221584,152115607,'pending','2013-05-15 15:46:20','2013-05-15 15:46:20'),(529278188,NULL,'H2310380780110',NULL,NULL,703823663,909221584,189632411,'pending','2013-05-15 15:46:20','2013-05-15 15:46:20'),(530465809,NULL,'H40321051011010',NULL,NULL,702619608,909221584,190836580,'pending','2013-05-15 15:46:20','2013-05-15 15:46:20'),(547833508,NULL,'H101091647101095',NULL,NULL,383262055,909221584,879160787,'pending','2013-05-15 15:46:20','2013-05-15 15:46:20'),(548742745,NULL,'H2310782410796',NULL,NULL,382369184,909221584,880053548,'pending','2013-05-15 15:46:20','2013-05-15 15:46:20'),(556742829,NULL,'H13663576091',NULL,NULL,391144298,909221584,904827870,'pending','2013-05-15 15:46:20','2013-05-15 15:46:20'),(583969526,NULL,'H6741610610331',NULL,NULL,615724322,909221584,1026748676,'pending','2013-05-15 15:46:20','2013-05-15 15:46:20'),(585740373,NULL,'H71878972930',NULL,NULL,345435026,909221584,908598054,'pending','2013-05-15 15:46:20','2013-05-15 15:46:20'),(596014713,NULL,'H82411125094',NULL,NULL,368651700,909221584,927456520,'pending','2013-05-15 15:46:20','2013-05-15 15:46:20'),(605973176,NULL,'H0883710960110',NULL,NULL,308359551,909221584,819970507,'pending','2013-05-15 15:46:20','2013-05-15 15:46:20'),(629437518,NULL,'H5665071071050',NULL,NULL,335228811,909221584,826662719,'pending','2013-05-15 15:46:20','2013-05-15 15:46:20'),(631467759,NULL,'H103401101406',NULL,NULL,601813305,909221584,979318045,'pending','2013-05-15 15:46:20','2013-05-15 15:46:20'),(667583165,NULL,'H562100435362',NULL,NULL,297130368,909221584,856369612,'pending','2013-05-15 15:46:20','2013-05-15 15:46:20'),(668525120,NULL,'H26534341572',NULL,NULL,296204679,909221584,857295155,'pending','2013-05-15 15:46:20','2013-05-15 15:46:20'),(680203391,NULL,'H458522010025',NULL,NULL,519327672,909221584,1011531536,'pending','2013-05-15 15:46:20','2013-05-15 15:46:20'),(681145480,NULL,'H991026941935',NULL,NULL,518401861,909221584,1012457461,'pending','2013-05-15 15:46:20','2013-05-15 15:46:20'),(706894503,NULL,'H38854695809',NULL,NULL,475857254,909221584,1055125974,'pending','2013-05-15 15:46:20','2013-05-15 15:46:20'),(707803742,NULL,'H601063794246',NULL,NULL,474964377,909221584,1056018737,'pending','2013-05-15 15:46:20','2013-05-15 15:46:20'),(717611658,NULL,'H683364044310',NULL,NULL,481999185,909221584,1040468473,'pending','2013-05-15 15:46:20','2013-05-15 15:46:20'),(718766707,NULL,'H4471348104710',NULL,NULL,480827830,909221584,1041639686,'pending','2013-05-15 15:46:20','2013-05-15 15:46:20'),(727710848,NULL,'H827523563810',NULL,NULL,488679357,909221584,1067341581,'pending','2013-05-15 15:46:20','2013-05-15 15:46:20'),(760192702,NULL,'H467580105145',NULL,NULL,456181117,909221584,965621197,'pending','2013-05-15 15:46:20','2013-05-15 15:46:20'),(761134663,NULL,'H15781683024',NULL,NULL,455255426,909221584,966546746,'pending','2013-05-15 15:46:20','2013-05-15 15:46:20'),(765994643,NULL,'H5410104359480',NULL,NULL,467107162,909221584,963218914,'pending','2013-05-15 15:46:20','2013-05-15 15:46:20'),(767182442,NULL,'H04557159663',NULL,NULL,465903021,909221584,964422941,'pending','2013-05-15 15:46:20','2013-05-15 15:46:20'),(779005547,NULL,'H617100338124',NULL,NULL,403830194,909221584,984548634,'pending','2013-05-15 15:46:20','2013-05-15 15:46:20'),(803655784,NULL,'H877102372566',NULL,NULL,429493153,909221584,992443161,'pending','2013-05-15 15:46:20','2013-05-15 15:46:20'),(804565151,NULL,'H047891556810',NULL,NULL,428600156,909221584,993336300,'pending','2013-05-15 15:46:20','2013-05-15 15:46:20'),(830621127,NULL,'H9296775103810',NULL,NULL,134028804,909221584,625209012,'pending','2013-05-15 15:46:20','2013-05-15 15:46:20'),(831530304,NULL,'H107417466071',NULL,NULL,133136121,909221584,626101841,'pending','2013-05-15 15:46:20','2013-05-15 15:46:20'),(858458911,NULL,'H783741022572',NULL,NULL,89411802,909221584,669687922,'pending','2013-05-15 15:46:20','2013-05-15 15:46:20'),(859401190,NULL,'H340110468006',NULL,NULL,88485925,909221584,670613653,'pending','2013-05-15 15:46:20','2013-05-15 15:46:20'),(869053234,NULL,'H65580041842',NULL,NULL,95676661,909221584,655169605,'pending','2013-05-15 15:46:20','2013-05-15 15:46:20'),(870241227,NULL,'H2310261710541',NULL,NULL,94472210,909221584,656373946,'pending','2013-05-15 15:46:20','2013-05-15 15:46:20'),(877055750,NULL,'H14132572141',NULL,NULL,37328065,909221584,545743993,'pending','2013-05-15 15:46:20','2013-05-15 15:46:20'),(877965311,NULL,'H10543401091093',NULL,NULL,36435006,909221584,546636942,'pending','2013-05-15 15:46:20','2013-05-15 15:46:20'),(882997035,NULL,'H80639234014',NULL,NULL,48114926,909221584,543218782,'pending','2013-05-15 15:46:20','2013-05-15 15:46:20'),(884152274,NULL,'H92581360157',NULL,NULL,46943257,909221584,544390305,'pending','2013-05-15 15:46:20','2013-05-15 15:46:20'),(891057020,NULL,'H98453147609',NULL,NULL,862055596,909221584,719333514,'pending','2013-05-15 15:46:20','2013-05-15 15:46:20'),(921666016,NULL,'H140839881053',NULL,NULL,9493021,909221584,573450925,'pending','2013-05-15 15:46:20','2013-05-15 15:46:20'),(922607911,NULL,'H977810792538',NULL,NULL,8567520,909221584,574376536,'pending','2013-05-15 15:46:20','2013-05-15 15:46:20'),(930455338,NULL,'H98865609746',NULL,NULL,17482993,909221584,599012441,'pending','2013-05-15 15:46:20','2013-05-15 15:46:20'),(942934510,NULL,'H88510101037717',NULL,NULL,239817259,909221584,754295455,'pending','2013-05-15 15:46:20','2013-05-15 15:46:20'),(967710488,NULL,'H11413854629',NULL,NULL,265374943,909221584,762297451,'pending','2013-05-15 15:46:20','2013-05-15 15:46:20'),(968652773,NULL,'H462254107474',NULL,NULL,264449064,909221584,763223188,'pending','2013-05-15 15:46:20','2013-05-15 15:46:20'),(983385912,NULL,'H801516476110',NULL,NULL,216145139,909221584,777841735,'pending','2013-05-15 15:46:20','2013-05-15 15:46:20'),(1002961742,NULL,'H367865101379',NULL,NULL,1035625630,909221584,607887544,'pending','2013-05-15 15:46:20','2013-05-15 15:46:20'),(1004593649,NULL,'H600961088659',NULL,NULL,228571690,909221584,790710942,'pending','2013-05-15 15:46:20','2013-05-15 15:46:20'),(1015883258,NULL,'H089910408178',NULL,NULL,183664179,909221584,676105863,'pending','2013-05-15 15:46:20','2013-05-15 15:46:20'),(1017790295,NULL,'H62139339052',NULL,NULL,987209861,909221584,592864417,'pending','2013-05-15 15:46:20','2013-05-15 15:46:20'),(1020487291,NULL,'H8431021945410',NULL,NULL,539762571,909221584,42776516,'pending','2013-05-15 15:46:20','2013-05-15 15:46:20'),(1023761401,NULL,'H103226110102610',NULL,NULL,192544832,909221584,700772492,'pending','2013-05-15 15:46:20','2013-05-15 15:46:20'),(1053020929,NULL,'H58568662523',NULL,NULL,146573512,909221584,704804980,'pending','2013-05-15 15:46:20','2013-05-15 15:46:20'),(1053930492,NULL,'H24573498304',NULL,NULL,145680447,909221584,705697931,'pending','2013-05-15 15:46:20','2013-05-15 15:46:20');
/*!40000 ALTER TABLE `spree_shipments` ENABLE KEYS */;
UNLOCK TABLES;

--
-- Table structure for table `spree_shipping_categories`
--

DROP TABLE IF EXISTS `spree_shipping_categories`;
/*!40101 SET @saved_cs_client     = @@character_set_client */;
/*!40101 SET character_set_client = utf8 */;
CREATE TABLE `spree_shipping_categories` (
  `id` int(11) NOT NULL AUTO_INCREMENT,
  `name` varchar(255) DEFAULT NULL,
  `created_at` datetime NOT NULL,
  `updated_at` datetime NOT NULL,
  PRIMARY KEY (`id`)
) ENGINE=InnoDB AUTO_INCREMENT=727197547 DEFAULT CHARSET=latin1;
/*!40101 SET character_set_client = @saved_cs_client */;

--
-- Dumping data for table `spree_shipping_categories`
--

LOCK TABLES `spree_shipping_categories` WRITE;
/*!40000 ALTER TABLE `spree_shipping_categories` DISABLE KEYS */;
INSERT INTO `spree_shipping_categories` VALUES (727197546,'Default Shipping','2013-05-15 15:46:20','2013-05-15 15:46:20');
/*!40000 ALTER TABLE `spree_shipping_categories` ENABLE KEYS */;
UNLOCK TABLES;

--
-- Table structure for table `spree_shipping_methods`
--

DROP TABLE IF EXISTS `spree_shipping_methods`;
/*!40101 SET @saved_cs_client     = @@character_set_client */;
/*!40101 SET character_set_client = utf8 */;
CREATE TABLE `spree_shipping_methods` (
  `id` int(11) NOT NULL AUTO_INCREMENT,
  `name` varchar(255) DEFAULT NULL,
  `zone_id` int(11) DEFAULT NULL,
  `display_on` varchar(255) DEFAULT NULL,
  `shipping_category_id` int(11) DEFAULT NULL,
  `match_none` tinyint(1) DEFAULT NULL,
  `match_all` tinyint(1) DEFAULT NULL,
  `match_one` tinyint(1) DEFAULT NULL,
  `deleted_at` datetime DEFAULT NULL,
  `created_at` datetime NOT NULL,
  `updated_at` datetime NOT NULL,
  PRIMARY KEY (`id`)
) ENGINE=InnoDB AUTO_INCREMENT=909221585 DEFAULT CHARSET=latin1;
/*!40101 SET character_set_client = @saved_cs_client */;

--
-- Dumping data for table `spree_shipping_methods`
--

LOCK TABLES `spree_shipping_methods` WRITE;
/*!40000 ALTER TABLE `spree_shipping_methods` DISABLE KEYS */;
INSERT INTO `spree_shipping_methods` VALUES (144256889,'UPS Ground (EUR)',2,NULL,NULL,NULL,NULL,NULL,NULL,'2013-05-15 15:46:20','2013-05-15 15:46:20'),(273448578,'UPS One Day (USD)',2,NULL,NULL,NULL,NULL,NULL,NULL,'2013-05-15 15:46:20','2013-05-15 15:46:20'),(319692212,'UPS Two Day (USD)',2,NULL,NULL,NULL,NULL,NULL,NULL,'2013-05-15 15:46:20','2013-05-15 15:46:20'),(909221584,'UPS Ground (USD)',2,NULL,NULL,NULL,NULL,NULL,NULL,'2013-05-15 15:46:20','2013-05-15 15:46:20');
/*!40000 ALTER TABLE `spree_shipping_methods` ENABLE KEYS */;
UNLOCK TABLES;

--
-- Table structure for table `spree_skrill_transactions`
--

DROP TABLE IF EXISTS `spree_skrill_transactions`;
/*!40101 SET @saved_cs_client     = @@character_set_client */;
/*!40101 SET character_set_client = utf8 */;
CREATE TABLE `spree_skrill_transactions` (
  `id` int(11) NOT NULL AUTO_INCREMENT,
  `email` varchar(255) DEFAULT NULL,
  `amount` float DEFAULT NULL,
  `currency` varchar(255) DEFAULT NULL,
  `transaction_id` int(11) DEFAULT NULL,
  `customer_id` int(11) DEFAULT NULL,
  `payment_type` varchar(255) DEFAULT NULL,
  `created_at` datetime NOT NULL,
  `updated_at` datetime NOT NULL,
  PRIMARY KEY (`id`)
) ENGINE=InnoDB DEFAULT CHARSET=latin1;
/*!40101 SET character_set_client = @saved_cs_client */;

--
-- Dumping data for table `spree_skrill_transactions`
--

LOCK TABLES `spree_skrill_transactions` WRITE;
/*!40000 ALTER TABLE `spree_skrill_transactions` DISABLE KEYS */;
/*!40000 ALTER TABLE `spree_skrill_transactions` ENABLE KEYS */;
UNLOCK TABLES;

--
-- Table structure for table `spree_state_changes`
--

DROP TABLE IF EXISTS `spree_state_changes`;
/*!40101 SET @saved_cs_client     = @@character_set_client */;
/*!40101 SET character_set_client = utf8 */;
CREATE TABLE `spree_state_changes` (
  `id` int(11) NOT NULL AUTO_INCREMENT,
  `name` varchar(255) DEFAULT NULL,
  `previous_state` varchar(255) DEFAULT NULL,
  `stateful_id` int(11) DEFAULT NULL,
  `user_id` int(11) DEFAULT NULL,
  `stateful_type` varchar(255) DEFAULT NULL,
  `next_state` varchar(255) DEFAULT NULL,
  `created_at` datetime NOT NULL,
  `updated_at` datetime NOT NULL,
  PRIMARY KEY (`id`)
) ENGINE=InnoDB AUTO_INCREMENT=403 DEFAULT CHARSET=latin1;
/*!40101 SET character_set_client = @saved_cs_client */;

--
-- Dumping data for table `spree_state_changes`
--

LOCK TABLES `spree_state_changes` WRITE;
/*!40000 ALTER TABLE `spree_state_changes` DISABLE KEYS */;
INSERT INTO `spree_state_changes` VALUES (1,'payment',NULL,8567520,712180813,'Spree::Order','balance_due','2013-05-15 15:46:23','2013-05-15 15:46:23'),(2,'shipment',NULL,8567520,712180813,'Spree::Order','pending','2013-05-15 15:46:23','2013-05-15 15:46:23'),(3,'payment','balance_due',8567520,712180813,'Spree::Order','balance_due','2013-05-15 15:46:23','2013-05-15 15:46:23'),(4,'shipment','pending',8567520,712180813,'Spree::Order','pending','2013-05-15 15:46:23','2013-05-15 15:46:23'),(5,'payment',NULL,9493021,711025848,'Spree::Order','balance_due','2013-05-15 15:46:23','2013-05-15 15:46:23'),(6,'shipment',NULL,9493021,711025848,'Spree::Order','pending','2013-05-15 15:46:23','2013-05-15 15:46:23'),(7,'payment','balance_due',9493021,711025848,'Spree::Order','balance_due','2013-05-15 15:46:23','2013-05-15 15:46:23'),(8,'shipment','pending',9493021,711025848,'Spree::Order','pending','2013-05-15 15:46:23','2013-05-15 15:46:23'),(9,'payment',NULL,17482993,737901126,'Spree::Order','balance_due','2013-05-15 15:46:23','2013-05-15 15:46:23'),(10,'shipment',NULL,17482993,737901126,'Spree::Order','pending','2013-05-15 15:46:23','2013-05-15 15:46:23'),(11,'payment','balance_due',17482993,737901126,'Spree::Order','balance_due','2013-05-15 15:46:23','2013-05-15 15:46:23'),(12,'shipment','pending',17482993,737901126,'Spree::Order','pending','2013-05-15 15:46:23','2013-05-15 15:46:23'),(13,'payment',NULL,36435006,685394585,'Spree::Order','balance_due','2013-05-15 15:46:23','2013-05-15 15:46:23'),(14,'shipment',NULL,36435006,685394585,'Spree::Order','pending','2013-05-15 15:46:23','2013-05-15 15:46:23'),(15,'payment','balance_due',36435006,685394585,'Spree::Order','balance_due','2013-05-15 15:46:23','2013-05-15 15:46:23'),(16,'shipment','pending',36435006,685394585,'Spree::Order','pending','2013-05-15 15:46:23','2013-05-15 15:46:23'),(17,'payment',NULL,37328065,684206702,'Spree::Order','balance_due','2013-05-15 15:46:23','2013-05-15 15:46:23'),(18,'shipment',NULL,37328065,684206702,'Spree::Order','pending','2013-05-15 15:46:23','2013-05-15 15:46:23'),(19,'payment','balance_due',37328065,684206702,'Spree::Order','balance_due','2013-05-15 15:46:23','2013-05-15 15:46:23'),(20,'shipment','pending',37328065,684206702,'Spree::Order','pending','2013-05-15 15:46:23','2013-05-15 15:46:23'),(21,'payment',NULL,46943257,675148478,'Spree::Order','balance_due','2013-05-15 15:46:23','2013-05-15 15:46:23'),(22,'shipment',NULL,46943257,675148478,'Spree::Order','pending','2013-05-15 15:46:23','2013-05-15 15:46:23'),(23,'payment','balance_due',46943257,675148478,'Spree::Order','balance_due','2013-05-15 15:46:23','2013-05-15 15:46:23'),(24,'shipment','pending',46943257,675148478,'Spree::Order','pending','2013-05-15 15:46:23','2013-05-15 15:46:23'),(25,'payment',NULL,48114926,674206273,'Spree::Order','balance_due','2013-05-15 15:46:23','2013-05-15 15:46:23'),(26,'shipment',NULL,48114926,674206273,'Spree::Order','pending','2013-05-15 15:46:23','2013-05-15 15:46:23'),(27,'payment','balance_due',48114926,674206273,'Spree::Order','balance_due','2013-05-15 15:46:23','2013-05-15 15:46:23'),(28,'shipment','pending',48114926,674206273,'Spree::Order','pending','2013-05-15 15:46:23','2013-05-15 15:46:23'),(29,'payment',NULL,73849921,452191684,'Spree::Order','balance_due','2013-05-15 15:46:23','2013-05-15 15:46:23'),(30,'shipment',NULL,73849921,452191684,'Spree::Order','pending','2013-05-15 15:46:23','2013-05-15 15:46:23'),(31,'payment','balance_due',73849921,452191684,'Spree::Order','balance_due','2013-05-15 15:46:23','2013-05-15 15:46:23'),(32,'shipment','pending',73849921,452191684,'Spree::Order','pending','2013-05-15 15:46:23','2013-05-15 15:46:23'),(33,'payment',NULL,88485925,800558738,'Spree::Order','balance_due','2013-05-15 15:46:24','2013-05-15 15:46:24'),(34,'shipment',NULL,88485925,800558738,'Spree::Order','pending','2013-05-15 15:46:24','2013-05-15 15:46:24'),(35,'payment','balance_due',88485925,800558738,'Spree::Order','balance_due','2013-05-15 15:46:24','2013-05-15 15:46:24'),(36,'shipment','pending',88485925,800558738,'Spree::Order','pending','2013-05-15 15:46:24','2013-05-15 15:46:24'),(37,'payment',NULL,89411802,799403637,'Spree::Order','balance_due','2013-05-15 15:46:24','2013-05-15 15:46:24'),(38,'shipment',NULL,89411802,799403637,'Spree::Order','pending','2013-05-15 15:46:24','2013-05-15 15:46:24'),(39,'payment','balance_due',89411802,799403637,'Spree::Order','balance_due','2013-05-15 15:46:24','2013-05-15 15:46:24'),(40,'shipment','pending',89411802,799403637,'Spree::Order','pending','2013-05-15 15:46:24','2013-05-15 15:46:24'),(41,'payment',NULL,94472210,793786021,'Spree::Order','balance_due','2013-05-15 15:46:24','2013-05-15 15:46:24'),(42,'shipment',NULL,94472210,793786021,'Spree::Order','pending','2013-05-15 15:46:24','2013-05-15 15:46:24'),(43,'payment','balance_due',94472210,793786021,'Spree::Order','balance_due','2013-05-15 15:46:24','2013-05-15 15:46:24'),(44,'shipment','pending',94472210,793786021,'Spree::Order','pending','2013-05-15 15:46:24','2013-05-15 15:46:24'),(45,'payment',NULL,95676661,792876634,'Spree::Order','balance_due','2013-05-15 15:46:24','2013-05-15 15:46:24'),(46,'shipment',NULL,95676661,792876634,'Spree::Order','pending','2013-05-15 15:46:24','2013-05-15 15:46:24'),(47,'payment','balance_due',95676661,792876634,'Spree::Order','balance_due','2013-05-15 15:46:24','2013-05-15 15:46:24'),(48,'shipment','pending',95676661,792876634,'Spree::Order','pending','2013-05-15 15:46:24','2013-05-15 15:46:24'),(49,'payment',NULL,133136121,756990036,'Spree::Order','balance_due','2013-05-15 15:46:24','2013-05-15 15:46:24'),(50,'shipment',NULL,133136121,756990036,'Spree::Order','pending','2013-05-15 15:46:24','2013-05-15 15:46:24'),(51,'payment','balance_due',133136121,756990036,'Spree::Order','balance_due','2013-05-15 15:46:24','2013-05-15 15:46:24'),(52,'shipment','pending',133136121,756990036,'Spree::Order','pending','2013-05-15 15:46:24','2013-05-15 15:46:24'),(53,'payment',NULL,134028804,755802289,'Spree::Order','balance_due','2013-05-15 15:46:24','2013-05-15 15:46:24'),(54,'shipment',NULL,134028804,755802289,'Spree::Order','pending','2013-05-15 15:46:24','2013-05-15 15:46:24'),(55,'payment','balance_due',134028804,755802289,'Spree::Order','balance_due','2013-05-15 15:46:24','2013-05-15 15:46:24'),(56,'shipment','pending',134028804,755802289,'Spree::Order','pending','2013-05-15 15:46:24','2013-05-15 15:46:24'),(57,'payment',NULL,145680447,576673428,'Spree::Order','balance_due','2013-05-15 15:46:24','2013-05-15 15:46:24'),(58,'shipment',NULL,145680447,576673428,'Spree::Order','pending','2013-05-15 15:46:24','2013-05-15 15:46:24'),(59,'payment','balance_due',145680447,576673428,'Spree::Order','balance_due','2013-05-15 15:46:24','2013-05-15 15:46:24'),(60,'shipment','pending',145680447,576673428,'Spree::Order','pending','2013-05-15 15:46:24','2013-05-15 15:46:24'),(61,'payment',NULL,146573512,575485547,'Spree::Order','balance_due','2013-05-15 15:46:24','2013-05-15 15:46:24'),(62,'shipment',NULL,146573512,575485547,'Spree::Order','pending','2013-05-15 15:46:24','2013-05-15 15:46:24'),(63,'payment','balance_due',146573512,575485547,'Spree::Order','balance_due','2013-05-15 15:46:24','2013-05-15 15:46:24'),(64,'shipment','pending',146573512,575485547,'Spree::Order','pending','2013-05-15 15:46:24','2013-05-15 15:46:24'),(65,'payment',NULL,183664179,537116830,'Spree::Order','balance_due','2013-05-15 15:46:24','2013-05-15 15:46:24'),(66,'shipment',NULL,183664179,537116830,'Spree::Order','pending','2013-05-15 15:46:24','2013-05-15 15:46:24'),(67,'payment','balance_due',183664179,537116830,'Spree::Order','balance_due','2013-05-15 15:46:24','2013-05-15 15:46:24'),(68,'shipment','pending',183664179,537116830,'Spree::Order','pending','2013-05-15 15:46:24','2013-05-15 15:46:24'),(69,'payment',NULL,192544832,562806419,'Spree::Order','balance_due','2013-05-15 15:46:24','2013-05-15 15:46:24'),(70,'shipment',NULL,192544832,562806419,'Spree::Order','pending','2013-05-15 15:46:24','2013-05-15 15:46:24'),(71,'payment','balance_due',192544832,562806419,'Spree::Order','balance_due','2013-05-15 15:46:24','2013-05-15 15:46:24'),(72,'shipment','pending',192544832,562806419,'Spree::Order','pending','2013-05-15 15:46:24','2013-05-15 15:46:24'),(73,'payment',NULL,216145139,638820960,'Spree::Order','balance_due','2013-05-15 15:46:24','2013-05-15 15:46:24'),(74,'shipment',NULL,216145139,638820960,'Spree::Order','pending','2013-05-15 15:46:24','2013-05-15 15:46:24'),(75,'payment','balance_due',216145139,638820960,'Spree::Order','balance_due','2013-05-15 15:46:24','2013-05-15 15:46:24'),(76,'shipment','pending',216145139,638820960,'Spree::Order','pending','2013-05-15 15:46:24','2013-05-15 15:46:24'),(77,'payment',NULL,228571690,661521543,'Spree::Order','balance_due','2013-05-15 15:46:24','2013-05-15 15:46:24'),(78,'shipment',NULL,228571690,661521543,'Spree::Order','pending','2013-05-15 15:46:24','2013-05-15 15:46:24'),(79,'payment','balance_due',228571690,661521543,'Spree::Order','balance_due','2013-05-15 15:46:24','2013-05-15 15:46:24'),(80,'shipment','pending',228571690,661521543,'Spree::Order','pending','2013-05-15 15:46:24','2013-05-15 15:46:24'),(81,'payment',NULL,231772182,323332591,'Spree::Order','balance_due','2013-05-15 15:46:24','2013-05-15 15:46:24'),(82,'shipment',NULL,231772182,323332591,'Spree::Order','pending','2013-05-15 15:46:24','2013-05-15 15:46:24'),(83,'payment','balance_due',231772182,323332591,'Spree::Order','balance_due','2013-05-15 15:46:25','2013-05-15 15:46:25'),(84,'shipment','pending',231772182,323332591,'Spree::Order','pending','2013-05-15 15:46:25','2013-05-15 15:46:25'),(85,'payment',NULL,239817259,616230022,'Spree::Order','balance_due','2013-05-15 15:46:25','2013-05-15 15:46:25'),(86,'shipment',NULL,239817259,616230022,'Spree::Order','pending','2013-05-15 15:46:25','2013-05-15 15:46:25'),(87,'payment','balance_due',239817259,616230022,'Spree::Order','balance_due','2013-05-15 15:46:25','2013-05-15 15:46:25'),(88,'shipment','pending',239817259,616230022,'Spree::Order','pending','2013-05-15 15:46:25','2013-05-15 15:46:25'),(89,'payment',NULL,264449064,624071307,'Spree::Order','balance_due','2013-05-15 15:46:25','2013-05-15 15:46:25'),(90,'shipment',NULL,264449064,624071307,'Spree::Order','pending','2013-05-15 15:46:25','2013-05-15 15:46:25'),(91,'payment','balance_due',264449064,624071307,'Spree::Order','balance_due','2013-05-15 15:46:25','2013-05-15 15:46:25'),(92,'shipment','pending',264449064,624071307,'Spree::Order','pending','2013-05-15 15:46:25','2013-05-15 15:46:25'),(93,'payment',NULL,265374943,622916212,'Spree::Order','balance_due','2013-05-15 15:46:25','2013-05-15 15:46:25'),(94,'shipment',NULL,265374943,622916212,'Spree::Order','pending','2013-05-15 15:46:25','2013-05-15 15:46:25'),(95,'payment','balance_due',265374943,622916212,'Spree::Order','balance_due','2013-05-15 15:46:25','2013-05-15 15:46:25'),(96,'shipment','pending',265374943,622916212,'Spree::Order','pending','2013-05-15 15:46:25','2013-05-15 15:46:25'),(97,'payment',NULL,296204679,995493676,'Spree::Order','balance_due','2013-05-15 15:46:25','2013-05-15 15:46:25'),(98,'shipment',NULL,296204679,995493676,'Spree::Order','pending','2013-05-15 15:46:25','2013-05-15 15:46:25'),(99,'payment','balance_due',296204679,995493676,'Spree::Order','balance_due','2013-05-15 15:46:25','2013-05-15 15:46:25'),(100,'shipment','pending',296204679,995493676,'Spree::Order','pending','2013-05-15 15:46:25','2013-05-15 15:46:25'),(101,'payment',NULL,297130368,994338771,'Spree::Order','balance_due','2013-05-15 15:46:25','2013-05-15 15:46:25'),(102,'shipment',NULL,297130368,994338771,'Spree::Order','pending','2013-05-15 15:46:25','2013-05-15 15:46:25'),(103,'payment','balance_due',297130368,994338771,'Spree::Order','balance_due','2013-05-15 15:46:25','2013-05-15 15:46:25'),(104,'shipment','pending',297130368,994338771,'Spree::Order','pending','2013-05-15 15:46:25','2013-05-15 15:46:25'),(105,'payment',NULL,308359551,948998100,'Spree::Order','balance_due','2013-05-15 15:46:25','2013-05-15 15:46:25'),(106,'shipment',NULL,308359551,948998100,'Spree::Order','pending','2013-05-15 15:46:25','2013-05-15 15:46:25'),(107,'payment','balance_due',308359551,948998100,'Spree::Order','balance_due','2013-05-15 15:46:25','2013-05-15 15:46:25'),(108,'shipment','pending',308359551,948998100,'Spree::Order','pending','2013-05-15 15:46:25','2013-05-15 15:46:25'),(109,'payment',NULL,330565047,220281934,'Spree::Order','balance_due','2013-05-15 15:46:25','2013-05-15 15:46:25'),(110,'shipment',NULL,330565047,220281934,'Spree::Order','pending','2013-05-15 15:46:25','2013-05-15 15:46:25'),(111,'payment','balance_due',330565047,220281934,'Spree::Order','balance_due','2013-05-15 15:46:25','2013-05-15 15:46:25'),(112,'shipment','pending',330565047,220281934,'Spree::Order','pending','2013-05-15 15:46:25','2013-05-15 15:46:25'),(113,'payment',NULL,335228811,956993830,'Spree::Order','balance_due','2013-05-15 15:46:25','2013-05-15 15:46:25'),(114,'shipment',NULL,335228811,956993830,'Spree::Order','pending','2013-05-15 15:46:25','2013-05-15 15:46:25'),(115,'payment','balance_due',335228811,956993830,'Spree::Order','balance_due','2013-05-15 15:46:25','2013-05-15 15:46:25'),(116,'shipment','pending',335228811,956993830,'Spree::Order','pending','2013-05-15 15:46:25','2013-05-15 15:46:25'),(117,'payment',NULL,345435026,1046959423,'Spree::Order','balance_due','2013-05-15 15:46:25','2013-05-15 15:46:25'),(118,'shipment',NULL,345435026,1046959423,'Spree::Order','pending','2013-05-15 15:46:25','2013-05-15 15:46:25'),(119,'payment','balance_due',345435026,1046959423,'Spree::Order','balance_due','2013-05-15 15:46:25','2013-05-15 15:46:25'),(120,'shipment','pending',345435026,1046959423,'Spree::Order','pending','2013-05-15 15:46:25','2013-05-15 15:46:25'),(121,'payment',NULL,349815214,172816471,'Spree::Order','balance_due','2013-05-15 15:46:25','2013-05-15 15:46:25'),(122,'shipment',NULL,349815214,172816471,'Spree::Order','pending','2013-05-15 15:46:25','2013-05-15 15:46:25'),(123,'payment','balance_due',349815214,172816471,'Spree::Order','balance_due','2013-05-15 15:46:25','2013-05-15 15:46:25'),(124,'shipment','pending',349815214,172816471,'Spree::Order','pending','2013-05-15 15:46:25','2013-05-15 15:46:25'),(125,'payment',NULL,368651700,1057526559,'Spree::Order','balance_due','2013-05-15 15:46:25','2013-05-15 15:46:25'),(126,'shipment',NULL,368651700,1057526559,'Spree::Order','pending','2013-05-15 15:46:25','2013-05-15 15:46:25'),(127,'payment','balance_due',368651700,1057526559,'Spree::Order','balance_due','2013-05-15 15:46:25','2013-05-15 15:46:25'),(128,'shipment','pending',368651700,1057526559,'Spree::Order','pending','2013-05-15 15:46:25','2013-05-15 15:46:25'),(129,'payment',NULL,382369184,1010549555,'Spree::Order','balance_due','2013-05-15 15:46:26','2013-05-15 15:46:26'),(130,'shipment',NULL,382369184,1010549555,'Spree::Order','pending','2013-05-15 15:46:26','2013-05-15 15:46:26'),(131,'payment','balance_due',382369184,1010549555,'Spree::Order','balance_due','2013-05-15 15:46:26','2013-05-15 15:46:26'),(132,'shipment','pending',382369184,1010549555,'Spree::Order','pending','2013-05-15 15:46:26','2013-05-15 15:46:26'),(133,'payment',NULL,383262055,1009361868,'Spree::Order','balance_due','2013-05-15 15:46:26','2013-05-15 15:46:26'),(134,'shipment',NULL,383262055,1009361868,'Spree::Order','pending','2013-05-15 15:46:26','2013-05-15 15:46:26'),(135,'payment','balance_due',383262055,1009361868,'Spree::Order','balance_due','2013-05-15 15:46:26','2013-05-15 15:46:26'),(136,'shipment','pending',383262055,1009361868,'Spree::Order','pending','2013-05-15 15:46:26','2013-05-15 15:46:26'),(137,'payment',NULL,391144298,1034018247,'Spree::Order','balance_due','2013-05-15 15:46:26','2013-05-15 15:46:26'),(138,'shipment',NULL,391144298,1034018247,'Spree::Order','pending','2013-05-15 15:46:26','2013-05-15 15:46:26'),(139,'payment','balance_due',391144298,1034018247,'Spree::Order','balance_due','2013-05-15 15:46:26','2013-05-15 15:46:26'),(140,'shipment','pending',391144298,1034018247,'Spree::Order','pending','2013-05-15 15:46:26','2013-05-15 15:46:26'),(141,'payment',NULL,403830194,853560069,'Spree::Order','balance_due','2013-05-15 15:46:26','2013-05-15 15:46:26'),(142,'shipment',NULL,403830194,853560069,'Spree::Order','pending','2013-05-15 15:46:26','2013-05-15 15:46:26'),(143,'payment','balance_due',403830194,853560069,'Spree::Order','balance_due','2013-05-15 15:46:26','2013-05-15 15:46:26'),(144,'shipment','pending',403830194,853560069,'Spree::Order','pending','2013-05-15 15:46:26','2013-05-15 15:46:26'),(145,'payment',NULL,428600156,863655417,'Spree::Order','balance_due','2013-05-15 15:46:26','2013-05-15 15:46:26'),(146,'shipment',NULL,428600156,863655417,'Spree::Order','pending','2013-05-15 15:46:26','2013-05-15 15:46:26'),(147,'payment','balance_due',428600156,863655417,'Spree::Order','balance_due','2013-05-15 15:46:26','2013-05-15 15:46:26'),(148,'shipment','pending',428600156,863655417,'Spree::Order','pending','2013-05-15 15:46:26','2013-05-15 15:46:26'),(149,'payment',NULL,429493153,862467340,'Spree::Order','balance_due','2013-05-15 15:46:26','2013-05-15 15:46:26'),(150,'shipment',NULL,429493153,862467340,'Spree::Order','pending','2013-05-15 15:46:26','2013-05-15 15:46:26'),(151,'payment','balance_due',429493153,862467340,'Spree::Order','balance_due','2013-05-15 15:46:26','2013-05-15 15:46:26'),(152,'shipment','pending',429493153,862467340,'Spree::Order','pending','2013-05-15 15:46:26','2013-05-15 15:46:26'),(153,'payment',NULL,455255426,835918637,'Spree::Order','balance_due','2013-05-15 15:46:26','2013-05-15 15:46:26'),(154,'shipment',NULL,455255426,835918637,'Spree::Order','pending','2013-05-15 15:46:26','2013-05-15 15:46:26'),(155,'payment','balance_due',455255426,835918637,'Spree::Order','balance_due','2013-05-15 15:46:26','2013-05-15 15:46:26'),(156,'shipment','pending',455255426,835918637,'Spree::Order','pending','2013-05-15 15:46:26','2013-05-15 15:46:26'),(157,'payment',NULL,456181117,834763738,'Spree::Order','balance_due','2013-05-15 15:46:26','2013-05-15 15:46:26'),(158,'shipment',NULL,456181117,834763738,'Spree::Order','pending','2013-05-15 15:46:26','2013-05-15 15:46:26'),(159,'payment','balance_due',456181117,834763738,'Spree::Order','balance_due','2013-05-15 15:46:26','2013-05-15 15:46:26'),(160,'shipment','pending',456181117,834763738,'Spree::Order','pending','2013-05-15 15:46:26','2013-05-15 15:46:26'),(161,'payment',NULL,465903021,825533186,'Spree::Order','balance_due','2013-05-15 15:46:26','2013-05-15 15:46:26'),(162,'shipment',NULL,465903021,825533186,'Spree::Order','pending','2013-05-15 15:46:26','2013-05-15 15:46:26'),(163,'payment','balance_due',465903021,825533186,'Spree::Order','balance_due','2013-05-15 15:46:26','2013-05-15 15:46:26'),(164,'shipment','pending',465903021,825533186,'Spree::Order','pending','2013-05-15 15:46:26','2013-05-15 15:46:26'),(165,'payment',NULL,467107162,824624125,'Spree::Order','balance_due','2013-05-15 15:46:26','2013-05-15 15:46:26'),(166,'shipment',NULL,467107162,824624125,'Spree::Order','pending','2013-05-15 15:46:26','2013-05-15 15:46:26'),(167,'payment','balance_due',467107162,824624125,'Spree::Order','balance_due','2013-05-15 15:46:26','2013-05-15 15:46:26'),(168,'shipment','pending',467107162,824624125,'Spree::Order','pending','2013-05-15 15:46:26','2013-05-15 15:46:26'),(169,'payment',NULL,474964377,918478646,'Spree::Order','balance_due','2013-05-15 15:46:26','2013-05-15 15:46:26'),(170,'shipment',NULL,474964377,918478646,'Spree::Order','pending','2013-05-15 15:46:26','2013-05-15 15:46:26'),(171,'payment','balance_due',474964377,918478646,'Spree::Order','balance_due','2013-05-15 15:46:26','2013-05-15 15:46:26'),(172,'shipment','pending',474964377,918478646,'Spree::Order','pending','2013-05-15 15:46:26','2013-05-15 15:46:26'),(173,'payment',NULL,475857254,917290961,'Spree::Order','balance_due','2013-05-15 15:46:26','2013-05-15 15:46:26'),(174,'shipment',NULL,475857254,917290961,'Spree::Order','pending','2013-05-15 15:46:26','2013-05-15 15:46:26'),(175,'payment','balance_due',475857254,917290961,'Spree::Order','balance_due','2013-05-15 15:46:26','2013-05-15 15:46:26'),(176,'shipment','pending',475857254,917290961,'Spree::Order','pending','2013-05-15 15:46:26','2013-05-15 15:46:26'),(177,'payment',NULL,480827830,911828761,'Spree::Order','balance_due','2013-05-15 15:46:26','2013-05-15 15:46:26'),(178,'shipment',NULL,480827830,911828761,'Spree::Order','pending','2013-05-15 15:46:26','2013-05-15 15:46:26'),(179,'payment','balance_due',480827830,911828761,'Spree::Order','balance_due','2013-05-15 15:46:27','2013-05-15 15:46:27'),(180,'shipment','pending',480827830,911828761,'Spree::Order','pending','2013-05-15 15:46:27','2013-05-15 15:46:27'),(181,'payment',NULL,481999185,910886886,'Spree::Order','balance_due','2013-05-15 15:46:27','2013-05-15 15:46:27'),(182,'shipment',NULL,481999185,910886886,'Spree::Order','pending','2013-05-15 15:46:27','2013-05-15 15:46:27'),(183,'payment','balance_due',481999185,910886886,'Spree::Order','balance_due','2013-05-15 15:46:27','2013-05-15 15:46:27'),(184,'shipment','pending',481999185,910886886,'Spree::Order','pending','2013-05-15 15:46:27','2013-05-15 15:46:27'),(185,'payment',NULL,488679357,936450328,'Spree::Order','balance_due','2013-05-15 15:46:27','2013-05-15 15:46:27'),(186,'shipment',NULL,488679357,936450328,'Spree::Order','pending','2013-05-15 15:46:27','2013-05-15 15:46:27'),(187,'payment','balance_due',488679357,936450328,'Spree::Order','balance_due','2013-05-15 15:46:27','2013-05-15 15:46:27'),(188,'shipment','pending',488679357,936450328,'Spree::Order','pending','2013-05-15 15:46:27','2013-05-15 15:46:27'),(189,'payment',NULL,518401861,873959920,'Spree::Order','balance_due','2013-05-15 15:46:27','2013-05-15 15:46:27'),(190,'shipment',NULL,518401861,873959920,'Spree::Order','pending','2013-05-15 15:46:27','2013-05-15 15:46:27'),(191,'payment','balance_due',518401861,873959920,'Spree::Order','balance_due','2013-05-15 15:46:27','2013-05-15 15:46:27'),(192,'shipment','pending',518401861,873959920,'Spree::Order','pending','2013-05-15 15:46:27','2013-05-15 15:46:27'),(193,'payment',NULL,519327672,872804629,'Spree::Order','balance_due','2013-05-15 15:46:27','2013-05-15 15:46:27'),(194,'shipment',NULL,519327672,872804629,'Spree::Order','pending','2013-05-15 15:46:27','2013-05-15 15:46:27'),(195,'payment','balance_due',519327672,872804629,'Spree::Order','balance_due','2013-05-15 15:46:27','2013-05-15 15:46:27'),(196,'shipment','pending',519327672,872804629,'Spree::Order','pending','2013-05-15 15:46:27','2013-05-15 15:46:27'),(197,'payment',NULL,539762571,140587364,'Spree::Order','balance_due','2013-05-15 15:46:27','2013-05-15 15:46:27'),(198,'shipment',NULL,539762571,140587364,'Spree::Order','pending','2013-05-15 15:46:27','2013-05-15 15:46:27'),(199,'payment','balance_due',539762571,140587364,'Spree::Order','balance_due','2013-05-15 15:46:27','2013-05-15 15:46:27'),(200,'shipment','pending',539762571,140587364,'Spree::Order','pending','2013-05-15 15:46:27','2013-05-15 15:46:27'),(201,'payment',NULL,542594049,178711894,'Spree::Order','balance_due','2013-05-15 15:46:27','2013-05-15 15:46:27'),(202,'shipment',NULL,542594049,178711894,'Spree::Order','pending','2013-05-15 15:46:27','2013-05-15 15:46:27'),(203,'payment','balance_due',542594049,178711894,'Spree::Order','balance_due','2013-05-15 15:46:27','2013-05-15 15:46:27'),(204,'shipment','pending',542594049,178711894,'Spree::Order','pending','2013-05-15 15:46:27','2013-05-15 15:46:27'),(205,'payment',NULL,567102733,188543912,'Spree::Order','balance_due','2013-05-15 15:46:27','2013-05-15 15:46:27'),(206,'shipment',NULL,567102733,188543912,'Spree::Order','pending','2013-05-15 15:46:27','2013-05-15 15:46:27'),(207,'payment','balance_due',567102733,188543912,'Spree::Order','balance_due','2013-05-15 15:46:27','2013-05-15 15:46:27'),(208,'shipment','pending',567102733,188543912,'Spree::Order','pending','2013-05-15 15:46:27','2013-05-15 15:46:27'),(209,'payment',NULL,568274416,187601757,'Spree::Order','balance_due','2013-05-15 15:46:27','2013-05-15 15:46:27'),(210,'shipment',NULL,568274416,187601757,'Spree::Order','pending','2013-05-15 15:46:27','2013-05-15 15:46:27'),(211,'payment','balance_due',568274416,187601757,'Spree::Order','balance_due','2013-05-15 15:46:27','2013-05-15 15:46:27'),(212,'shipment','pending',568274416,187601757,'Spree::Order','pending','2013-05-15 15:46:27','2013-05-15 15:46:27'),(213,'payment',NULL,587078949,135242632,'Spree::Order','balance_due','2013-05-15 15:46:27','2013-05-15 15:46:27'),(214,'shipment',NULL,587078949,135242632,'Spree::Order','pending','2013-05-15 15:46:27','2013-05-15 15:46:27'),(215,'payment','balance_due',587078949,135242632,'Spree::Order','balance_due','2013-05-15 15:46:27','2013-05-15 15:46:27'),(216,'shipment','pending',587078949,135242632,'Spree::Order','pending','2013-05-15 15:46:27','2013-05-15 15:46:27'),(217,'payment',NULL,596761353,157312430,'Spree::Order','balance_due','2013-05-15 15:46:27','2013-05-15 15:46:27'),(218,'shipment',NULL,596761353,157312430,'Spree::Order','pending','2013-05-15 15:46:27','2013-05-15 15:46:27'),(219,'payment','balance_due',596761353,157312430,'Spree::Order','balance_due','2013-05-15 15:46:27','2013-05-15 15:46:27'),(220,'shipment','pending',596761353,157312430,'Spree::Order','pending','2013-05-15 15:46:27','2013-05-15 15:46:27'),(221,'payment',NULL,601813305,1028376774,'Spree::Order','balance_due','2013-05-15 15:46:27','2013-05-15 15:46:27'),(222,'shipment',NULL,601813305,1028376774,'Spree::Order','pending','2013-05-15 15:46:27','2013-05-15 15:46:27'),(223,'payment','balance_due',601813305,1028376774,'Spree::Order','balance_due','2013-05-15 15:46:27','2013-05-15 15:46:27'),(224,'shipment','pending',601813305,1028376774,'Spree::Order','pending','2013-05-15 15:46:27','2013-05-15 15:46:27'),(225,'payment',NULL,615724322,975572189,'Spree::Order','balance_due','2013-05-15 15:46:28','2013-05-15 15:46:28'),(226,'shipment',NULL,615724322,975572189,'Spree::Order','pending','2013-05-15 15:46:28','2013-05-15 15:46:28'),(227,'payment','balance_due',615724322,975572189,'Spree::Order','balance_due','2013-05-15 15:46:28','2013-05-15 15:46:28'),(228,'shipment','pending',615724322,975572189,'Spree::Order','pending','2013-05-15 15:46:28','2013-05-15 15:46:28'),(229,'payment',NULL,620502818,235774389,'Spree::Order','balance_due','2013-05-15 15:46:28','2013-05-15 15:46:28'),(230,'shipment',NULL,620502818,235774389,'Spree::Order','pending','2013-05-15 15:46:28','2013-05-15 15:46:28'),(231,'payment','balance_due',620502818,235774389,'Spree::Order','balance_due','2013-05-15 15:46:28','2013-05-15 15:46:28'),(232,'shipment','pending',620502818,235774389,'Spree::Order','pending','2013-05-15 15:46:28','2013-05-15 15:46:28'),(233,'payment',NULL,627442156,261603145,'Spree::Order','balance_due','2013-05-15 15:46:28','2013-05-15 15:46:28'),(234,'shipment',NULL,627442156,261603145,'Spree::Order','pending','2013-05-15 15:46:28','2013-05-15 15:46:28'),(235,'payment','balance_due',627442156,261603145,'Spree::Order','balance_due','2013-05-15 15:46:28','2013-05-15 15:46:28'),(236,'shipment','pending',627442156,261603145,'Spree::Order','pending','2013-05-15 15:46:28','2013-05-15 15:46:28'),(237,'payment',NULL,648055060,206649281,'Spree::Order','balance_due','2013-05-15 15:46:28','2013-05-15 15:46:28'),(238,'shipment',NULL,648055060,206649281,'Spree::Order','pending','2013-05-15 15:46:28','2013-05-15 15:46:28'),(239,'payment','balance_due',648055060,206649281,'Spree::Order','balance_due','2013-05-15 15:46:28','2013-05-15 15:46:28'),(240,'shipment','pending',648055060,206649281,'Spree::Order','pending','2013-05-15 15:46:28','2013-05-15 15:46:28'),(241,'payment',NULL,649259497,205739844,'Spree::Order','balance_due','2013-05-15 15:46:28','2013-05-15 15:46:28'),(242,'shipment',NULL,649259497,205739844,'Spree::Order','pending','2013-05-15 15:46:28','2013-05-15 15:46:28'),(243,'payment','balance_due',649259497,205739844,'Spree::Order','balance_due','2013-05-15 15:46:28','2013-05-15 15:46:28'),(244,'shipment','pending',649259497,205739844,'Spree::Order','pending','2013-05-15 15:46:28','2013-05-15 15:46:28'),(245,'payment',NULL,702619608,51421563,'Spree::Order','balance_due','2013-05-15 15:46:28','2013-05-15 15:46:28'),(246,'shipment',NULL,702619608,51421563,'Spree::Order','pending','2013-05-15 15:46:28','2013-05-15 15:46:28'),(247,'payment','balance_due',702619608,51421563,'Spree::Order','balance_due','2013-05-15 15:46:28','2013-05-15 15:46:28'),(248,'shipment','pending',702619608,51421563,'Spree::Order','pending','2013-05-15 15:46:28','2013-05-15 15:46:28'),(249,'payment',NULL,703823663,50512260,'Spree::Order','balance_due','2013-05-15 15:46:28','2013-05-15 15:46:28'),(250,'shipment',NULL,703823663,50512260,'Spree::Order','pending','2013-05-15 15:46:28','2013-05-15 15:46:28'),(251,'payment','balance_due',703823663,50512260,'Spree::Order','balance_due','2013-05-15 15:46:28','2013-05-15 15:46:28'),(252,'shipment','pending',703823663,50512260,'Spree::Order','pending','2013-05-15 15:46:28','2013-05-15 15:46:28'),(253,'payment',NULL,707237680,14035331,'Spree::Order','balance_due','2013-05-15 15:46:28','2013-05-15 15:46:28'),(254,'shipment',NULL,707237680,14035331,'Spree::Order','pending','2013-05-15 15:46:28','2013-05-15 15:46:28'),(255,'payment','balance_due',707237680,14035331,'Spree::Order','balance_due','2013-05-15 15:46:28','2013-05-15 15:46:28'),(256,'shipment','pending',707237680,14035331,'Spree::Order','pending','2013-05-15 15:46:28','2013-05-15 15:46:28'),(257,'payment',NULL,726159630,28962723,'Spree::Order','balance_due','2013-05-15 15:46:28','2013-05-15 15:46:28'),(258,'shipment',NULL,726159630,28962723,'Spree::Order','pending','2013-05-15 15:46:28','2013-05-15 15:46:28'),(259,'payment','balance_due',726159630,28962723,'Spree::Order','balance_due','2013-05-15 15:46:28','2013-05-15 15:46:28'),(260,'shipment','pending',726159630,28962723,'Spree::Order','pending','2013-05-15 15:46:28','2013-05-15 15:46:28'),(261,'payment',NULL,727331319,28020570,'Spree::Order','balance_due','2013-05-15 15:46:28','2013-05-15 15:46:28'),(262,'shipment',NULL,727331319,28020570,'Spree::Order','pending','2013-05-15 15:46:28','2013-05-15 15:46:28'),(263,'payment','balance_due',727331319,28020570,'Spree::Order','balance_due','2013-05-15 15:46:28','2013-05-15 15:46:28'),(264,'shipment','pending',727331319,28020570,'Spree::Order','pending','2013-05-15 15:46:28','2013-05-15 15:46:28'),(265,'payment',NULL,732948771,22960014,'Spree::Order','balance_due','2013-05-15 15:46:28','2013-05-15 15:46:28'),(266,'shipment',NULL,732948771,22960014,'Spree::Order','pending','2013-05-15 15:46:28','2013-05-15 15:46:28'),(267,'payment','balance_due',732948771,22960014,'Spree::Order','balance_due','2013-05-15 15:46:28','2013-05-15 15:46:28'),(268,'shipment','pending',732948771,22960014,'Spree::Order','pending','2013-05-15 15:46:28','2013-05-15 15:46:28'),(269,'payment',NULL,733841882,21772151,'Spree::Order','balance_due','2013-05-15 15:46:28','2013-05-15 15:46:28'),(270,'shipment',NULL,733841882,21772151,'Spree::Order','pending','2013-05-15 15:46:28','2013-05-15 15:46:28'),(271,'payment','balance_due',733841882,21772151,'Spree::Order','balance_due','2013-05-15 15:46:28','2013-05-15 15:46:28'),(272,'shipment','pending',733841882,21772151,'Spree::Order','pending','2013-05-15 15:46:28','2013-05-15 15:46:28'),(273,'payment',NULL,740660503,114568122,'Spree::Order','balance_due','2013-05-15 15:46:29','2013-05-15 15:46:29'),(274,'shipment',NULL,740660503,114568122,'Spree::Order','pending','2013-05-15 15:46:29','2013-05-15 15:46:29'),(275,'payment','balance_due',740660503,114568122,'Spree::Order','balance_due','2013-05-15 15:46:29','2013-05-15 15:46:29'),(276,'shipment','pending',740660503,114568122,'Spree::Order','pending','2013-05-15 15:46:29','2013-05-15 15:46:29'),(277,'payment',NULL,741864942,113658691,'Spree::Order','balance_due','2013-05-15 15:46:29','2013-05-15 15:46:29'),(278,'shipment',NULL,741864942,113658691,'Spree::Order','pending','2013-05-15 15:46:29','2013-05-15 15:46:29'),(279,'payment','balance_due',741864942,113658691,'Spree::Order','balance_due','2013-05-15 15:46:29','2013-05-15 15:46:29'),(280,'shipment','pending',741864942,113658691,'Spree::Order','pending','2013-05-15 15:46:29','2013-05-15 15:46:29'),(281,'payment',NULL,750923066,104043415,'Spree::Order','balance_due','2013-05-15 15:46:29','2013-05-15 15:46:29'),(282,'shipment',NULL,750923066,104043415,'Spree::Order','pending','2013-05-15 15:46:29','2013-05-15 15:46:29'),(283,'payment','balance_due',750923066,104043415,'Spree::Order','balance_due','2013-05-15 15:46:29','2013-05-15 15:46:29'),(284,'shipment','pending',750923066,104043415,'Spree::Order','pending','2013-05-15 15:46:29','2013-05-15 15:46:29'),(285,'payment',NULL,751848899,102888302,'Spree::Order','balance_due','2013-05-15 15:46:29','2013-05-15 15:46:29'),(286,'shipment',NULL,751848899,102888302,'Spree::Order','pending','2013-05-15 15:46:29','2013-05-15 15:46:29'),(287,'payment','balance_due',751848899,102888302,'Spree::Order','balance_due','2013-05-15 15:46:29','2013-05-15 15:46:29'),(288,'shipment','pending',751848899,102888302,'Spree::Order','pending','2013-05-15 15:46:29','2013-05-15 15:46:29'),(289,'payment',NULL,780983247,75326820,'Spree::Order','balance_due','2013-05-15 15:46:29','2013-05-15 15:46:29'),(290,'shipment',NULL,780983247,75326820,'Spree::Order','pending','2013-05-15 15:46:29','2013-05-15 15:46:29'),(291,'payment','balance_due',780983247,75326820,'Spree::Order','balance_due','2013-05-15 15:46:29','2013-05-15 15:46:29'),(292,'shipment','pending',780983247,75326820,'Spree::Order','pending','2013-05-15 15:46:29','2013-05-15 15:46:29'),(293,'payment',NULL,782154552,74384795,'Spree::Order','balance_due','2013-05-15 15:46:29','2013-05-15 15:46:29'),(294,'shipment',NULL,782154552,74384795,'Spree::Order','pending','2013-05-15 15:46:29','2013-05-15 15:46:29'),(295,'payment','balance_due',782154552,74384795,'Spree::Order','balance_due','2013-05-15 15:46:29','2013-05-15 15:46:29'),(296,'shipment','pending',782154552,74384795,'Spree::Order','pending','2013-05-15 15:46:29','2013-05-15 15:46:29'),(297,'payment',NULL,790021435,99056534,'Spree::Order','balance_due','2013-05-15 15:46:29','2013-05-15 15:46:29'),(298,'shipment',NULL,790021435,99056534,'Spree::Order','pending','2013-05-15 15:46:29','2013-05-15 15:46:29'),(299,'payment','balance_due',790021435,99056534,'Spree::Order','balance_due','2013-05-15 15:46:29','2013-05-15 15:46:29'),(300,'shipment','pending',790021435,99056534,'Spree::Order','pending','2013-05-15 15:46:29','2013-05-15 15:46:29'),(301,'payment',NULL,820530800,437907651,'Spree::Order','balance_due','2013-05-15 15:46:29','2013-05-15 15:46:29'),(302,'shipment',NULL,820530800,437907651,'Spree::Order','pending','2013-05-15 15:46:29','2013-05-15 15:46:29'),(303,'payment','balance_due',820530800,437907651,'Spree::Order','balance_due','2013-05-15 15:46:29','2013-05-15 15:46:29'),(304,'shipment','pending',820530800,437907651,'Spree::Order','pending','2013-05-15 15:46:29','2013-05-15 15:46:29'),(305,'payment',NULL,821702295,436965436,'Spree::Order','balance_due','2013-05-15 15:46:29','2013-05-15 15:46:29'),(306,'shipment',NULL,821702295,436965436,'Spree::Order','pending','2013-05-15 15:46:29','2013-05-15 15:46:29'),(307,'payment','balance_due',821702295,436965436,'Spree::Order','balance_due','2013-05-15 15:46:29','2013-05-15 15:46:29'),(308,'shipment','pending',821702295,436965436,'Spree::Order','pending','2013-05-15 15:46:29','2013-05-15 15:46:29'),(309,'payment',NULL,843120822,414236187,'Spree::Order','balance_due','2013-05-15 15:46:29','2013-05-15 15:46:29'),(310,'shipment',NULL,843120822,414236187,'Spree::Order','pending','2013-05-15 15:46:29','2013-05-15 15:46:29'),(311,'payment','balance_due',843120822,414236187,'Spree::Order','balance_due','2013-05-15 15:46:29','2013-05-15 15:46:29'),(312,'shipment','pending',843120822,414236187,'Spree::Order','pending','2013-05-15 15:46:29','2013-05-15 15:46:29'),(313,'payment',NULL,844324943,413327074,'Spree::Order','balance_due','2013-05-15 15:46:29','2013-05-15 15:46:29'),(314,'shipment',NULL,844324943,413327074,'Spree::Order','pending','2013-05-15 15:46:29','2013-05-15 15:46:29'),(315,'payment','balance_due',844324943,413327074,'Spree::Order','balance_due','2013-05-15 15:46:29','2013-05-15 15:46:29'),(316,'shipment','pending',844324943,413327074,'Spree::Order','pending','2013-05-15 15:46:29','2013-05-15 15:46:29'),(317,'payment',NULL,849787035,408356406,'Spree::Order','balance_due','2013-05-15 15:46:29','2013-05-15 15:46:29'),(318,'shipment',NULL,849787035,408356406,'Spree::Order','pending','2013-05-15 15:46:29','2013-05-15 15:46:29'),(319,'payment','balance_due',849787035,408356406,'Spree::Order','balance_due','2013-05-15 15:46:29','2013-05-15 15:46:29'),(320,'shipment','pending',849787035,408356406,'Spree::Order','pending','2013-05-15 15:46:29','2013-05-15 15:46:29'),(321,'payment',NULL,850712674,407201487,'Spree::Order','balance_due','2013-05-15 15:46:30','2013-05-15 15:46:30'),(322,'shipment',NULL,850712674,407201487,'Spree::Order','pending','2013-05-15 15:46:30','2013-05-15 15:46:30'),(323,'payment','balance_due',850712674,407201487,'Spree::Order','balance_due','2013-05-15 15:46:30','2013-05-15 15:46:30'),(324,'shipment','pending',850712674,407201487,'Spree::Order','pending','2013-05-15 15:46:30','2013-05-15 15:46:30'),(325,'payment',NULL,862055596,771020115,'Spree::Order','balance_due','2013-05-15 15:46:30','2013-05-15 15:46:30'),(326,'shipment',NULL,862055596,771020115,'Spree::Order','pending','2013-05-15 15:46:30','2013-05-15 15:46:30'),(327,'payment','balance_due',862055596,771020115,'Spree::Order','balance_due','2013-05-15 15:46:30','2013-05-15 15:46:30'),(328,'shipment','pending',862055596,771020115,'Spree::Order','pending','2013-05-15 15:46:30','2013-05-15 15:46:30'),(329,'payment',NULL,892126383,534608386,'Spree::Order','balance_due','2013-05-15 15:46:30','2013-05-15 15:46:30'),(330,'shipment',NULL,892126383,534608386,'Spree::Order','pending','2013-05-15 15:46:30','2013-05-15 15:46:30'),(331,'payment','balance_due',892126383,534608386,'Spree::Order','balance_due','2013-05-15 15:46:30','2013-05-15 15:46:30'),(332,'shipment','pending',892126383,534608386,'Spree::Order','pending','2013-05-15 15:46:30','2013-05-15 15:46:30'),(333,'payment',NULL,893297750,533666555,'Spree::Order','balance_due','2013-05-15 15:46:30','2013-05-15 15:46:30'),(334,'shipment',NULL,893297750,533666555,'Spree::Order','pending','2013-05-15 15:46:30','2013-05-15 15:46:30'),(335,'payment','balance_due',893297750,533666555,'Spree::Order','balance_due','2013-05-15 15:46:30','2013-05-15 15:46:30'),(336,'shipment','pending',893297750,533666555,'Spree::Order','pending','2013-05-15 15:46:30','2013-05-15 15:46:30'),(337,'payment',NULL,902528130,523944495,'Spree::Order','balance_due','2013-05-15 15:46:30','2013-05-15 15:46:30'),(338,'shipment',NULL,902528130,523944495,'Spree::Order','pending','2013-05-15 15:46:30','2013-05-15 15:46:30'),(339,'payment','balance_due',902528130,523944495,'Spree::Order','balance_due','2013-05-15 15:46:30','2013-05-15 15:46:30'),(340,'shipment','pending',902528130,523944495,'Spree::Order','pending','2013-05-15 15:46:30','2013-05-15 15:46:30'),(341,'payment',NULL,903421051,522756822,'Spree::Order','balance_due','2013-05-15 15:46:30','2013-05-15 15:46:30'),(342,'shipment',NULL,903421051,522756822,'Spree::Order','pending','2013-05-15 15:46:30','2013-05-15 15:46:30'),(343,'payment','balance_due',903421051,522756822,'Spree::Order','balance_due','2013-05-15 15:46:30','2013-05-15 15:46:30'),(344,'shipment','pending',903421051,522756822,'Spree::Order','pending','2013-05-15 15:46:30','2013-05-15 15:46:30'),(345,'payment',NULL,906884218,486296279,'Spree::Order','balance_due','2013-05-15 15:46:30','2013-05-15 15:46:30'),(346,'shipment',NULL,906884218,486296279,'Spree::Order','pending','2013-05-15 15:46:30','2013-05-15 15:46:30'),(347,'payment','balance_due',906884218,486296279,'Spree::Order','balance_due','2013-05-15 15:46:30','2013-05-15 15:46:30'),(348,'shipment','pending',906884218,486296279,'Spree::Order','pending','2013-05-15 15:46:30','2013-05-15 15:46:30'),(349,'payment',NULL,931498615,494154972,'Spree::Order','balance_due','2013-05-15 15:46:30','2013-05-15 15:46:30'),(350,'shipment',NULL,931498615,494154972,'Spree::Order','pending','2013-05-15 15:46:30','2013-05-15 15:46:30'),(351,'payment','balance_due',931498615,494154972,'Spree::Order','balance_due','2013-05-15 15:46:30','2013-05-15 15:46:30'),(352,'shipment','pending',931498615,494154972,'Spree::Order','pending','2013-05-15 15:46:30','2013-05-15 15:46:30'),(353,'payment',NULL,932702864,493245475,'Spree::Order','balance_due','2013-05-15 15:46:30','2013-05-15 15:46:30'),(354,'shipment',NULL,932702864,493245475,'Spree::Order','pending','2013-05-15 15:46:30','2013-05-15 15:46:30'),(355,'payment','balance_due',932702864,493245475,'Spree::Order','balance_due','2013-05-15 15:46:30','2013-05-15 15:46:30'),(356,'shipment','pending',932702864,493245475,'Spree::Order','pending','2013-05-15 15:46:30','2013-05-15 15:46:30'),(357,'payment',NULL,952376497,305504796,'Spree::Order','balance_due','2013-05-15 15:46:30','2013-05-15 15:46:30'),(358,'shipment',NULL,952376497,305504796,'Spree::Order','pending','2013-05-15 15:46:30','2013-05-15 15:46:30'),(359,'payment','balance_due',952376497,305504796,'Spree::Order','balance_due','2013-05-15 15:46:30','2013-05-15 15:46:30'),(360,'shipment','pending',952376497,305504796,'Spree::Order','pending','2013-05-15 15:46:30','2013-05-15 15:46:30'),(361,'payment',NULL,953580620,304595689,'Spree::Order','balance_due','2013-05-15 15:46:30','2013-05-15 15:46:30'),(362,'shipment',NULL,953580620,304595689,'Spree::Order','pending','2013-05-15 15:46:30','2013-05-15 15:46:30'),(363,'payment','balance_due',953580620,304595689,'Spree::Order','balance_due','2013-05-15 15:46:30','2013-05-15 15:46:30'),(364,'shipment','pending',953580620,304595689,'Spree::Order','pending','2013-05-15 15:46:30','2013-05-15 15:46:30'),(365,'payment',NULL,961307330,331209749,'Spree::Order','balance_due','2013-05-15 15:46:30','2013-05-15 15:46:30'),(366,'shipment',NULL,961307330,331209749,'Spree::Order','pending','2013-05-15 15:46:30','2013-05-15 15:46:30'),(367,'payment','balance_due',961307330,331209749,'Spree::Order','balance_due','2013-05-15 15:46:30','2013-05-15 15:46:30'),(368,'shipment','pending',961307330,331209749,'Spree::Order','pending','2013-05-15 15:46:30','2013-05-15 15:46:30'),(369,'payment',NULL,983075517,275330066,'Spree::Order','balance_due','2013-05-15 15:46:31','2013-05-15 15:46:31'),(370,'shipment',NULL,983075517,275330066,'Spree::Order','pending','2013-05-15 15:46:31','2013-05-15 15:46:31'),(371,'payment','balance_due',983075517,275330066,'Spree::Order','balance_due','2013-05-15 15:46:31','2013-05-15 15:46:31'),(372,'shipment','pending',983075517,275330066,'Spree::Order','pending','2013-05-15 15:46:31','2013-05-15 15:46:31'),(373,'payment',NULL,987209861,608344442,'Spree::Order','balance_due','2013-05-15 15:46:31','2013-05-15 15:46:31'),(374,'shipment',NULL,987209861,608344442,'Spree::Order','pending','2013-05-15 15:46:31','2013-05-15 15:46:31'),(375,'payment','balance_due',987209861,608344442,'Spree::Order','balance_due','2013-05-15 15:46:31','2013-05-15 15:46:31'),(376,'shipment','pending',987209861,608344442,'Spree::Order','pending','2013-05-15 15:46:31','2013-05-15 15:46:31'),(377,'payment',NULL,1004874852,286560969,'Spree::Order','balance_due','2013-05-15 15:46:31','2013-05-15 15:46:31'),(378,'shipment',NULL,1004874852,286560969,'Spree::Order','pending','2013-05-15 15:46:31','2013-05-15 15:46:31'),(379,'payment','balance_due',1004874852,286560969,'Spree::Order','balance_due','2013-05-15 15:46:31','2013-05-15 15:46:31'),(380,'shipment','pending',1004874852,286560969,'Spree::Order','pending','2013-05-15 15:46:31','2013-05-15 15:46:31'),(381,'payment',NULL,1014837421,378310152,'Spree::Order','balance_due','2013-05-15 15:46:31','2013-05-15 15:46:31'),(382,'shipment',NULL,1014837421,378310152,'Spree::Order','pending','2013-05-15 15:46:31','2013-05-15 15:46:31'),(383,'payment','balance_due',1014837421,378310152,'Spree::Order','balance_due','2013-05-15 15:46:31','2013-05-15 15:46:31'),(384,'shipment','pending',1014837421,378310152,'Spree::Order','pending','2013-05-15 15:46:31','2013-05-15 15:46:31'),(385,'payment',NULL,1035625630,590306657,'Spree::Order','balance_due','2013-05-15 15:46:31','2013-05-15 15:46:31'),(386,'shipment',NULL,1035625630,590306657,'Spree::Order','pending','2013-05-15 15:46:31','2013-05-15 15:46:31'),(387,'payment','balance_due',1035625630,590306657,'Spree::Order','balance_due','2013-05-15 15:46:31','2013-05-15 15:46:31'),(388,'shipment','pending',1035625630,590306657,'Spree::Order','pending','2013-05-15 15:46:31','2013-05-15 15:46:31'),(389,'payment',NULL,1039486630,386199561,'Spree::Order','balance_due','2013-05-15 15:46:31','2013-05-15 15:46:31'),(390,'shipment',NULL,1039486630,386199561,'Spree::Order','pending','2013-05-15 15:46:31','2013-05-15 15:46:31'),(391,'payment','balance_due',1039486630,386199561,'Spree::Order','balance_due','2013-05-15 15:46:31','2013-05-15 15:46:31'),(392,'shipment','pending',1039486630,386199561,'Spree::Order','pending','2013-05-15 15:46:31','2013-05-15 15:46:31'),(393,'payment',NULL,1068095656,358114821,'Spree::Order','balance_due','2013-05-15 15:46:31','2013-05-15 15:46:31'),(394,'shipment',NULL,1068095656,358114821,'Spree::Order','pending','2013-05-15 15:46:31','2013-05-15 15:46:31'),(395,'payment','balance_due',1068095656,358114821,'Spree::Order','balance_due','2013-05-15 15:46:31','2013-05-15 15:46:31'),(396,'shipment','pending',1068095656,358114821,'Spree::Order','pending','2013-05-15 15:46:31','2013-05-15 15:46:31'),(397,'payment',NULL,1069267029,357172992,'Spree::Order','balance_due','2013-05-15 15:46:31','2013-05-15 15:46:31'),(398,'shipment',NULL,1069267029,357172992,'Spree::Order','pending','2013-05-15 15:46:31','2013-05-15 15:46:31'),(399,'payment','balance_due',1069267029,357172992,'Spree::Order','balance_due','2013-05-15 15:46:31','2013-05-15 15:46:31'),(400,'shipment','pending',1069267029,357172992,'Spree::Order','pending','2013-05-15 15:46:31','2013-05-15 15:46:31'),(401,'payment',NULL,1069267030,NULL,'Spree::Order','balance_due','2013-05-15 18:10:13','2013-05-15 18:10:13'),(402,'shipment',NULL,1069267030,NULL,'Spree::Order',NULL,'2013-05-15 18:10:13','2013-05-15 18:10:13');
/*!40000 ALTER TABLE `spree_state_changes` ENABLE KEYS */;
UNLOCK TABLES;

--
-- Table structure for table `spree_states`
--

DROP TABLE IF EXISTS `spree_states`;
/*!40101 SET @saved_cs_client     = @@character_set_client */;
/*!40101 SET character_set_client = utf8 */;
CREATE TABLE `spree_states` (
  `id` int(11) NOT NULL AUTO_INCREMENT,
  `name` varchar(255) DEFAULT NULL,
  `abbr` varchar(255) DEFAULT NULL,
  `country_id` int(11) DEFAULT NULL,
  PRIMARY KEY (`id`)
) ENGINE=InnoDB AUTO_INCREMENT=1061493586 DEFAULT CHARSET=latin1;
/*!40101 SET character_set_client = @saved_cs_client */;

--
-- Dumping data for table `spree_states`
--

LOCK TABLES `spree_states` WRITE;
/*!40000 ALTER TABLE `spree_states` DISABLE KEYS */;
INSERT INTO `spree_states` VALUES (6764998,'District of Columbia','DC',214),(17199670,'Utah','UT',214),(37199952,'Louisiana','LA',214),(41111624,'Virginia','VA',214),(51943165,'North Dakota','ND',214),(66390489,'Wyoming','WY',214),(69729944,'New Mexico','NM',214),(69870734,'Connecticut','CT',214),(91367981,'West Virginia','WV',214),(103680699,'Wisconsin','WI',214),(177087202,'North Carolina','NC',214),(179539703,'Nevada','NV',214),(199950338,'Hawaii','HI',214),(248548169,'Oklahoma','OK',214),(267271847,'Florida','FL',214),(276110813,'California','CA',214),(298914262,'Oregon','OR',214),(308473843,'Kentucky','KY',214),(385551075,'Massachusetts','MA',214),(403740659,'Alaska','AK',214),(414569975,'Washington','WA',214),(426832442,'New Hampshire','NH',214),(471470972,'Arkansas','AR',214),(471711976,'Pennsylvania','PA',214),(474001862,'Rhode Island','RI',214),(480368357,'Maryland','MD',214),(485193526,'Ohio','OH',214),(525212995,'Texas','TX',214),(532363768,'Mississippi','MS',214),(536031023,'Colorado','CO',214),(597434151,'South Carolina','SC',214),(615306087,'South Dakota','SD',214),(625629523,'Illinois','IL',214),(653576146,'Missouri','MO',214),(673350891,'Nebraska','NE',214),(721598219,'Delaware','DE',214),(726305632,'Tennessee','TN',214),(750950030,'New Jersey','NJ',214),(769938586,'Indiana','IN',214),(825306985,'Iowa','IA',214),(876916760,'Georgia','GA',214),(889445952,'New York','NY',214),(931624400,'Michigan','MI',214),(948208802,'Arizona','AZ',214),(969722173,'Kansas','KS',214),(982433740,'Idaho','ID',214),(989115415,'Vermont','VT',214),(999156632,'Montana','MT',214),(1032288924,'Minnesota','MN',214),(1055056709,'Maine','ME',214),(1061493585,'Alabama','AL',214);
/*!40000 ALTER TABLE `spree_states` ENABLE KEYS */;
UNLOCK TABLES;

--
-- Table structure for table `spree_tax_categories`
--

DROP TABLE IF EXISTS `spree_tax_categories`;
/*!40101 SET @saved_cs_client     = @@character_set_client */;
/*!40101 SET character_set_client = utf8 */;
CREATE TABLE `spree_tax_categories` (
  `id` int(11) NOT NULL AUTO_INCREMENT,
  `name` varchar(255) DEFAULT NULL,
  `description` varchar(255) DEFAULT NULL,
  `is_default` tinyint(1) DEFAULT '0',
  `deleted_at` datetime DEFAULT NULL,
  `created_at` datetime NOT NULL,
  `updated_at` datetime NOT NULL,
  PRIMARY KEY (`id`)
) ENGINE=InnoDB AUTO_INCREMENT=698318841 DEFAULT CHARSET=latin1;
/*!40101 SET character_set_client = @saved_cs_client */;

--
-- Dumping data for table `spree_tax_categories`
--

LOCK TABLES `spree_tax_categories` WRITE;
/*!40000 ALTER TABLE `spree_tax_categories` DISABLE KEYS */;
INSERT INTO `spree_tax_categories` VALUES (25484906,'Clothing',NULL,0,NULL,'2013-05-15 15:46:21','2013-05-15 15:46:21'),(698318840,'Food',NULL,0,NULL,'2013-05-15 15:46:21','2013-05-15 15:46:21');
/*!40000 ALTER TABLE `spree_tax_categories` ENABLE KEYS */;
UNLOCK TABLES;

--
-- Table structure for table `spree_tax_rates`
--

DROP TABLE IF EXISTS `spree_tax_rates`;
/*!40101 SET @saved_cs_client     = @@character_set_client */;
/*!40101 SET character_set_client = utf8 */;
CREATE TABLE `spree_tax_rates` (
  `id` int(11) NOT NULL AUTO_INCREMENT,
  `amount` decimal(8,5) DEFAULT NULL,
  `zone_id` int(11) DEFAULT NULL,
  `tax_category_id` int(11) DEFAULT NULL,
  `included_in_price` tinyint(1) DEFAULT '0',
  `created_at` datetime NOT NULL,
  `updated_at` datetime NOT NULL,
  `name` varchar(255) DEFAULT NULL,
  `show_rate_in_label` tinyint(1) DEFAULT '1',
  PRIMARY KEY (`id`)
) ENGINE=InnoDB AUTO_INCREMENT=967941381 DEFAULT CHARSET=latin1;
/*!40101 SET character_set_client = @saved_cs_client */;

--
-- Dumping data for table `spree_tax_rates`
--

LOCK TABLES `spree_tax_rates` WRITE;
/*!40000 ALTER TABLE `spree_tax_rates` DISABLE KEYS */;
INSERT INTO `spree_tax_rates` VALUES (967941380,0.05000,2,25484906,0,'2013-05-15 15:46:21','2013-05-15 15:46:21',NULL,1);
/*!40000 ALTER TABLE `spree_tax_rates` ENABLE KEYS */;
UNLOCK TABLES;

--
-- Table structure for table `spree_taxonomies`
--

DROP TABLE IF EXISTS `spree_taxonomies`;
/*!40101 SET @saved_cs_client     = @@character_set_client */;
/*!40101 SET character_set_client = utf8 */;
CREATE TABLE `spree_taxonomies` (
  `id` int(11) NOT NULL AUTO_INCREMENT,
  `name` varchar(255) NOT NULL,
  `created_at` datetime NOT NULL,
  `updated_at` datetime NOT NULL,
  `position` int(11) DEFAULT '0',
  PRIMARY KEY (`id`)
) ENGINE=InnoDB AUTO_INCREMENT=854451431 DEFAULT CHARSET=latin1;
/*!40101 SET character_set_client = @saved_cs_client */;

--
-- Dumping data for table `spree_taxonomies`
--

LOCK TABLES `spree_taxonomies` WRITE;
/*!40000 ALTER TABLE `spree_taxonomies` DISABLE KEYS */;
INSERT INTO `spree_taxonomies` VALUES (475199832,'Brand','2013-05-15 15:46:21','2013-05-15 15:46:21',0),(854451430,'Categories','2013-05-15 15:46:21','2013-05-15 15:46:21',0);
/*!40000 ALTER TABLE `spree_taxonomies` ENABLE KEYS */;
UNLOCK TABLES;

--
-- Table structure for table `spree_taxons`
--

DROP TABLE IF EXISTS `spree_taxons`;
/*!40101 SET @saved_cs_client     = @@character_set_client */;
/*!40101 SET character_set_client = utf8 */;
CREATE TABLE `spree_taxons` (
  `id` int(11) NOT NULL AUTO_INCREMENT,
  `parent_id` int(11) DEFAULT NULL,
  `position` int(11) DEFAULT '0',
  `name` varchar(255) NOT NULL,
  `permalink` varchar(255) DEFAULT NULL,
  `taxonomy_id` int(11) DEFAULT NULL,
  `lft` int(11) DEFAULT NULL,
  `rgt` int(11) DEFAULT NULL,
  `icon_file_name` varchar(255) DEFAULT NULL,
  `icon_content_type` varchar(255) DEFAULT NULL,
  `icon_file_size` int(11) DEFAULT NULL,
  `icon_updated_at` datetime DEFAULT NULL,
  `description` text,
  `created_at` datetime NOT NULL,
  `updated_at` datetime NOT NULL,
  PRIMARY KEY (`id`),
  KEY `index_taxons_on_parent_id` (`parent_id`),
  KEY `index_taxons_on_permalink` (`permalink`),
  KEY `index_taxons_on_taxonomy_id` (`taxonomy_id`)
) ENGINE=InnoDB AUTO_INCREMENT=558398359 DEFAULT CHARSET=latin1;
/*!40101 SET character_set_client = @saved_cs_client */;

--
-- Dumping data for table `spree_taxons`
--

LOCK TABLES `spree_taxons` WRITE;
/*!40000 ALTER TABLE `spree_taxons` DISABLE KEYS */;
INSERT INTO `spree_taxons` VALUES (1000,NULL,0,'Categories','categories',854451430,1,12,NULL,NULL,NULL,NULL,NULL,'2013-05-15 15:46:21','2013-05-15 15:46:21'),(1001,1000,0,'Clothing','categories/clothing',854451430,2,7,NULL,NULL,NULL,NULL,NULL,'2013-05-15 15:46:21','2013-05-15 15:46:21'),(1002,1000,1,'Bags','categories/bags',854451430,8,9,NULL,NULL,NULL,NULL,NULL,'2013-05-15 15:46:21','2013-05-15 15:46:21'),(1003,1000,2,'Mugs','categories/mugs',854451430,10,11,NULL,NULL,NULL,NULL,NULL,'2013-05-15 15:46:21','2013-05-15 15:46:21'),(2000,1001,0,'Shirts','categories/clothing/shirts',854451430,3,6,NULL,NULL,NULL,NULL,NULL,'2013-05-15 15:46:21','2013-05-15 15:46:21'),(3000,2000,0,'T-Shirts','categories/clothing/shirts/t-shirts',854451430,4,5,NULL,NULL,NULL,NULL,NULL,'2013-05-15 15:46:21','2013-05-15 15:46:21'),(20000,NULL,0,'Brands','brands',475199832,13,22,NULL,NULL,NULL,NULL,NULL,'2013-05-15 15:46:21','2013-05-15 15:46:21'),(31989848,20000,1,'Ruby on Rails','brands/ruby-on-rails',475199832,14,15,NULL,NULL,NULL,NULL,NULL,'2013-05-15 15:46:21','2013-05-15 15:46:21'),(207281424,20000,0,'Ruby','brands/ruby',475199832,16,17,NULL,NULL,NULL,NULL,NULL,'2013-05-15 15:46:21','2013-05-15 15:46:21'),(307170551,20000,2,'Apache','brands/apache',475199832,18,19,NULL,NULL,NULL,NULL,NULL,'2013-05-15 15:46:21','2013-05-15 15:46:21'),(558398358,20000,3,'Spree','brands/spree',475199832,20,21,NULL,NULL,NULL,NULL,NULL,'2013-05-15 15:46:21','2013-05-15 15:46:21');
/*!40000 ALTER TABLE `spree_taxons` ENABLE KEYS */;
UNLOCK TABLES;

--
-- Table structure for table `spree_tokenized_permissions`
--

DROP TABLE IF EXISTS `spree_tokenized_permissions`;
/*!40101 SET @saved_cs_client     = @@character_set_client */;
/*!40101 SET character_set_client = utf8 */;
CREATE TABLE `spree_tokenized_permissions` (
  `id` int(11) NOT NULL AUTO_INCREMENT,
  `permissable_id` int(11) DEFAULT NULL,
  `permissable_type` varchar(255) DEFAULT NULL,
  `token` varchar(255) DEFAULT NULL,
  `created_at` datetime NOT NULL,
  `updated_at` datetime NOT NULL,
  PRIMARY KEY (`id`),
  KEY `index_tokenized_name_and_type` (`permissable_id`,`permissable_type`)
) ENGINE=InnoDB AUTO_INCREMENT=3 DEFAULT CHARSET=latin1;
/*!40101 SET character_set_client = @saved_cs_client */;

--
-- Dumping data for table `spree_tokenized_permissions`
--

LOCK TABLES `spree_tokenized_permissions` WRITE;
/*!40000 ALTER TABLE `spree_tokenized_permissions` DISABLE KEYS */;
INSERT INTO `spree_tokenized_permissions` VALUES (1,1069267030,'Spree::Order','39a7a36606a0a662','2013-05-15 18:10:12','2013-05-15 18:10:12'),(2,1069267031,'Spree::Order','b47c32872a634b9f','2013-05-16 00:23:54','2013-05-16 00:23:54');
/*!40000 ALTER TABLE `spree_tokenized_permissions` ENABLE KEYS */;
UNLOCK TABLES;

--
-- Table structure for table `spree_trackers`
--

DROP TABLE IF EXISTS `spree_trackers`;
/*!40101 SET @saved_cs_client     = @@character_set_client */;
/*!40101 SET character_set_client = utf8 */;
CREATE TABLE `spree_trackers` (
  `id` int(11) NOT NULL AUTO_INCREMENT,
  `environment` varchar(255) DEFAULT NULL,
  `analytics_id` varchar(255) DEFAULT NULL,
  `active` tinyint(1) DEFAULT '1',
  `created_at` datetime NOT NULL,
  `updated_at` datetime NOT NULL,
  PRIMARY KEY (`id`)
) ENGINE=InnoDB DEFAULT CHARSET=latin1;
/*!40101 SET character_set_client = @saved_cs_client */;

--
-- Dumping data for table `spree_trackers`
--

LOCK TABLES `spree_trackers` WRITE;
/*!40000 ALTER TABLE `spree_trackers` DISABLE KEYS */;
/*!40000 ALTER TABLE `spree_trackers` ENABLE KEYS */;
UNLOCK TABLES;

--
-- Table structure for table `spree_users`
--

DROP TABLE IF EXISTS `spree_users`;
/*!40101 SET @saved_cs_client     = @@character_set_client */;
/*!40101 SET character_set_client = utf8 */;
CREATE TABLE `spree_users` (
  `id` int(11) NOT NULL AUTO_INCREMENT,
  `encrypted_password` varchar(128) DEFAULT NULL,
  `password_salt` varchar(128) DEFAULT NULL,
  `email` varchar(255) DEFAULT NULL,
  `remember_token` varchar(255) DEFAULT NULL,
  `persistence_token` varchar(255) DEFAULT NULL,
  `reset_password_token` varchar(255) DEFAULT NULL,
  `perishable_token` varchar(255) DEFAULT NULL,
  `sign_in_count` int(11) NOT NULL DEFAULT '0',
  `failed_attempts` int(11) NOT NULL DEFAULT '0',
  `last_request_at` datetime DEFAULT NULL,
  `current_sign_in_at` datetime DEFAULT NULL,
  `last_sign_in_at` datetime DEFAULT NULL,
  `current_sign_in_ip` varchar(255) DEFAULT NULL,
  `last_sign_in_ip` varchar(255) DEFAULT NULL,
  `login` varchar(255) DEFAULT NULL,
  `ship_address_id` int(11) DEFAULT NULL,
  `bill_address_id` int(11) DEFAULT NULL,
  `authentication_token` varchar(255) DEFAULT NULL,
  `unlock_token` varchar(255) DEFAULT NULL,
  `locked_at` datetime DEFAULT NULL,
  `reset_password_sent_at` datetime DEFAULT NULL,
  `created_at` datetime NOT NULL,
  `updated_at` datetime NOT NULL,
  `spree_api_key` varchar(48) DEFAULT NULL,
  `remember_created_at` datetime DEFAULT NULL,
  PRIMARY KEY (`id`),
  UNIQUE KEY `email_idx_unique` (`email`)
) ENGINE=InnoDB AUTO_INCREMENT=2 DEFAULT CHARSET=latin1;
/*!40101 SET character_set_client = @saved_cs_client */;

--
-- Dumping data for table `spree_users`
--

LOCK TABLES `spree_users` WRITE;
/*!40000 ALTER TABLE `spree_users` DISABLE KEYS */;
INSERT INTO `spree_users` VALUES (1,'81ead7f786fcb29ff42ac87a44b351430be6d0991552f02cd641b77914e1f53e85086b09b84dda6be18a62f23e5336f49b0d1b8141f51eadd060b9ac3ecbd082','At3uctcjA6GnB11MXqCJ','spree@example.com','jddMstIK52lfhdJ-d-tE',NULL,NULL,NULL,9,0,NULL,'2013-06-03 22:41:14','2013-05-23 22:17:54','127.0.0.1','127.0.0.1','spree@example.com',NULL,NULL,NULL,NULL,NULL,NULL,'2013-05-15 15:46:12','2013-06-03 22:41:14',NULL,'2013-05-16 00:23:53');
/*!40000 ALTER TABLE `spree_users` ENABLE KEYS */;
UNLOCK TABLES;

--
-- Table structure for table `spree_variants`
--

DROP TABLE IF EXISTS `spree_variants`;
/*!40101 SET @saved_cs_client     = @@character_set_client */;
/*!40101 SET character_set_client = utf8 */;
CREATE TABLE `spree_variants` (
  `id` int(11) NOT NULL AUTO_INCREMENT,
  `sku` varchar(255) NOT NULL DEFAULT '',
  `weight` decimal(8,2) DEFAULT NULL,
  `height` decimal(8,2) DEFAULT NULL,
  `width` decimal(8,2) DEFAULT NULL,
  `depth` decimal(8,2) DEFAULT NULL,
  `deleted_at` datetime DEFAULT NULL,
  `is_master` tinyint(1) DEFAULT '0',
  `product_id` int(11) DEFAULT NULL,
  `count_on_hand` int(11) DEFAULT '0',
  `cost_price` decimal(8,2) DEFAULT NULL,
  `cost_currency` varchar(255) DEFAULT NULL,
  `position` int(11) DEFAULT NULL,
  `lock_version` int(11) DEFAULT '0',
  `on_demand` tinyint(1) DEFAULT '0',
  PRIMARY KEY (`id`),
  KEY `index_spree_variants_on_product_id` (`product_id`)
) ENGINE=InnoDB AUTO_INCREMENT=1013589413 DEFAULT CHARSET=latin1;
/*!40101 SET character_set_client = @saved_cs_client */;

--
-- Dumping data for table `spree_variants`
--

LOCK TABLES `spree_variants` WRITE;
/*!40000 ALTER TABLE `spree_variants` DISABLE KEYS */;
INSERT INTO `spree_variants` VALUES (11550984,'SPR-00002',NULL,NULL,NULL,NULL,NULL,0,528469905,10,17.00,NULL,NULL,0,0),(52862384,'ROR-00014',NULL,NULL,NULL,NULL,NULL,1,248786582,10,11.00,NULL,NULL,0,0),(78660486,'SPR-00013',NULL,NULL,NULL,NULL,NULL,1,398400663,10,17.00,NULL,NULL,0,0),(97292824,'ROR-00006',NULL,NULL,NULL,NULL,NULL,0,1025786064,14,17.00,NULL,NULL,0,0),(157039898,'APC-00001',NULL,NULL,NULL,NULL,NULL,1,706676762,10,17.00,NULL,NULL,0,0),(205047256,'ROR-00010',NULL,NULL,NULL,NULL,NULL,0,1025786064,10,20.00,NULL,NULL,0,0),(215054540,'ROR-00011',NULL,NULL,NULL,NULL,NULL,1,459084718,10,13.00,NULL,NULL,0,0),(219452125,'ROR-001',NULL,NULL,NULL,NULL,NULL,1,1025786064,10,17.00,NULL,NULL,0,0),(265742438,'ROR-00009',NULL,NULL,NULL,NULL,NULL,0,1025786064,10,17.00,NULL,NULL,0,0),(284430812,'SPR-00008',NULL,NULL,NULL,NULL,NULL,0,528469905,10,17.00,NULL,NULL,0,0),(325821322,'ROR-00001',NULL,NULL,NULL,NULL,NULL,0,1025786064,10,17.00,NULL,NULL,0,0),(336514991,'RUB-00001',NULL,NULL,NULL,NULL,NULL,1,569012001,10,17.00,NULL,NULL,0,0),(405540681,'ROR-00008',NULL,NULL,NULL,NULL,NULL,0,1025786064,10,17.00,NULL,NULL,0,0),(429921481,'ROR-00015',NULL,NULL,NULL,NULL,NULL,1,187438981,10,17.00,NULL,NULL,0,0),(438855057,'SPR-00011',NULL,NULL,NULL,NULL,NULL,1,176895127,10,13.00,NULL,NULL,0,0),(451832754,'SPR-00005',NULL,NULL,NULL,NULL,NULL,0,528469905,10,17.00,NULL,NULL,0,0),(489273655,'ROR-00013',NULL,NULL,NULL,NULL,NULL,1,1060500592,10,17.00,NULL,NULL,0,0),(504220342,'ROR-00012',NULL,NULL,NULL,NULL,NULL,1,723959550,10,21.00,NULL,NULL,0,0),(529709246,'ROR-00003',NULL,NULL,NULL,NULL,NULL,0,1025786064,10,17.00,NULL,NULL,0,0),(568516732,'ROR-00007',NULL,NULL,NULL,NULL,NULL,0,1025786064,1,17.00,NULL,NULL,0,0),(599112055,'ROR-00016',NULL,NULL,NULL,NULL,NULL,1,1035865702,10,15.00,NULL,NULL,0,0),(664770399,'ROR-00005',NULL,NULL,NULL,NULL,NULL,0,1025786064,10,17.00,NULL,NULL,0,0),(726086391,'SPR-00001',NULL,NULL,NULL,NULL,NULL,1,528469905,10,17.00,NULL,NULL,0,0),(748173072,'SPR-00014',NULL,NULL,NULL,NULL,NULL,1,596960057,10,11.00,NULL,NULL,0,0),(833839126,'SPR-00012',NULL,NULL,NULL,NULL,NULL,1,107377505,10,21.00,NULL,NULL,0,0),(947339321,'ROR-00004',NULL,NULL,NULL,NULL,NULL,0,1025786064,3,17.00,NULL,NULL,0,0),(954827632,'SPR-00015',NULL,NULL,NULL,NULL,NULL,1,500501192,10,17.00,NULL,NULL,0,0),(1001480408,'SPR-00016',NULL,NULL,NULL,NULL,NULL,1,302032070,10,15.00,NULL,NULL,0,0),(1013589412,'ROR-00002',NULL,NULL,NULL,NULL,NULL,0,1025786064,10,17.00,NULL,NULL,0,0);
/*!40000 ALTER TABLE `spree_variants` ENABLE KEYS */;
UNLOCK TABLES;

--
-- Table structure for table `spree_volume_prices`
--

DROP TABLE IF EXISTS `spree_volume_prices`;
/*!40101 SET @saved_cs_client     = @@character_set_client */;
/*!40101 SET character_set_client = utf8 */;
CREATE TABLE `spree_volume_prices` (
  `id` int(11) NOT NULL AUTO_INCREMENT,
  `variant_id` int(11) DEFAULT NULL,
  `name` varchar(255) DEFAULT NULL,
  `range` varchar(255) DEFAULT NULL,
  `amount` decimal(8,2) DEFAULT NULL,
  `position` int(11) DEFAULT NULL,
  `created_at` datetime NOT NULL,
  `updated_at` datetime NOT NULL,
  `discount_type` varchar(255) DEFAULT NULL,
  PRIMARY KEY (`id`)
) ENGINE=InnoDB DEFAULT CHARSET=latin1;
/*!40101 SET character_set_client = @saved_cs_client */;

--
-- Dumping data for table `spree_volume_prices`
--

LOCK TABLES `spree_volume_prices` WRITE;
/*!40000 ALTER TABLE `spree_volume_prices` DISABLE KEYS */;
/*!40000 ALTER TABLE `spree_volume_prices` ENABLE KEYS */;
UNLOCK TABLES;

--
-- Table structure for table `spree_zone_members`
--

DROP TABLE IF EXISTS `spree_zone_members`;
/*!40101 SET @saved_cs_client     = @@character_set_client */;
/*!40101 SET character_set_client = utf8 */;
CREATE TABLE `spree_zone_members` (
  `id` int(11) NOT NULL AUTO_INCREMENT,
  `zoneable_id` int(11) DEFAULT NULL,
  `zoneable_type` varchar(255) DEFAULT NULL,
  `zone_id` int(11) DEFAULT NULL,
  `created_at` datetime NOT NULL,
  `updated_at` datetime NOT NULL,
  PRIMARY KEY (`id`)
) ENGINE=InnoDB AUTO_INCREMENT=1017582645 DEFAULT CHARSET=latin1;
/*!40101 SET character_set_client = @saved_cs_client */;

--
-- Dumping data for table `spree_zone_members`
--

LOCK TABLES `spree_zone_members` WRITE;
/*!40000 ALTER TABLE `spree_zone_members` DISABLE KEYS */;
INSERT INTO `spree_zone_members` VALUES (4914820,13,'Spree::Country',1,'2009-06-04 13:22:26','2009-06-04 13:22:26'),(5807739,96,'Spree::Country',1,'2009-06-04 13:22:26','2009-06-04 13:22:26'),(35022990,188,'Spree::Country',1,'2009-06-04 13:22:26','2009-06-04 13:22:26'),(91991191,163,'Spree::Country',1,'2009-06-04 13:22:26','2009-06-04 13:22:26'),(120011419,52,'Spree::Country',1,'2009-06-04 13:22:26','2009-06-04 13:22:26'),(120937060,117,'Spree::Country',1,'2009-06-04 13:22:26','2009-06-04 13:22:26'),(195044517,214,'Spree::Country',2,'2009-06-04 17:22:41','2009-06-04 17:22:41'),(244414130,68,'Spree::Country',1,'2009-06-04 13:22:26','2009-06-04 13:22:26'),(394938353,162,'Spree::Country',1,'2009-06-04 13:22:26','2009-06-04 13:22:26'),(423866172,20,'Spree::Country',1,'2009-06-04 13:22:26','2009-06-04 13:22:26'),(424792003,90,'Spree::Country',1,'2009-06-04 13:22:26','2009-06-04 13:22:26'),(477297967,184,'Spree::Country',1,'2009-06-04 13:22:26','2009-06-04 13:22:26'),(506358563,53,'Spree::Country',1,'2009-06-04 13:22:26','2009-06-04 13:22:26'),(507251676,116,'Spree::Country',1,'2009-06-04 13:22:26','2009-06-04 13:22:26'),(546142054,142,'Spree::Country',1,'2009-06-04 13:22:26','2009-06-04 13:22:26'),(690576312,62,'Spree::Country',1,'2009-06-04 13:22:26','2009-06-04 13:22:26'),(691747661,110,'Spree::Country',1,'2009-06-04 13:22:26','2009-06-04 13:22:26'),(729140670,183,'Spree::Country',1,'2009-06-04 13:22:26','2009-06-04 13:22:26'),(739772837,213,'Spree::Country',1,'2009-06-04 13:22:26','2009-06-04 13:22:26'),(776249265,30,'Spree::Country',1,'2009-06-04 13:22:26','2009-06-04 13:22:26'),(777453396,74,'Spree::Country',1,'2009-06-04 13:22:26','2009-06-04 13:22:26'),(807406092,51,'Spree::Country',1,'2009-06-04 13:22:26','2009-06-04 13:22:26'),(808610553,125,'Spree::Country',1,'2009-06-04 13:22:26','2009-06-04 13:22:26'),(847027202,167,'Spree::Country',1,'2009-06-04 13:22:26','2009-06-04 13:22:26'),(890329113,194,'Spree::Country',1,'2009-06-04 13:22:26','2009-06-04 13:22:26'),(929017584,98,'Spree::Country',1,'2009-06-04 13:22:26','2009-06-04 13:22:26'),(966149671,67,'Spree::Country',1,'2009-06-04 13:22:26','2009-06-04 13:22:26'),(1017582644,35,'Spree::Country',2,'2009-06-04 17:22:41','2009-06-04 17:22:41');
/*!40000 ALTER TABLE `spree_zone_members` ENABLE KEYS */;
UNLOCK TABLES;

--
-- Table structure for table `spree_zones`
--

DROP TABLE IF EXISTS `spree_zones`;
/*!40101 SET @saved_cs_client     = @@character_set_client */;
/*!40101 SET character_set_client = utf8 */;
CREATE TABLE `spree_zones` (
  `id` int(11) NOT NULL AUTO_INCREMENT,
  `name` varchar(255) DEFAULT NULL,
  `description` varchar(255) DEFAULT NULL,
  `default_tax` tinyint(1) DEFAULT '0',
  `zone_members_count` int(11) DEFAULT '0',
  `created_at` datetime NOT NULL,
  `updated_at` datetime NOT NULL,
  PRIMARY KEY (`id`)
) ENGINE=InnoDB AUTO_INCREMENT=3 DEFAULT CHARSET=latin1;
/*!40101 SET character_set_client = @saved_cs_client */;

--
-- Dumping data for table `spree_zones`
--

LOCK TABLES `spree_zones` WRITE;
/*!40000 ALTER TABLE `spree_zones` DISABLE KEYS */;
INSERT INTO `spree_zones` VALUES (1,'EU_VAT','Countries that make up the EU VAT zone.',0,0,'2009-06-04 17:22:26','2009-06-04 17:22:26'),(2,'North America','USA + Canada',0,0,'2009-06-04 17:22:41','2009-06-04 17:22:41');
/*!40000 ALTER TABLE `spree_zones` ENABLE KEYS */;
UNLOCK TABLES;
/*!40103 SET TIME_ZONE=@OLD_TIME_ZONE */;

/*!40101 SET SQL_MODE=@OLD_SQL_MODE */;
/*!40014 SET FOREIGN_KEY_CHECKS=@OLD_FOREIGN_KEY_CHECKS */;
/*!40014 SET UNIQUE_CHECKS=@OLD_UNIQUE_CHECKS */;
/*!40101 SET CHARACTER_SET_CLIENT=@OLD_CHARACTER_SET_CLIENT */;
/*!40101 SET CHARACTER_SET_RESULTS=@OLD_CHARACTER_SET_RESULTS */;
/*!40101 SET COLLATION_CONNECTION=@OLD_COLLATION_CONNECTION */;
/*!40111 SET SQL_NOTES=@OLD_SQL_NOTES */;

-- Dump completed on 2013-06-03 21:45:46
